datetime,headline,summary,source,url,date,text,sentiment
2025-05-13 18:15:00,Car prices: Customers in 'confusing situation' amid tariff shocks,"Used car prices fell by 0.5% month-over-month, according to April's Consumer Price Index (CPI) report release Tuesday morning, new vehicle prices remained flat from March. AutoGuide Editorial Director Greg Migliore sits down with Wealth's Brad Smith to talk about how American auto companies are already forecasting profit hits from President Trump's tariffs in the coming quarter, while also sharing his outlook on auto prices for prospective buyers ahead of the summer buying season. To watch more ",Yahoo,https://finnhub.io/api/news?id=363dd3e63f99a82ca1aecf571815330954f8044bac1cf9612655f5f920111187,2025-05-13,"Car prices: Customers in 'confusing situation' amid tariff shocks. Used car prices fell by 0.5% month-over-month, according to April's Consumer Price Index (CPI) report release Tuesday morning, new vehicle prices remained flat from March. AutoGuide Editorial Director Greg Migliore sits down with Wealth's Brad Smith to talk about how American auto companies are already forecasting profit hits from President Trump's tariffs in the coming quarter, while also sharing his outlook on auto prices for p",0.296
2025-05-13 16:00:08,Rivian Automotive (RIVN) Is Up 3.11% in One Week: What You Should Know,Does Rivian Automotive (RIVN) have what it takes to be a top stock pick for momentum investors? Let's find out.,Yahoo,https://finnhub.io/api/news?id=de0400339bfe944e5f087bbf2d6c55a676e08f4f4b742dabcc27546822b6a412,2025-05-13,Rivian Automotive (RIVN) Is Up 3.11% in One Week: What You Should Know. Does Rivian Automotive (RIVN) have what it takes to be a top stock pick for momentum investors? Let's find out.,0.2023
2025-05-13 15:10:28,Charged: Tesla’s China-made EV sales down in April,"Institutional investors and professional traders rely on The Fly to keep up-to-the-second on breaking news in the electric vehicle and clean energy space, as well as which stocks in these sectors that the best analysts on Wall Street are saying to buy and sell. From the hotly-debated high-flier Tesla (TSLA), Wall Street’s newest darling Rivian (RIVN), traditional-stalwarts turned EV-upstarts GM (GM) and Ford (F) to the numerous SPAC-deal makers that have come public in this red-hot space, The Fl",Yahoo,https://finnhub.io/api/news?id=f9d93faa5a4d5bbaa2965432e185f01e61ad552a04a56dad8029356aa621fb3d,2025-05-13,"Charged: Tesla’s China-made EV sales down in April. Institutional investors and professional traders rely on The Fly to keep up-to-the-second on breaking news in the electric vehicle and clean energy space, as well as which stocks in these sectors that the best analysts on Wall Street are saying to buy and sell. From the hotly-debated high-flier Tesla (TSLA), Wall Street’s newest darling Rivian (RIVN), traditional-stalwarts turned EV-upstarts GM (GM) and Ford (F) to the numerous SPAC-deal makers",0.9201
2025-05-13 14:00:00,Maybe 2025 Won't Be Such a Quiet Year for Rivian,"Rivian is also initiating its first major marketing campaign.  Rivian Automotive (NASDAQ: RIVN) has come a long way in such a short time.  It's challenging to produce vehicles, let alone make high-quality ones that are well-received by critics and consumers alike -- and Rivian has achieved that goal.",Yahoo,https://finnhub.io/api/news?id=64cad92d80fd7501c1c93c66df27a23a804344a5a709a654fb6eff29ee24a00c,2025-05-13,"Maybe 2025 Won't Be Such a Quiet Year for Rivian. Rivian is also initiating its first major marketing campaign.  Rivian Automotive (NASDAQ: RIVN) has come a long way in such a short time.  It's challenging to produce vehicles, let alone make high-quality ones that are well-received by critics and consumers alike -- and Rivian has achieved that goal.",-0.3818
2025-05-13 10:39:31,Rivian Automotive Stock (RIVN) Goes Rangebound as Q1 Beat Meets Cautious Outlook,"EV maker Rivian Automotive (RIVN) delivered surprisingly strong Q1 2025 results last week, and yet, market participants chose to focus on management’s forward guidance, which has put the stock into rangebound mode. The company reported a significant revenue boost while its loss per share narrowed to $0.41, which was much better than the anticipated $0.76 loss and marks substantial progress toward profitability. Perhaps most encouraging was Rivian’s second consecutive quarter of gross profit, rea",Yahoo,https://finnhub.io/api/news?id=b9d109f3900074250db964b71d927de6f7366506bf1f961b870256569258d5cc,2025-05-13,"Rivian Automotive Stock (RIVN) Goes Rangebound as Q1 Beat Meets Cautious Outlook. EV maker Rivian Automotive (RIVN) delivered surprisingly strong Q1 2025 results last week, and yet, market participants chose to focus on management’s forward guidance, which has put the stock into rangebound mode. The company reported a significant revenue boost while its loss per share narrowed to $0.41, which was much better than the anticipated $0.76 loss and marks substantial progress toward profitability. Per",0.93
2025-05-12 20:45:00,House Bill Would Scrap EV Tax Credit,Tax credits that powered electric-vehicle sales for years could soon disappear under legislation proposed Monday.  The House Ways and Means Committee introduced a bill Monday that would eliminate tax benefits for most electric-vehicle purchases by the end of 2026.  The proposed legislation tackles three of the main tax credits that buyers have used to lower the cost of switching to an electric vehicle.,Yahoo,https://finnhub.io/api/news?id=ab18223748efe2ccfcfc57af20703960734ac2b3d7107f18ea0e96dfd84e9142,2025-05-12,House Bill Would Scrap EV Tax Credit. Tax credits that powered electric-vehicle sales for years could soon disappear under legislation proposed Monday.  The House Ways and Means Committee introduced a bill Monday that would eliminate tax benefits for most electric-vehicle purchases by the end of 2026.  The proposed legislation tackles three of the main tax credits that buyers have used to lower the cost of switching to an electric vehicle.,0.7269
2025-05-12 20:15:00,Rivian Stock Gets an Oddly Specific Price-Target Increase. Shares Are Up.,"The stock fell after the EV maker reported its results last week, but Wall Street analysts remained positive.",Yahoo,https://finnhub.io/api/news?id=239d74f6d1330abf06d9c05c2a175e5623b68c2972ba32b4e4a7c36474ebd436,2025-05-12,"Rivian Stock Gets an Oddly Specific Price-Target Increase. Shares Are Up.. The stock fell after the EV maker reported its results last week, but Wall Street analysts remained positive.",0.7992
2025-05-12 13:03:01,Shares of auto and auto parts stocks are trading higher after the US and China agreed to a temporary reduction in most tariffs on each other's goods. This could alleviate supply chain uncertainty in the sector.,,Benzinga,https://finnhub.io/api/news?id=d83c3eb19faa8b4c1c31c809688a4814b7884fdda38518de453a8526aa6e920a,2025-05-12,Shares of auto and auto parts stocks are trading higher after the US and China agreed to a temporary reduction in most tariffs on each other's goods. This could alleviate supply chain uncertainty in the sector.. ,0.2263
2025-05-12 12:47:23,indie Semiconductor Could Rebound Soon,,SeekingAlpha,https://finnhub.io/api/news?id=61c671c7a89353661f177ab4e2bf5e1bfbd9cbacc2ed2aa7946137045a60fd03,2025-05-12,indie Semiconductor Could Rebound Soon. ,0.0
2025-05-12 03:33:27,Automobile Manufacturing Stocks Q1 Teardown: General Motors (NYSE:GM) Vs The Rest,"The end of the earnings season is always a good time to take a step back and see who shined (and who not so much). Let’s take a look at how automobile manufacturing stocks fared in Q1, starting with General Motors (NYSE:GM).",Yahoo,https://finnhub.io/api/news?id=24e30b374a5818a083e9e74e717b90cb7e3b1f6346ebce5c427c3cfc0a0e9111,2025-05-12,"Automobile Manufacturing Stocks Q1 Teardown: General Motors (NYSE:GM) Vs The Rest. The end of the earnings season is always a good time to take a step back and see who shined (and who not so much). Let’s take a look at how automobile manufacturing stocks fared in Q1, starting with General Motors (NYSE:GM).",0.4404
2025-05-11 15:51:00,Invesco Convertible Securities Fund Q1 2025 Commentary,"Convertibles (as measured by the ICE BofA US Convertible Index) lost 2.14% for the first quarter, compared to the S&P 500 Index, which lost 4.27%. Read more here.",SeekingAlpha,https://finnhub.io/api/news?id=d09e393b5d10273aab13e502aff24839414ec416c6f0d2b7af102747a2f6c54f,2025-05-11,"Invesco Convertible Securities Fund Q1 2025 Commentary. Convertibles (as measured by the ICE BofA US Convertible Index) lost 2.14% for the first quarter, compared to the S&P 500 Index, which lost 4.27%. Read more here.",-0.34
2025-05-11 15:00:00,Should You Buy Rivian Stock While It Is Still Below $15?,"Rivian stock is sinking after the company reported stagnant delivery figures.  While the sector has a ton of potential, Rivian looks very risky at the moment.  Few companies have survived the boom and bust of the electric vehicle sector in the last five years.",Yahoo,https://finnhub.io/api/news?id=aa473955b6cad7b5ed993079c0b90d95e880b8131c6a0789c51e5ab609cb3bc0,2025-05-11,"Should You Buy Rivian Stock While It Is Still Below $15?. Rivian stock is sinking after the company reported stagnant delivery figures.  While the sector has a ton of potential, Rivian looks very risky at the moment.  Few companies have survived the boom and bust of the electric vehicle sector in the last five years.",0.2975
2025-05-11 12:30:00,Rivian: Should You Buy the Stock Before Its Next Big Milestone?,"Rivian reached another big milestone, turning a gross profit for the second straight quarter.  The electric vehicle maker is looking to advance its higher-margin software platform.  Rivian Automotive (NASDAQ: RIVN) reached a big milestone when it reported its first-quarter results, producing a gross profit for the second consecutive quarter.",Yahoo,https://finnhub.io/api/news?id=e187d742393d9d7b834567ef7e4b9a38bcce81804cf76d3615aea25cc4ade9f3,2025-05-11,"Rivian: Should You Buy the Stock Before Its Next Big Milestone?. Rivian reached another big milestone, turning a gross profit for the second straight quarter.  The electric vehicle maker is looking to advance its higher-margin software platform.  Rivian Automotive (NASDAQ: RIVN) reached a big milestone when it reported its first-quarter results, producing a gross profit for the second consecutive quarter.",0.3182
2025-05-10 22:05:00,"If Tesla Is Only Selling This Many Trucks, How Much Growth Is There for Rivian?","Tesla sold nearly 1.8 million electric vehicles in 2024.  The vast majority of the EVs Tesla sold were sedans and SUVs.  If Tesla is having trouble selling the electric trucks it makes, could Rivian's focus on trucks be a stumbling block?",Yahoo,https://finnhub.io/api/news?id=eeb7141142457d98547cd5312c4e375bd945266ffcdaa5892b031c37a6960cdc,2025-05-10,"If Tesla Is Only Selling This Many Trucks, How Much Growth Is There for Rivian?. Tesla sold nearly 1.8 million electric vehicles in 2024.  The vast majority of the EVs Tesla sold were sedans and SUVs.  If Tesla is having trouble selling the electric trucks it makes, could Rivian's focus on trucks be a stumbling block?",-0.5204
2025-05-10 18:32:00,Is Rivian Stock a buy Amid President Trump's Tariffs?,President Trump's tariffs are weighing on automakers.  Rivian cut its vehicle-deliveries forecast amid the uncertainty.  Rivian (NASDAQ: RIVN) has emerged as one of the most promising U.S.-based electric vehicle (EV) companies over the past several years.,Yahoo,https://finnhub.io/api/news?id=3108bf250f68f655f98d29bddd7316e9c1c82607395a528b4c0dab5dd5bf6dc2,2025-05-10,Is Rivian Stock a buy Amid President Trump's Tariffs?. President Trump's tariffs are weighing on automakers.  Rivian cut its vehicle-deliveries forecast amid the uncertainty.  Rivian (NASDAQ: RIVN) has emerged as one of the most promising U.S.-based electric vehicle (EV) companies over the past several years.,-0.1298
2025-05-10 09:45:00,Rivian Has A Demand Problem,"Rivian's Q1 2025 revenue beats estimates despite auto sales drop. Read more about RIVN's improved margins, VW partnership, and delivery guidance cuts.",SeekingAlpha,https://finnhub.io/api/news?id=000ba8982d23794e81e87729fb8a05641f8213a235773c3e4e666be452a1b115,2025-05-10,"Rivian Has A Demand Problem. Rivian's Q1 2025 revenue beats estimates despite auto sales drop. Read more about RIVN's improved margins, VW partnership, and delivery guidance cuts.",-0.0573
2025-05-09 13:47:21,Slate CEO: We've raised nearly $700M from backers like Bezos for US-built EVs,EV startup Slate announced the company isn’t done raising funds.,Yahoo,https://finnhub.io/api/news?id=bf18fa81bad9f845486be502a09a1f812d3e207472d8c0a1fba8fd49c13502a7,2025-05-09,Slate CEO: We've raised nearly $700M from backers like Bezos for US-built EVs. EV startup Slate announced the company isn’t done raising funds.,0.3612
2025-05-09 10:54:29,"Rivian Automotive, Inc. (NASDAQ:RIVN) Just Reported First-Quarter Earnings: Have Analysts Changed Their Mind On The Stock?","Rivian Automotive, Inc. ( NASDAQ:RIVN ) investors will be delighted, with the company turning in some strong numbers...",Yahoo,https://finnhub.io/api/news?id=69541ca16ec654e42e866c6bc51fea46eef41c44c01431e0cea889266a806ce6,2025-05-09,"Rivian Automotive, Inc. (NASDAQ:RIVN) Just Reported First-Quarter Earnings: Have Analysts Changed Their Mind On The Stock?. Rivian Automotive, Inc. ( NASDAQ:RIVN ) investors will be delighted, with the company turning in some strong numbers...",0.765
2025-05-09 04:38:11,3 Volatile Stocks in the Doghouse,"A highly volatile stock can deliver big gains - or just as easily wipe out a portfolio if things go south. While some investors embrace risk, mistakes can be costly for those who aren’t prepared.",Yahoo,https://finnhub.io/api/news?id=2db14e449979ab9b87cb95f696990414aac229062adfc47502655116b893ad1b,2025-05-09,"3 Volatile Stocks in the Doghouse. A highly volatile stock can deliver big gains - or just as easily wipe out a portfolio if things go south. While some investors embrace risk, mistakes can be costly for those who aren’t prepared.",0.4588
2025-05-09 04:30:21,Rivian: Near-Term Deliveries Cut Has No Bearing On R2's Future,"Rivian's stock dips on delivery outlook revisions, but strong revenue beats hint at higher ASPs. See here to know why we rate RIVN stock a buy.",SeekingAlpha,https://finnhub.io/api/news?id=f5af25d4a41bca76d35649e7a5b4f20d2755444f98c353461ef2c1df18caab2b,2025-05-09,"Rivian: Near-Term Deliveries Cut Has No Bearing On R2's Future. Rivian's stock dips on delivery outlook revisions, but strong revenue beats hint at higher ASPs. See here to know why we rate RIVN stock a buy.",0.5106
2025-05-08 13:35:30,10 Consumer Discretionary Stocks With Whale Alerts In Today's Session, ,Benzinga,https://finnhub.io/api/news?id=5049545d6769210ce461038201db1e0813b35cf63af0ae3848e59710d7636620,2025-05-08,10 Consumer Discretionary Stocks With Whale Alerts In Today's Session.  ,0.0
2025-05-08 11:07:00,"I Think I Just Built a Slate Electric Truck for Under $20,000 -- and Tesla and Rivian Should Be Nervous",Buyers shopping for a basic EV truck might prefer Slate over Tesla or Rivian.,Yahoo,https://finnhub.io/api/news?id=03aef95cb3c99c4102300eaea4a400929dec45244bbe15422584e249d671a5e4,2025-05-08,"I Think I Just Built a Slate Electric Truck for Under $20,000 -- and Tesla and Rivian Should Be Nervous. Buyers shopping for a basic EV truck might prefer Slate over Tesla or Rivian.",-0.2732
2025-05-08 11:00:00,Rivian's Liberation Day Is Already Here - Execution Remains Promising,Rivian navigates tariff wars and peers' challenges with strategic stockpiling and strong partnerships. Click here to find out why I rate RIVN stock a Buy.,SeekingAlpha,https://finnhub.io/api/news?id=54e609a7e3d824b9dd600bf1a626d85c84685219f5ce74c97f6ed8d7ee74fe43,2025-05-08,Rivian's Liberation Day Is Already Here - Execution Remains Promising. Rivian navigates tariff wars and peers' challenges with strategic stockpiling and strong partnerships. Click here to find out why I rate RIVN stock a Buy.,0.4019
2025-05-08 03:32:56,Q1 Rundown: Ford (NYSE:F) Vs Other Automobile Manufacturing Stocks,"Quarterly earnings results are a good time to check in on a company’s progress, especially compared to its peers in the same sector. Today we are looking at Ford (NYSE:F) and the best and worst performers in the automobile manufacturing industry.",Yahoo,https://finnhub.io/api/news?id=1d1b0bfe794ab66699bb67d81f3ca2d6e5e3710ad365dbcc48f6f34542a4e598,2025-05-08,"Q1 Rundown: Ford (NYSE:F) Vs Other Automobile Manufacturing Stocks. Quarterly earnings results are a good time to check in on a company’s progress, especially compared to its peers in the same sector. Today we are looking at Ford (NYSE:F) and the best and worst performers in the automobile manufacturing industry.",0.7003
2025-05-08 03:31:20,Winners And Losers Of Q1: Winnebago (NYSE:WGO) Vs The Rest Of The Automobile Manufacturing Stocks,"The end of the earnings season is always a good time to take a step back and see who shined (and who not so much). Let’s take a look at how automobile manufacturing stocks fared in Q1, starting with Winnebago (NYSE:WGO).",Yahoo,https://finnhub.io/api/news?id=b0e83414d96224c4c86b46e2b91b1c6361ad4afed62120abfbe1fc1ebc9884c2,2025-05-08,"Winners And Losers Of Q1: Winnebago (NYSE:WGO) Vs The Rest Of The Automobile Manufacturing Stocks. The end of the earnings season is always a good time to take a step back and see who shined (and who not so much). Let’s take a look at how automobile manufacturing stocks fared in Q1, starting with Winnebago (NYSE:WGO).",0.3818
2025-05-07 21:10:00,"Rivian, Lucid Stocks Are Strangely Calm After Earnings",Rivian and Lucid both reported first-quarter numbers with positives and negatives. Neither shares are showing the typical volatility.,Yahoo,https://finnhub.io/api/news?id=a15cf842d8cc98deeb9ef4f96fe8e5bfe8eaaa97b5dcd7d1de86660f4884985b,2025-05-07,"Rivian, Lucid Stocks Are Strangely Calm After Earnings. Rivian and Lucid both reported first-quarter numbers with positives and negatives. Neither shares are showing the typical volatility.",0.3843
2025-05-07 20:43:00,"These Stocks Moved the Most Today: Alphabet, Nvidia, Super Micro, Marvell, Disney, Uber, Arista, Sarepta, Charles River, and More","Alphabet stock tumbles on fears AI search providers could one day replace traditional search engines like Google, Super Micro Computer’s guidance for its fiscal fourth quarter misses analysts’ estimates, and Walt Disney stock surges following an earnings beat.",Yahoo,https://finnhub.io/api/news?id=b698ef3486280ec126208b5586c448a2a47af34e880ac9e3f9cbf54a8301b69c,2025-05-07,"These Stocks Moved the Most Today: Alphabet, Nvidia, Super Micro, Marvell, Disney, Uber, Arista, Sarepta, Charles River, and More. Alphabet stock tumbles on fears AI search providers could one day replace traditional search engines like Google, Super Micro Computer’s guidance for its fiscal fourth quarter misses analysts’ estimates, and Walt Disney stock surges following an earnings beat.",0.765
2025-05-07 19:57:01,Rivian Sets Fall AI Day to Chase Tesla,Gen 2 Autonomy Platform and hands-free features lead the charge,Yahoo,https://finnhub.io/api/news?id=795264a1ab0e2e09f527864d5cd6be7413e487450ed103bc3335821c0b395973,2025-05-07,Rivian Sets Fall AI Day to Chase Tesla. Gen 2 Autonomy Platform and hands-free features lead the charge,0.0
2025-05-07 18:18:53,Rivian Automotive (NasdaqGS:RIVN) Updates 2025 Delivery Goals and Reports Reduced Losses,"Rivian Automotive (NasdaqGS:RIVN) recently revised its production guidance, aiming to deliver 40,000 to 46,000 vehicles in 2025, which, along with its improved earnings report for Q1 2025, showing higher revenue and a reduced net loss, likely bolstered its share price by 20% over the past month. The company's positive developments contrast slightly with a market that remained relatively unchanged, as investors awaited Federal Reserve decisions and international trade talks. These actions by...",Yahoo,https://finnhub.io/api/news?id=e020063fa042b03a3355a876520c3b809787fb4085cfc682761c4f86156ccbff,2025-05-07,"Rivian Automotive (NasdaqGS:RIVN) Updates 2025 Delivery Goals and Reports Reduced Losses. Rivian Automotive (NasdaqGS:RIVN) recently revised its production guidance, aiming to deliver 40,000 to 46,000 vehicles in 2025, which, along with its improved earnings report for Q1 2025, showing higher revenue and a reduced net loss, likely bolstered its share price by 20% over the past month. The company's positive developments contrast slightly with a market that remained relatively unchanged, as invest",0.5994
2025-05-07 15:35:59,"Rivian Automotive 2025 Delivery Outlook Cut on Tariff, Policy Headwinds, Wedbush Says",Rivian Automotive (RIVN) lowered its full-year 2025 delivery guidance amid tariff-related uncertaint,Yahoo,https://finnhub.io/api/news?id=9015699734bbd791cfc4f0f5f047f04369dd4b7f8b754f04b76cb2b67d9f2d6a,2025-05-07,"Rivian Automotive 2025 Delivery Outlook Cut on Tariff, Policy Headwinds, Wedbush Says. Rivian Automotive (RIVN) lowered its full-year 2025 delivery guidance amid tariff-related uncertaint",-0.3818
2025-05-07 13:10:21,"Rivian Hits Profit Milestone, Triggers $1 Billion Volkswagen Investment",Rivian Secures $1B Volkswagen Investment After Second Straight Profitable Quarter,Yahoo,https://finnhub.io/api/news?id=1bfb91326f001ab896e4c89d194b9077a9818204da71c67837600cea77148445,2025-05-07,"Rivian Hits Profit Milestone, Triggers $1 Billion Volkswagen Investment. Rivian Secures $1B Volkswagen Investment After Second Straight Profitable Quarter",0.8402
2025-05-07 12:49:39,"Wall Street Mixed Ahead Of Fed Meeting, Alphabet Sinks: What's Driving Markets Wednesday?","U.S. stocks traded mixed at midday Wednesday, as investors remained cautious ahead of the Federal Reserve’s upcoming policy decision, with Chair Jerome Powell set to speak at 2:30 p.m. ET.",Benzinga,https://finnhub.io/api/news?id=dc7e91e6991400faed6b471c0a6fb491ddcf0e521fa81ae76b0abc4877da2d16,2025-05-07,"Wall Street Mixed Ahead Of Fed Meeting, Alphabet Sinks: What's Driving Markets Wednesday?. U.S. stocks traded mixed at midday Wednesday, as investors remained cautious ahead of the Federal Reserve’s upcoming policy decision, with Chair Jerome Powell set to speak at 2:30 p.m. ET.",-0.1027
2025-05-07 12:34:27,Tesla’s EV rival Rivian warns Trump’s trade war means it will sell fewer of its American-made cars than expected,"Rivian warned it will only deliver between 40,000 to 46,000 vehicles in 2025 after 51,600 last year, revising its earlier guidance. Capex spending will also be $200 million more than anticipated.",Yahoo,https://finnhub.io/api/news?id=ec6e48dbd86257c8ea2160a3b93182fe1c0b92119e19c8e4abeb8a26ea23d7c0,2025-05-07,"Tesla’s EV rival Rivian warns Trump’s trade war means it will sell fewer of its American-made cars than expected. Rivian warned it will only deliver between 40,000 to 46,000 vehicles in 2025 after 51,600 last year, revising its earlier guidance. Capex spending will also be $200 million more than anticipated.",-0.7506
2025-05-07 12:31:31,Q1 2025 Rivian Automotive Inc Earnings Presentation,Q1 2025 Rivian Automotive Inc Earnings Presentation,Yahoo,https://finnhub.io/api/news?id=1f17da91ea09a71320dd4f53dd2845ea542e6d6b19af07e40515a0aa940ec0de,2025-05-07,Q1 2025 Rivian Automotive Inc Earnings Presentation. Q1 2025 Rivian Automotive Inc Earnings Presentation,0.0
2025-05-07 11:22:00,"Rivian Q1 Earnings Surpass Expectations, Revenues Rise Y/Y","RIVN reports better-than-expected Q1 results and expects to deliver 40,000 to 46,000 vehicles in 2025, down from the previous estimate of 46,000-51,000 units.",Yahoo,https://finnhub.io/api/news?id=ca6dcfe9a94b38b1f223ba92263c871abb6f1dcd6614bfa081c4a61444b6e8ae,2025-05-07,"Rivian Q1 Earnings Surpass Expectations, Revenues Rise Y/Y. RIVN reports better-than-expected Q1 results and expects to deliver 40,000 to 46,000 vehicles in 2025, down from the previous estimate of 46,000-51,000 units.",0.0
2025-05-07 10:42:51,EV Company News For The Month Of April 2025,Read the latest roundup of news and events in the EV market.,SeekingAlpha,https://finnhub.io/api/news?id=c2cf0b87120eb443688e8441ae41eee648a977b87d633c0e025fe6b244eb05b8,2025-05-07,EV Company News For The Month Of April 2025. Read the latest roundup of news and events in the EV market.,0.0
2025-05-07 10:25:12,Kinetic Partners with Chilton Auto Body to Launch New Digital Repair Hub in the San Francisco Bay Area,"SANTA ANA, Calif. - Kinetic, an automotive infrastructure company that delivers digital repair and servicing for modern vehicles through its growing network of service hubs, today announced it has...",Finnhub,https://finnhub.io/api/news?id=fcd3572dd1e853cc84a8309af48abf502cbae7f43d6a6e8534cca9cfd4bbaf93,2025-05-07,"Kinetic Partners with Chilton Auto Body to Launch New Digital Repair Hub in the San Francisco Bay Area. SANTA ANA, Calif. - Kinetic, an automotive infrastructure company that delivers digital repair and servicing for modern vehicles through its growing network of service hubs, today announced it has...",0.1779
2025-05-07 09:36:00,"These Stocks Are Moving the Most Today: Super Micro, AMD, Novo Nordisk, Sarepta, EA, Rivian, Tesla, and More","Super Micro Computer’s guidance for its fiscal fourth quarter misses analysts’ estimates, while Advanced Micro Devices top earnings forecasts as data-center revenue jumps 57%.",Yahoo,https://finnhub.io/api/news?id=a89bb60bb20fbeed66201135e33147ee04d13701dc66d576d1c37450b161b50a,2025-05-07,"These Stocks Are Moving the Most Today: Super Micro, AMD, Novo Nordisk, Sarepta, EA, Rivian, Tesla, and More. Super Micro Computer’s guidance for its fiscal fourth quarter misses analysts’ estimates, while Advanced Micro Devices top earnings forecasts as data-center revenue jumps 57%.",0.8826
2025-05-07 09:04:38,"Trending tickers: AMD, Novo Nordisk, Rivian, Super Micro and Trainline",The latest investor updates on stocks that are trending on Wednesday.,Yahoo,https://finnhub.io/api/news?id=9f12560a7dc9f300b5cc0c8d5e12373cef4229650edd4f8cb5f047f2bf1af46a,2025-05-07,"Trending tickers: AMD, Novo Nordisk, Rivian, Super Micro and Trainline. The latest investor updates on stocks that are trending on Wednesday.",0.5994
2025-05-07 08:02:17,Rivian receives billion-dollar investment from Volkswagen for production expansion,Copyright © BusinessAMBE 2023Key takeawaysRivian has secured a $1 billion investment from Volkswagen.Volkswagen gets access to Rivian's electronic architecture to address software...,Finnhub,https://finnhub.io/api/news?id=4e67036713563905a3aabb85dc937559617cb692e81bb765051c40dd4a337135,2025-05-07,Rivian receives billion-dollar investment from Volkswagen for production expansion. Copyright © BusinessAMBE 2023Key takeawaysRivian has secured a $1 billion investment from Volkswagen.Volkswagen gets access to Rivian's electronic architecture to address software...,0.4019
2025-05-07 06:33:42,Wall Street Breakfast Podcast: WW International Declares Chapter 11,WW International sinks on Chapter 11 bankruptcy declaration. Stock futures rise on news of U.S.-China trade talks. Rivian unlocks an $1B investment from Volkswagen by recording gross profit.,SeekingAlpha,https://finnhub.io/api/news?id=bc6c8b40fefed405e9d7ecc418111f3be0ad5bc2d654d4cee6d0557effd4108d,2025-05-07,Wall Street Breakfast Podcast: WW International Declares Chapter 11. WW International sinks on Chapter 11 bankruptcy declaration. Stock futures rise on news of U.S.-China trade talks. Rivian unlocks an $1B investment from Volkswagen by recording gross profit.,-0.0516
2025-05-06 22:02:53,"Rivian earnings: EV maker achieves Q1 gross profit, but sees at least $150M capex rise fueled by tariffs","Rivian reported better than expected first quarter results on Tuesday and posted a 2nd straight quarter of gross profits, but President Trump's tariffs on auto parts will push the pure-play EV-maker's capital expenditures higher.",Yahoo,https://finnhub.io/api/news?id=49f501859d30a3ec54eefd773c7693efa8d7d80e2c1b336c67ede27b459cfb05,2025-05-06,"Rivian earnings: EV maker achieves Q1 gross profit, but sees at least $150M capex rise fueled by tariffs. Rivian reported better than expected first quarter results on Tuesday and posted a 2nd straight quarter of gross profits, but President Trump's tariffs on auto parts will push the pure-play EV-maker's capital expenditures higher.",0.7003
2025-05-06 22:00:05,"Rivian Automotive (RIVN) Reports Q1 Loss, Tops Revenue Estimates","Rivian Automotive (RIVN) delivered earnings and revenue surprises of 48.75% and 21.34%, respectively, for the quarter ended March 2025. Do the numbers hold clues to what lies ahead for the stock?",Yahoo,https://finnhub.io/api/news?id=80a2df47a9eeb03af41d2853c4496494f6e55199c034f31666559b5c7b20e66f,2025-05-06,"Rivian Automotive (RIVN) Reports Q1 Loss, Tops Revenue Estimates. Rivian Automotive (RIVN) delivered earnings and revenue surprises of 48.75% and 21.34%, respectively, for the quarter ended March 2025. Do the numbers hold clues to what lies ahead for the stock?",0.3612
2025-05-06 14:54:39,Stocks Pare Losses After Bessent’s Trade Remarks: Markets Wrap,"(Bloomberg) -- Wall Street’s mood remained bound to the repercussions of President Donald Trump’s trade war, with stocks moving away from session lows after Treasury Secretary Scott Bessent signaled negotiations with several commercial partners are going well.Most Read from BloombergThe Battle Over the Fate of Detroit’s Renaissance CenterNYC Real Estate Industry Asks Judge to Block New Broker Fee LawNJ Transit Strike Would Be ‘Disaster’ for Region, Sherrill SaysIceland Plans for a More Volcanic",Yahoo,https://finnhub.io/api/news?id=6bbc4ff5cff12cb7627bc3de9113f714e2c9754d4b9634756bb95598cacfcb34,2025-05-06,"Stocks Pare Losses After Bessent’s Trade Remarks: Markets Wrap. (Bloomberg) -- Wall Street’s mood remained bound to the repercussions of President Donald Trump’s trade war, with stocks moving away from session lows after Treasury Secretary Scott Bessent signaled negotiations with several commercial partners are going well.Most Read from BloombergThe Battle Over the Fate of Detroit’s Renaissance CenterNYC Real Estate Industry Asks Judge to Block New Broker Fee LawNJ Transit Strike Would Be ‘Disas",-0.9118
2025-05-06 21:00:00,Rivian Expects Tariffs to Dent Demand for Its EVs,Rivian Automotive cut its outlook for vehicle deliveries and upped expectations for capital expenditures for the full year.,Yahoo,https://finnhub.io/api/news?id=e8bde8b7b427c9ceb22676eb488f6bc0f9e3601a959896ce3b1bf45649ede58b,2025-05-06,Rivian Expects Tariffs to Dent Demand for Its EVs. Rivian Automotive cut its outlook for vehicle deliveries and upped expectations for capital expenditures for the full year.,-0.3818
2025-05-06 20:59:53,"Rivian Tops Q1 Earnings Views, Cuts 2025 Delivery Target Amid Trump Tariffs","The EV startup beat Q1 earnings views with another quarter of gross profit, but cut delivery targets amid Trump tariffs. Rivian stock fell late.",Yahoo,https://finnhub.io/api/news?id=d5452ce96bad20257c049e175058f048cfc69bcb124b8d645142ae65ade46fb0,2025-05-06,"Rivian Tops Q1 Earnings Views, Cuts 2025 Delivery Target Amid Trump Tariffs. The EV startup beat Q1 earnings views with another quarter of gross profit, but cut delivery targets amid Trump tariffs. Rivian stock fell late.",-0.296
2025-05-06 20:49:57,Rivian (NASDAQ:RIVN) Reports Bullish Q1,"Electric vehicle manufacturer Rivian (NASDAQ:RIVN) reported revenue ahead of Wall Street’s expectations in Q1 CY2025, with sales up 3% year on year to $1.24 billion. Its non-GAAP loss of $0.41 per share was 44.4% above analysts’ consensus estimates.",Yahoo,https://finnhub.io/api/news?id=9962f3e406fd413dc104e1134cad33944da1df16e3a3abdf4dce81f1ee500eef,2025-05-06,"Rivian (NASDAQ:RIVN) Reports Bullish Q1. Electric vehicle manufacturer Rivian (NASDAQ:RIVN) reported revenue ahead of Wall Street’s expectations in Q1 CY2025, with sales up 3% year on year to $1.24 billion. Its non-GAAP loss of $0.41 per share was 44.4% above analysts’ consensus estimates.",-0.0258
2025-05-06 20:26:43,Rivian warns of tariff impact,"Rivian (RIVN) posted first quarter revenue of $1.24 billion, which topped the Bloomberg consensus estimate of $981.2 million. The EV-maker also reported a smaller loss than expected. However, the company did raise its capital expenditure forecast to $1.80 billion to $1.90 billion. Yahoo Finance Senior Autos Reporter Pras Subramanian reports the numbers.  To watch more expert insights and analysis on the latest market action, check out more Market Domination Overtime here.",Yahoo,https://finnhub.io/api/news?id=2b54a9512d0ddf59db6df8ab8c44d4dedbaa93fed593db7a3448238d949c13b5,2025-05-06,"Rivian warns of tariff impact. Rivian (RIVN) posted first quarter revenue of $1.24 billion, which topped the Bloomberg consensus estimate of $981.2 million. The EV-maker also reported a smaller loss than expected. However, the company did raise its capital expenditure forecast to $1.80 billion to $1.90 billion. Yahoo Finance Senior Autos Reporter Pras Subramanian reports the numbers.  To watch more expert insights and analysis on the latest market action, check out more Market Domination Overtim",-0.4902
2025-05-06 20:20:58,"Rivian Automotive, Inc. (RIVN) Q1 2025 Earnings Call Transcript","Rivian Automotive, Inc. (NASDAQ:RIVN) Q1 2025 Earnings Conference Call May 6, 2025 5:00 PM ETCompany ParticipantsDerek Mulvey - Vice President of FinanceRJ...",SeekingAlpha,https://finnhub.io/api/news?id=1924047ea6712cbeda49e775a5af867c1d1e746c7e4088b515ce2ed0434f52ca,2025-05-06,"Rivian Automotive, Inc. (RIVN) Q1 2025 Earnings Call Transcript. Rivian Automotive, Inc. (NASDAQ:RIVN) Q1 2025 Earnings Conference Call May 6, 2025 5:00 PM ETCompany ParticipantsDerek Mulvey - Vice President of FinanceRJ...",0.0
2025-05-06 20:09:11,"EV makers Rivian, Lucid flag increasing costs as tariffs bite","(Reuters) -Electric vehicle makers Rivian  and Lucid warned of higher costs from U.S. tariffs on imported vehicles and auto parts, even as automakers scramble to rework sourcing of critical supplies and minimize disruption.  The specter of tariffs comes amid already slowing EV sales as economic uncertainty sours sentiment for consumers, many of whom are avoiding buying cars or choosing cheaper hybrid vehicles instead.  Rivian CEO RJ Scaringe told Reuters the cost per vehicle was expected to rise",Yahoo,https://finnhub.io/api/news?id=b99e1a82409ed3371c7b83f8ecd42b1488f51c5c8f1054641b1b61993119fd1f,2025-05-06,"EV makers Rivian, Lucid flag increasing costs as tariffs bite. (Reuters) -Electric vehicle makers Rivian  and Lucid warned of higher costs from U.S. tariffs on imported vehicles and auto parts, even as automakers scramble to rework sourcing of critical supplies and minimize disruption.  The specter of tariffs comes amid already slowing EV sales as economic uncertainty sours sentiment for consumers, many of whom are avoiding buying cars or choosing cheaper hybrid vehicles instead.  Rivian CEO RJ ",-0.8658
2025-05-06 20:05:00,Rivian Releases First Quarter 2025 Financial Results,"IRVINE, Calif., May 06, 2025--Rivian Automotive, Inc. (NASDAQ: RIVN) today announced its first-quarter 2025 financial results. Rivian achieved a gross profit of $206 million, its second consecutive quarter of gross profit. Hitting this milestone has unlocked an expected $1 billion investment from Volkswagen Group as part of its investment in Rivian following the formation of their joint venture - Rivian and VW Group Technology, LLC. The investment is expected to be funded on June 30, 2025.*",Yahoo,https://finnhub.io/api/news?id=1915f78acde34fb6dc738ead639415b69394d2905b32ca086d58af2e1303e9e6,2025-05-06,"Rivian Releases First Quarter 2025 Financial Results. IRVINE, Calif., May 06, 2025--Rivian Automotive, Inc. (NASDAQ: RIVN) today announced its first-quarter 2025 financial results. Rivian achieved a gross profit of $206 million, its second consecutive quarter of gross profit. Hitting this milestone has unlocked an expected $1 billion investment from Volkswagen Group as part of its investment in Rivian following the formation of their joint venture - Rivian and VW Group Technology, LLC. The inves",-0.1027
2025-05-06 16:56:13,Rivian Automotive: Q1 Earnings Snapshot,"IRVINE, Calif. — IRVINE, Calif. — Rivian Automotive, Inc. on Tuesday reported a loss of $545 million in its first quarter. On a per-share basis, the Irvine, California-based company said it...",Finnhub,https://finnhub.io/api/news?id=0b9c832f630da1ae8c4114dd706c98daccf6e146e83aac695bfc6e9523168fb1,2025-05-06,"Rivian Automotive: Q1 Earnings Snapshot. IRVINE, Calif. — IRVINE, Calif. — Rivian Automotive, Inc. on Tuesday reported a loss of $545 million in its first quarter. On a per-share basis, the Irvine, California-based company said it...",-0.3182
2025-05-06 16:32:14,"Rivian Q1 Earnings: Double Beat, Record Gross Profit, Delivery Estimates Lowered On Tariff Concerns","Rivian reported Q1 results Tuesday. Here are the key highlights and a look at what&#39;s next, including the latest on the R2.",Benzinga,https://finnhub.io/api/news?id=11f1a0dd7dd4b96970d7e27d09edd1575b6a8d6e80e34772ec78c0e27db14fb1,2025-05-06,"Rivian Q1 Earnings: Double Beat, Record Gross Profit, Delivery Estimates Lowered On Tariff Concerns. Rivian reported Q1 results Tuesday. Here are the key highlights and a look at what&#39;s next, including the latest on the R2.",-0.1779
2025-05-06 16:10:01,"Hims surges, SolarEdge earnings beat, Rivian expands in Illinois","Yahoo Finance host Brad Smith tracks today's top moving stocks and biggest market stories in this Market Minute, including Hims & Hers Health (HIMS) seeing a bump higher in its stock price despite disappointing on guidance, SolarEdge Technologies' (SEDG) first quarter earnings beat, and electric vehicle maker Rivian (RIVN) planning to build out a supplier park in Normal, Illinois. Stay up to date on the latest market action, minute-by-minute, with Yahoo Finance's Market Minute.",Yahoo,https://finnhub.io/api/news?id=8d3297c739184dcb3b25ecd36c5c90b30bd42fdb571c63a3b1362336c7c3ab47,2025-05-06,"Hims surges, SolarEdge earnings beat, Rivian expands in Illinois. Yahoo Finance host Brad Smith tracks today's top moving stocks and biggest market stories in this Market Minute, including Hims & Hers Health (HIMS) seeing a bump higher in its stock price despite disappointing on guidance, SolarEdge Technologies' (SEDG) first quarter earnings beat, and electric vehicle maker Rivian (RIVN) planning to build out a supplier park in Normal, Illinois. Stay up to date on the latest market action, minut",0.5897
2025-05-06 16:05:51,Rivian slashes annual deliveries forecast as US tariffs seen hitting demand,Rivian lowered its deliveries forecast for 2025 on Tuesday as U.S. tariffs on imported vehicles and auto parts threaten to unsettle the economy and hurt demand for its electric SUVs and pickup...,Finnhub,https://finnhub.io/api/news?id=f21af4fd459fd5840d7338e10c4176287d873718915de7e311df8cbffbbab366,2025-05-06,Rivian slashes annual deliveries forecast as US tariffs seen hitting demand. Rivian lowered its deliveries forecast for 2025 on Tuesday as U.S. tariffs on imported vehicles and auto parts threaten to unsettle the economy and hurt demand for its electric SUVs and pickup...,-0.8519
2025-05-06 15:25:48,Charged: Tesla EU sales reportedly plunge in April,"Institutional investors and professional traders rely on The Fly to keep up-to-the-second on breaking news in the electric vehicle and clean energy space, as well as which stocks in these sectors that the best analysts on Wall Street are saying to buy and sell. From the hotly-debated high-flier Tesla (TSLA), Wall Street’s newest darling Rivian (RIVN), traditional-stalwarts turned EV-upstarts GM (GM) and Ford (F) to the numerous SPAC-deal makers that have come public in this red-hot space, The Fl",Yahoo,https://finnhub.io/api/news?id=961110f9745241b4760189ca2b14654590fc8774d2844b0e3d591833346c8382,2025-05-06,"Charged: Tesla EU sales reportedly plunge in April. Institutional investors and professional traders rely on The Fly to keep up-to-the-second on breaking news in the electric vehicle and clean energy space, as well as which stocks in these sectors that the best analysts on Wall Street are saying to buy and sell. From the hotly-debated high-flier Tesla (TSLA), Wall Street’s newest darling Rivian (RIVN), traditional-stalwarts turned EV-upstarts GM (GM) and Ford (F) to the numerous SPAC-deal makers",0.9201
2025-05-06 15:13:59,"Is Rivian Automotive, Inc. (RIVN) Among the Best Car Stocks To Buy In 2025?","We recently compiled a list of the 13 Best Car Stocks To Buy In 2025. In this article, we are going to take a look at where Rivian Automotive, Inc. (NASDAQ:RIVN) stands against the other car stocks. Car stocks are the stock holdings of businesses engaged in the automotive market, such as those that produce automobiles, […]",Yahoo,https://finnhub.io/api/news?id=cb826dce6970fe82fcbd84aebe8ecfe1b272fd3232cd6e1af879f827bacc7649,2025-05-06,"Is Rivian Automotive, Inc. (RIVN) Among the Best Car Stocks To Buy In 2025?. We recently compiled a list of the 13 Best Car Stocks To Buy In 2025. In this article, we are going to take a look at where Rivian Automotive, Inc. (NASDAQ:RIVN) stands against the other car stocks. Car stocks are the stock holdings of businesses engaged in the automotive market, such as those that produce automobiles, […]",0.9022
2025-05-06 14:40:00,Tesla Sales Fell 46% in Germany. That’s Just the Latest Bad News for the Stock.,"As car makers, including Tesla, report first quarter results. The impact of tariffs has become clearer.",Yahoo,https://finnhub.io/api/news?id=d32a7a25f4f24de79eb244262b9f2f6dd39c95679b5fc37d13abf389139b4804,2025-05-06,"Tesla Sales Fell 46% in Germany. That’s Just the Latest Bad News for the Stock.. As car makers, including Tesla, report first quarter results. The impact of tariffs has become clearer.",-0.5423
2025-05-06 13:26:40,"Stocks Fall On Trade Concerns, Oil And Gold Rally: What's Driving Markets Tuesday?","Wall Street edged lower by midday Tuesday as uncertainty surrounding trade policies lingered, with investors adopting a cautious approach ahead of Wednesday’s Federal Reserve meeting.",Benzinga,https://finnhub.io/api/news?id=42a8233fba7cef5d595ca3cb897c35b19d5124d360aece4a5c3fd542c34171c6,2025-05-06,"Stocks Fall On Trade Concerns, Oil And Gold Rally: What's Driving Markets Tuesday?. Wall Street edged lower by midday Tuesday as uncertainty surrounding trade policies lingered, with investors adopting a cautious approach ahead of Wednesday’s Federal Reserve meeting.",-0.6124
2025-05-06 12:48:00,Rivian Stock Seen With Small Tariff Exposure. Earnings Are Coming.,"“Rivian may have the cleanest set-up given its relatively small exposure to the tariffs,” wrote Deutsche Bank analyst Edison Yu.",Yahoo,https://finnhub.io/api/news?id=c8aec5025fd85fcae0319ee490424b6ab404011c38e7cdcbd04116a4dba9332a,2025-05-06,"Rivian Stock Seen With Small Tariff Exposure. Earnings Are Coming.. “Rivian may have the cleanest set-up given its relatively small exposure to the tariffs,” wrote Deutsche Bank analyst Edison Yu.",0.0
2025-05-06 12:40:12,"Is Rivian Automotive, Inc. (RIVN) The Best Stock Under $15 To Buy?","We recently compiled a list of the Best Stocks Under $15 to Buy According to Hedge Funds. In this article, we are going to take a look at where Rivian Automotive, Inc. (NASDAQ:RIVN) stands against the other stocks under $15 to buy. US stocks dropped on Monday, May 5, after President Trump threatened new tariffs […]",Yahoo,https://finnhub.io/api/news?id=af216f91fb235f513d8e564fc979e847def56a91ccf9af61db2bff6b9fb6a02f,2025-05-06,"Is Rivian Automotive, Inc. (RIVN) The Best Stock Under $15 To Buy?. We recently compiled a list of the Best Stocks Under $15 to Buy According to Hedge Funds. In this article, we are going to take a look at where Rivian Automotive, Inc. (NASDAQ:RIVN) stands against the other stocks under $15 to buy. US stocks dropped on Monday, May 5, after President Trump threatened new tariffs […]",0.7506
2025-05-06 11:55:15,"'US House Is Likely to Kill EV Tax Credit, Speaker Johnson Says'- Bloomberg",https://www.bloomberg.com/news/articles/2025-05-06/us-house-is-likely-to-kill-ev-tax-credit-speaker-johnson-says?embedded-checkout=true,Benzinga,https://finnhub.io/api/news?id=278a7c7641fcf7b6768c3df150f716dcae1074ebb4ed55027decb41de6a6a931,2025-05-06,"'US House Is Likely to Kill EV Tax Credit, Speaker Johnson Says'- Bloomberg. https://www.bloomberg.com/news/articles/2025-05-06/us-house-is-likely-to-kill-ev-tax-credit-speaker-johnson-says?embedded-checkout=true",-0.4767
2025-05-06 11:05:40,Rivian to build $120m supplier park in Illinois,Rivian staff will oversee kitting and sequencing before transferring them to the primary facility.,Yahoo,https://finnhub.io/api/news?id=fe689070e741ffa397f37486fc5431122f08067182dfa9ef50bf8da4195fef74,2025-05-06,Rivian to build $120m supplier park in Illinois. Rivian staff will oversee kitting and sequencing before transferring them to the primary facility.,0.0
2025-05-06 10:43:00,Rivian investing $120M in Illinois to strengthen domestic supply chain,"The company’s planned supplier park is meant to create an electric vehicle manufacturing ecosystem, officials said.",Yahoo,https://finnhub.io/api/news?id=4d531d29e1523ac5e878e339b854d0bb81636a2558bd41b701e414453bcf5381,2025-05-06,"Rivian investing $120M in Illinois to strengthen domestic supply chain. The company’s planned supplier park is meant to create an electric vehicle manufacturing ecosystem, officials said.",0.5267
2025-05-06 04:32:41,"Earnings Scheduled For May 6, 2025", ,Benzinga,https://finnhub.io/api/news?id=a2c38d694b22328451f481998cde68e0d8adc1000e7e98c8c5ba09937c83741a,2025-05-06,"Earnings Scheduled For May 6, 2025.  ",0.0
2025-05-05 23:00:00,"AMD earnings, Bessent on Capitol Hill, Milken: What to Watch","Market Domination Overtime hosts Julie Hyman and Josh Lipton preview several of the top earnings and market stories to come on Tuesday, May 6, including quarterly results from semiconductor maker Advanced Micro Devices (AMD), EV makers Lucid (LCID) and Rivian (RIVN), and Marriott International (MAR); US Treasury Secretary Scott Bessent is to speak before the House Oversight Committee; and continued coverage from the Milken Institute's 2025 Global Conference. To watch more expert insights and ana",Yahoo,https://finnhub.io/api/news?id=ee23227da465d397176f04416a609e4e96ff35a934d8337132de5e49d6fbdb85,2025-05-05,"AMD earnings, Bessent on Capitol Hill, Milken: What to Watch. Market Domination Overtime hosts Julie Hyman and Josh Lipton preview several of the top earnings and market stories to come on Tuesday, May 6, including quarterly results from semiconductor maker Advanced Micro Devices (AMD), EV makers Lucid (LCID) and Rivian (RIVN), and Marriott International (MAR); US Treasury Secretary Scott Bessent is to speak before the House Oversight Committee; and continued coverage from the Milken Institute's",0.5267
2025-05-05 20:10:00,"Ford, US automakers take in Trump's auto part tariff relief","American automakers — including the Big Three, comprised of Ford (F), General Motors (GM), and Stellantis (STLA) — continue to digest the Trump administration's tariffs policies on foreign-made auto parts. President Trump has allowed partial exemptions on these US auto companies. Ford is scheduled to publish first quarter earnings after Monday's market close. To watch more expert insights and analysis on the latest market action, check out more Market Domination here.",Yahoo,https://finnhub.io/api/news?id=4e33daeaf068175c1d5a8a5249f59f63ad893c8df7e7325f9643c7829bb573e8,2025-05-05,"Ford, US automakers take in Trump's auto part tariff relief. American automakers — including the Big Three, comprised of Ford (F), General Motors (GM), and Stellantis (STLA) — continue to digest the Trump administration's tariffs policies on foreign-made auto parts. President Trump has allowed partial exemptions on these US auto companies. Ford is scheduled to publish first quarter earnings after Monday's market close. To watch more expert insights and analysis on the latest market action, check",0.4767
2025-05-05 17:21:26,Rivian to build $120 million supplier park in Illinois,"The supplier park near Rivian's facility at Normal, Illinois will reduce shipping, logistics and warehousing costs, while adding hundreds of jobs in the next two years, including about 100 directly by the company, it said.  Rivian builds all its EVs at the Normal plant, including its flagship R1S SUVs and R1T pickup trucks.  Some Rivian suppliers will manufacture and assemble some parts at the park, which is under construction, Rivian said.",Yahoo,https://finnhub.io/api/news?id=b96d93a0fb33e01e025844f54f9f05987f418ad8a231b6e9eb67eb327c247f9d,2025-05-05,"Rivian to build $120 million supplier park in Illinois. The supplier park near Rivian's facility at Normal, Illinois will reduce shipping, logistics and warehousing costs, while adding hundreds of jobs in the next two years, including about 100 directly by the company, it said.  Rivian builds all its EVs at the Normal plant, including its flagship R1S SUVs and R1T pickup trucks.  Some Rivian suppliers will manufacture and assemble some parts at the park, which is under construction, Rivian said.",0.1027
2025-05-05 16:07:21,Rivian to build $120 million Illinois supplier park,"Rivian said on Monday it willinvest $120 million to build a its key parts suppliers near itsplant in Illinois, as the electric vehicle-maker gears up toproduce its less expensive R2 SUVs next...",Finnhub,https://finnhub.io/api/news?id=5b4ebb63032bcae9b2755e67c232185b5393b4575d2ddfa13e5adb18481068d3,2025-05-05,"Rivian to build $120 million Illinois supplier park. Rivian said on Monday it willinvest $120 million to build a its key parts suppliers near itsplant in Illinois, as the electric vehicle-maker gears up toproduce its less expensive R2 SUVs next...",0.0
2025-05-05 13:18:15,Rivian to build $120 million Illinois supplier park to lower tariff-related costs,"Rivian said on Monday that itwill invest $120 million to bring its key parts suppliers nearits plant in Illinois, as the electric vehicle-maker seeks tolower the impact of U.S. President Donald...",Finnhub,https://finnhub.io/api/news?id=f12a2fbff3aca3a385f11f5c07f6db289317007552d50ccbcf48c461dd1d9347,2025-05-05,"Rivian to build $120 million Illinois supplier park to lower tariff-related costs. Rivian said on Monday that itwill invest $120 million to bring its key parts suppliers nearits plant in Illinois, as the electric vehicle-maker seeks tolower the impact of U.S. President Donald...",-0.296
2025-05-05 12:34:29,Governor JB Pritzker Says Rivian Commits $120 Mln To Illinois Supplier Park Creating Nearly 100 New Jobs,Governor JB Pritzker: * GOVERNOR JB PRITZKER: RIVIAN COMMITMENT TO ILLINOIS WITH$120MILLION INVESTMENT IN SUPPLIER PARK CREATING NEARLY 100 NEWDIRECT JOBSFurther company coverage: ...,Finnhub,https://finnhub.io/api/news?id=27a7a181035a1f0907a44e15dd0d704f36b52fd35b4c6bb7e2d903337760b32d,2025-05-05,Governor JB Pritzker Says Rivian Commits $120 Mln To Illinois Supplier Park Creating Nearly 100 New Jobs. Governor JB Pritzker: * GOVERNOR JB PRITZKER: RIVIAN COMMITMENT TO ILLINOIS WITH$120MILLION INVESTMENT IN SUPPLIER PARK CREATING NEARLY 100 NEWDIRECT JOBSFurther company coverage: ...,0.8208
2025-05-05 11:15:00,A Little Good News for Rivian Investors,"In the latest turn of events, the Trump administration gave some relief on tariffs.  Rivian began stockpiling battery components before the tariffs were enacted.  Unless you've been purposely avoiding the news, you've surely heard about the Trump administration's tariffs.",Yahoo,https://finnhub.io/api/news?id=a350211dea575d187de94e154802e33566331fd770efba7d2b2c505f4ee1f3de,2025-05-05,"A Little Good News for Rivian Investors. In the latest turn of events, the Trump administration gave some relief on tariffs.  Rivian began stockpiling battery components before the tariffs were enacted.  Unless you've been purposely avoiding the news, you've surely heard about the Trump administration's tariffs.",0.7357
2025-05-05 07:08:43,Rivian (RIVN) Reports Q1: Everything You Need To Know Ahead Of Earnings,Electric vehicle manufacturer Rivian (NASDAQ:RIVN) will be announcing earnings results tomorrow afternoon. Here’s what to look for.,Yahoo,https://finnhub.io/api/news?id=c53f7081a4e10dd8c50e6665f9aaf7777c687d0674fe7e1b6a5b045e38cc7c12,2025-05-05,Rivian (RIVN) Reports Q1: Everything You Need To Know Ahead Of Earnings. Electric vehicle manufacturer Rivian (NASDAQ:RIVN) will be announcing earnings results tomorrow afternoon. Here’s what to look for.,0.0
2025-05-04 07:00:00,"Giant U.S. Pension sold Nvidia, Tesla, and Apple Stock. It Bought Rivian.","Teacher Retirement System of Texas sold Nvidia, Tesla, and Apple stock, and initiated a position in Rivian in the first quarter.",Yahoo,https://finnhub.io/api/news?id=6f0e751a539b4e465af5e64189706e0dea9e531e9a233aa5bd09129bbc9e3476,2025-05-04,"Giant U.S. Pension sold Nvidia, Tesla, and Apple Stock. It Bought Rivian.. Teacher Retirement System of Texas sold Nvidia, Tesla, and Apple stock, and initiated a position in Rivian in the first quarter.",0.0
2025-05-02 17:27:41,Energy Chief Says US Won’t Move Forward With With Billions in Biden-Era Loans,"(Bloomberg) -- Energy Secretary Chris Wright said his agency doesn’t plan to move forward with billions of dollars worth of Biden-era loans as the Trump administration reviews the department’s $400 billion-strong green bank. Most Read from BloombergNYC Lost $9 Billion of Income to Miami, Palm Beach in Five YearsNJ Transit Urges Commuters to Work Remotely If Union StrikesNew York City Transit System Chips Away at Subway Fare EvasionNYC’s MTA to Cut Costs Instead of Borrowing More to Fund Upgrades",Yahoo,https://finnhub.io/api/news?id=c62c5674d49b977c9b34f9ba1b0350c7785039356f62c0bed4f06f930b7be970,2025-05-02,"Energy Chief Says US Won’t Move Forward With With Billions in Biden-Era Loans. (Bloomberg) -- Energy Secretary Chris Wright said his agency doesn’t plan to move forward with billions of dollars worth of Biden-era loans as the Trump administration reviews the department’s $400 billion-strong green bank. Most Read from BloombergNYC Lost $9 Billion of Income to Miami, Palm Beach in Five YearsNJ Transit Urges Commuters to Work Remotely If Union StrikesNew York City Transit System Chips Away at Subwa",0.4215
2025-05-02 15:09:56,Will This Carmaker's 'Secret Stockpile' Save It From Tariffs?,The company has reportedly been collecting key components since before the 2024 election.,Yahoo,https://finnhub.io/api/news?id=f329993f743a5e8db717eee483ee9cfa7a416819c38388887ed320e0c638317f,2025-05-02,Will This Carmaker's 'Secret Stockpile' Save It From Tariffs?. The company has reportedly been collecting key components since before the 2024 election.,0.4939
2025-05-02 12:25:52,"Stocks to watch next week: Berkshire Hathaway, Palantir, TSMC, Novo Nordisk and JD Wetherspoon",Earnings preview of key companies reporting next week and what to look out for.,Yahoo,https://finnhub.io/api/news?id=6972fbb4d45d8239b376ee04e76ba55e3e616c8f0d5c178ac63973418d2dd5d2,2025-05-02,"Stocks to watch next week: Berkshire Hathaway, Palantir, TSMC, Novo Nordisk and JD Wetherspoon. Earnings preview of key companies reporting next week and what to look out for.",0.0
2025-05-01 21:45:17,Rivian Automotive (RIVN) Rises Higher Than Market: Key Facts,"Rivian Automotive (RIVN) reachead $13.76 at the closing of the latest trading day, reflecting a +0.73% change compared to its last close.",Yahoo,https://finnhub.io/api/news?id=7c9883ee6979c5668ded94974f8b6ae0cf0321293b9289f61b7bcc09053b1ef9,2025-05-01,"Rivian Automotive (RIVN) Rises Higher Than Market: Key Facts. Rivian Automotive (RIVN) reachead $13.76 at the closing of the latest trading day, reflecting a +0.73% change compared to its last close.",0.0
2025-05-01 20:02:48,Why Rivan Stock Jumped This Week,Rivian reportedly stockpiled some battery materials ahead of tariffs.  There's still too much uncertainty in the auto industry to get too optimistic just yet.  Shares of the electric vehicle (EV) maker Rivian Automotive (NASDAQ: RIVN) rose sharply this week after a report surfaced that the company has been stockpiling battery materials to fend off some of the negative effects from President Donald Trump's tariffs.,Yahoo,https://finnhub.io/api/news?id=fd5630b792187bae3539e6f5e1c61f860a8565caa26e44b09eb6b96ad44e06f7,2025-05-01,Why Rivan Stock Jumped This Week. Rivian reportedly stockpiled some battery materials ahead of tariffs.  There's still too much uncertainty in the auto industry to get too optimistic just yet.  Shares of the electric vehicle (EV) maker Rivian Automotive (NASDAQ: RIVN) rose sharply this week after a report surfaced that the company has been stockpiling battery materials to fend off some of the negative effects from President Donald Trump's tariffs.,-0.3818
2025-05-01 13:00:11,"Rivian Automotive, Inc. (RIVN) Is a Trending Stock: Facts to Know Before Betting on It","Zacks.com users have recently been watching Rivian Automotive (RIVN) quite a bit. Thus, it is worth knowing the facts that could determine the stock's prospects.",Yahoo,https://finnhub.io/api/news?id=4635d0fdea246698ca7296aea565298b57e72f08315aa864b4c4e58c772f6db5,2025-05-01,"Rivian Automotive, Inc. (RIVN) Is a Trending Stock: Facts to Know Before Betting on It. Zacks.com users have recently been watching Rivian Automotive (RIVN) quite a bit. Thus, it is worth knowing the facts that could determine the stock's prospects.",0.4767
2025-04-30 22:00:00,2 Millionaire-Maker Electric Vehicle (EV) Stocks,"Last year, Lucid only had one EV on the market: The Lucid Air.  The Air was an impressive initial vehicle for Lucid, helping grow the company's sales to nearly $1 billion.  Analysts expect sales to grow by 82% this year, and another 91% next year, due to demand for Lucid's SUV platform.",Yahoo,https://finnhub.io/api/news?id=ff6b29f331a4e769f82cc1d370353ebe0665da82b9189107d4d8f64f4bfda68f,2025-04-30,"2 Millionaire-Maker Electric Vehicle (EV) Stocks. Last year, Lucid only had one EV on the market: The Lucid Air.  The Air was an impressive initial vehicle for Lucid, helping grow the company's sales to nearly $1 billion.  Analysts expect sales to grow by 82% this year, and another 91% next year, due to demand for Lucid's SUV platform.",0.6124
2025-04-30 18:06:02,Rivian Automotive (NasdaqGS:RIVN) Stock Surges 17% Over Last Week,"Rivian Automotive (NasdaqGS:RIVN) appointed Aidan Gomez, a data scientist with a strong background in AI from Google, to its board. This appointment highlights the company's focus on enhancing technological capabilities. Over the last week, Rivian's stock saw a robust 17% rise. This significant increase stands out against a background of broader market movements that resulted in a 5% gain. While there has been an overall positive sentiment across the market, Rivian's appointment of Gomez...",Yahoo,https://finnhub.io/api/news?id=c342e651f2f7c2d59a4a140b6fade39a36085cd0528f9238255e6821d3c9ea83,2025-04-30,"Rivian Automotive (NasdaqGS:RIVN) Stock Surges 17% Over Last Week. Rivian Automotive (NasdaqGS:RIVN) appointed Aidan Gomez, a data scientist with a strong background in AI from Google, to its board. This appointment highlights the company's focus on enhancing technological capabilities. Over the last week, Rivian's stock saw a robust 17% rise. This significant increase stands out against a background of broader market movements that resulted in a 5% gain. While there has been an overall positive",0.9432
2025-04-29 22:21:00,Trump's auto tariff exemptions: What they mean for automakers,"President Trump signed an executive order on Tuesday providing some relief from auto tariffs. Cox Automotive executive analyst Erin Keating joins Asking for a Trend to explain how the latest tariff break only affects certain vehicle imports. To watch more expert insights and analysis on the latest market action, check out more Asking for a Trend here.",Yahoo,https://finnhub.io/api/news?id=d41292d3d70cb5931bef86953b33f22a0895e94d63288a9e075736afe11f3b29,2025-04-29,"Trump's auto tariff exemptions: What they mean for automakers. President Trump signed an executive order on Tuesday providing some relief from auto tariffs. Cox Automotive executive analyst Erin Keating joins Asking for a Trend to explain how the latest tariff break only affects certain vehicle imports. To watch more expert insights and analysis on the latest market action, check out more Asking for a Trend here.",0.6369
2025-04-29 21:50:15,Rivian Automotive (RIVN) Outpaces Stock Market Gains: What You Should Know,"In the closing of the recent trading day, Rivian Automotive (RIVN) stood at $13.34, denoting a +1.14% change from the preceding trading day.",Yahoo,https://finnhub.io/api/news?id=2f8cc434b71db85cab7594d059c218de59911640d7c4b9dcf733a1819f4a5aa5,2025-04-29,"Rivian Automotive (RIVN) Outpaces Stock Market Gains: What You Should Know. In the closing of the recent trading day, Rivian Automotive (RIVN) stood at $13.34, denoting a +1.14% change from the preceding trading day.",0.34
2025-04-29 19:41:47,How the auto industry will benefit from new tariff break rules,"Automakers expect to get a break from steep import taxes under a new White House plan aimed at easing tariff pressure, according to a report from the Wall Street Journal. Yahoo Finance Senior Reporter Pras Subramanian joins Market Domination to explain how automakers could benefit from a phased relief approach. To watch more expert insights and analysis on the latest market action, check out more Market Domination here.",Yahoo,https://finnhub.io/api/news?id=93cc46278d6f03080ac461d7f49b375f776b608ed117f761c51d81a64e461cf6,2025-04-29,"How the auto industry will benefit from new tariff break rules. Automakers expect to get a break from steep import taxes under a new White House plan aimed at easing tariff pressure, according to a report from the Wall Street Journal. Yahoo Finance Senior Reporter Pras Subramanian joins Market Domination to explain how automakers could benefit from a phased relief approach. To watch more expert insights and analysis on the latest market action, check out more Market Domination here.",0.8032
2025-04-29 16:24:30,Howard Lutnick confirms tariff relief for US automakers,"US Secretary of Commerce Howard Lutnick has confirmed that the Trump administration is planning to provide tariff relief for American automakers and auto parts, while tariffs rates may still apply to foreign-made vehicles. To watch more expert insights and analysis on the latest market action, check out more Wealth here.",Yahoo,https://finnhub.io/api/news?id=be6f5231103e0a301ad8b0ad29eb9031d11a20dba6b6cd10e458d16c00aba361,2025-04-29,"Howard Lutnick confirms tariff relief for US automakers. US Secretary of Commerce Howard Lutnick has confirmed that the Trump administration is planning to provide tariff relief for American automakers and auto parts, while tariffs rates may still apply to foreign-made vehicles. To watch more expert insights and analysis on the latest market action, check out more Wealth here.",0.8655
2025-04-29 14:01:31,Will Rivian Automotive (RIVN) Report Negative Earnings Next Week? What You Should Know,Rivian Automotive (RIVN) doesn't possess the right combination of the two key ingredients for a likely earnings beat in its upcoming report. Get prepared with the key expectations.,Yahoo,https://finnhub.io/api/news?id=1178955535b3e7fc28b25773cab6a1141c76ecc22d0019e3298d50d2fe27241f,2025-04-29,Will Rivian Automotive (RIVN) Report Negative Earnings Next Week? What You Should Know. Rivian Automotive (RIVN) doesn't possess the right combination of the two key ingredients for a likely earnings beat in its upcoming report. Get prepared with the key expectations.,-0.4215
2025-04-29 13:59:12,Trump to offer relief on auto tariffs in new executive order,"Automakers could see some relief as President Trump prepares to sign an update to tariffs on the auto industry, announced by White House Press Secretary Karoline Leavitt on Tuesday. Yahoo Finance Senior Reporter Pras Subramanian joins The Morning Brief to discuss how the changes could impact tariffs on foreign-made cars and auto parts. To watch more expert insights and analysis on the latest market action, check out more Morning Brief here.",Yahoo,https://finnhub.io/api/news?id=54bc0331f0ffa8c165c120c3e12690104223a58743cb7f50f7d3ab2dac5e7382,2025-04-29,"Trump to offer relief on auto tariffs in new executive order. Automakers could see some relief as President Trump prepares to sign an update to tariffs on the auto industry, announced by White House Press Secretary Karoline Leavitt on Tuesday. Yahoo Finance Senior Reporter Pras Subramanian joins The Morning Brief to discuss how the changes could impact tariffs on foreign-made cars and auto parts. To watch more expert insights and analysis on the latest market action, check out more Morning Brief",0.7351
2025-04-29 05:06:12,"Why Rivian Automotive, Inc. (RIVN) Surged on Monday","We recently published an article titled Why Traders Flocked to These 10 Stocks on Monday. In this article, we are going to take a look at where Rivian Automotive, Inc. (NASDAQ:RIVN) stands against the other stocks. The stock market kicked off the trading week on a mixed note, with two major indices ending in the green, […]",Yahoo,https://finnhub.io/api/news?id=6272a359c11bbc2cd05097f8091aadb54b0c5e7364a21aa79f38802e20a6f70a,2025-04-29,"Why Rivian Automotive, Inc. (RIVN) Surged on Monday. We recently published an article titled Why Traders Flocked to These 10 Stocks on Monday. In this article, we are going to take a look at where Rivian Automotive, Inc. (NASDAQ:RIVN) stands against the other stocks. The stock market kicked off the trading week on a mixed note, with two major indices ending in the green, […]",0.0
2025-04-28 15:15:21,Jim Cramer Says You Should Stay Away from Rivian Automotive Inc (NASDAQ:RIVN)- Calls It ‘Horrible’,"We recently published a list of Top 10 Buzzing Stocks You Should Watch Today. In this article, we are going to take a look at where Rivian Automotive Inc (NASDAQ:RIVN). stands against other top buzzing stocks you should watch today. Jim Cramer in a recent program on CNBC expressed surprise that the Republican administration could […]",Yahoo,https://finnhub.io/api/news?id=936739a4d54ef61ed015847cff1ac401546883dcf295cc91ac257e1dcd826805,2025-04-28,"Jim Cramer Says You Should Stay Away from Rivian Automotive Inc (NASDAQ:RIVN)- Calls It ‘Horrible’. We recently published a list of Top 10 Buzzing Stocks You Should Watch Today. In this article, we are going to take a look at where Rivian Automotive Inc (NASDAQ:RIVN). stands against other top buzzing stocks you should watch today. Jim Cramer in a recent program on CNBC expressed surprise that the Republican administration could […]",0.5719
2025-04-28 11:20:07,"Tesla: Hated And Down, But Not Out",Tesla's stock rose 10% post-earnings despite a 20% sales dip. Check out why we think that investing in TSLA stock now could offer significant upside,SeekingAlpha,https://finnhub.io/api/news?id=66a0f81e60f7aeb0ed5eb5276497f1f0b7f788ad43aa6092f4344422a284580c,2025-04-28,"Tesla: Hated And Down, But Not Out. Tesla's stock rose 10% post-earnings despite a 20% sales dip. Check out why we think that investing in TSLA stock now could offer significant upside",-0.1027
2025-04-28 07:10:00,Prediction: Lucid Group Will Soar in 2026. Here's 1 Reason Why.,"It's been a mixed year for Lucid Group (NASDAQ: LCID).  Shares of this electric vehicle (EV) stock have fallen alongside competitors including Tesla and Rivian Automotive, yet analyst expectations for Lucid's sales growth have surged.  Lucid stock is down 17% so far in 2025, and shares are trading at just 7.4 times trailing sales.",Yahoo,https://finnhub.io/api/news?id=6404e6cbaf59fb32f86c66a4fb243e8cbd39ce543d0a4d4420d5fa2b2843c5e8,2025-04-28,"Prediction: Lucid Group Will Soar in 2026. Here's 1 Reason Why.. It's been a mixed year for Lucid Group (NASDAQ: LCID).  Shares of this electric vehicle (EV) stock have fallen alongside competitors including Tesla and Rivian Automotive, yet analyst expectations for Lucid's sales growth have surged.  Lucid stock is down 17% so far in 2025, and shares are trading at just 7.4 times trailing sales.",0.5423
2025-04-27 14:23:00,Where Will Rivian Stock Be in 1 Year?,"Electric vehicle (EV) maker Rivian (NASDAQ: RIVN) has proven to be a painful investment for most people who have owned the stock: Its shares today trade 93% below the all-time high of around $172 they hit in November 2021, just days after the company went public.  The next 12 months will present significant opportunities for Rivian as it rolls out its new R2 SUV and R3 crossover models.  The arrival of those lower-priced mass-market EVs will expand its ability to capture some market share from e",Yahoo,https://finnhub.io/api/news?id=97c45d17fead33c44d5079ba46a4945359ff28e999bc3f6440d35e0361828664,2025-04-27,"Where Will Rivian Stock Be in 1 Year?. Electric vehicle (EV) maker Rivian (NASDAQ: RIVN) has proven to be a painful investment for most people who have owned the stock: Its shares today trade 93% below the all-time high of around $172 they hit in November 2021, just days after the company went public.  The next 12 months will present significant opportunities for Rivian as it rolls out its new R2 SUV and R3 crossover models.  The arrival of those lower-priced mass-market EVs will expand its abil",0.6124
2025-04-27 12:17:00,Every Rivian Investor Should Keep an Eye on These 2 Numbers,"As you can see in the charts below, Rivian shares now trade at just 2.2 times sales -- a considerable discount to competitors like Tesla and Lucid Group.  When Tesla released its mass market vehicles -- the Model 3 and the Model Y -- its sales doubled or tripled in the years that followed.  The same could prove true for Rivian.",Yahoo,https://finnhub.io/api/news?id=053e844aa79ac6fc35e026204f2f202aab1aa2ccaf513648caa271fd490cf757,2025-04-27,"Every Rivian Investor Should Keep an Eye on These 2 Numbers. As you can see in the charts below, Rivian shares now trade at just 2.2 times sales -- a considerable discount to competitors like Tesla and Lucid Group.  When Tesla released its mass market vehicles -- the Model 3 and the Model Y -- its sales doubled or tripled in the years that followed.  The same could prove true for Rivian.",0.7579
2025-04-26 18:23:00,Here's Why Rivian Stock Is a Buy Before May 6,"Rivian (NASDAQ: RIVN) is expected to report earnings on May 6.  To understand Rivian's valuation today, it's important to first understand where the company is in its long-term growth journey.  As with many EV makers, Rivian's first models were luxury vehicles with high price points.",Yahoo,https://finnhub.io/api/news?id=6b7bdbc3973a449c4463caf6f61ecccf2f701dc87e33e6bdbe5fc9d3d818ef4f,2025-04-26,"Here's Why Rivian Stock Is a Buy Before May 6. Rivian (NASDAQ: RIVN) is expected to report earnings on May 6.  To understand Rivian's valuation today, it's important to first understand where the company is in its long-term growth journey.  As with many EV makers, Rivian's first models were luxury vehicles with high price points.",0.5267
2025-04-26 18:12:00,Prediction: Rivian Will Soar in 2026 for 1 Simple Reason,"Companies like Lucid Group and Tesla have seen their valuations plummet.  Rivian's (NASDAQ: RIVN) decline hasn't been quite as steep, but that's because its stock was already trading at a deep discount compared to those competitors.  There are several good reasons why Rivian's valuation is so low, but its stagnating revenue growth tops the list.",Yahoo,https://finnhub.io/api/news?id=91e8ac472794b117ed03913da6ae9527dd96ad19877b4dcfa82866973d04f8a4,2025-04-26,"Prediction: Rivian Will Soar in 2026 for 1 Simple Reason. Companies like Lucid Group and Tesla have seen their valuations plummet.  Rivian's (NASDAQ: RIVN) decline hasn't been quite as steep, but that's because its stock was already trading at a deep discount compared to those competitors.  There are several good reasons why Rivian's valuation is so low, but its stagnating revenue growth tops the list.",0.8701
2025-04-26 10:25:00,2 Electric Vehicle Stocks With Something to Prove,"It's been a wild ride for investors in Rivian Automotive (NASDAQ: RIVN) and Nio (NYSE: NIO), filled with ups and downs.  Both also still have much to prove to investors.  One analyst recently cast doubt on Rivian's gross profit, and Nio will need to show that it can offset the effects of China's brutal price war.",Yahoo,https://finnhub.io/api/news?id=d85a53edabac792322c9dd577a91dc9efb3ee011f1cd8a653e81a14ae5d863b9,2025-04-26,"2 Electric Vehicle Stocks With Something to Prove. It's been a wild ride for investors in Rivian Automotive (NASDAQ: RIVN) and Nio (NYSE: NIO), filled with ups and downs.  Both also still have much to prove to investors.  One analyst recently cast doubt on Rivian's gross profit, and Nio will need to show that it can offset the effects of China's brutal price war.",-0.8934
2025-04-25 02:21:41,Slate: Introducing the Bezos-backed EV pickup for the masses,"“We built it, you make it.”
That’s the motto for Slate, a new American EV company, as it revealed its launch model: a bare-bones pickup truck with a footprint smaller than a Ford Maverick.",Yahoo,https://finnhub.io/api/news?id=54fa0e8f8aaa3b9102bd56b4c99ad212d038780fb21a1b097e50d41fcdfc123f,2025-04-25,"Slate: Introducing the Bezos-backed EV pickup for the masses. “We built it, you make it.”
That’s the motto for Slate, a new American EV company, as it revealed its launch model: a bare-bones pickup truck with a footprint smaller than a Ford Maverick.",0.0
2025-04-24 13:35:17,10 Consumer Discretionary Stocks Whale Activity In Today's Session, ,Benzinga,https://finnhub.io/api/news?id=1e419706a99f9147400f4e6fbafd3f45b6a2b49c0320b8b3d7c8d98c3c52865f,2025-04-24,10 Consumer Discretionary Stocks Whale Activity In Today's Session.  ,0.0
2025-04-24 12:28:00,"If You'd Invested $1,000 in Rivian Stock 3 Years Ago, Here's How Much You'd Have Today","Looking in the rearview mirror, investors will find that Rivian (NASDAQ: RIVN) has performed exceptionally well over the past year.  Have those who parked Rivian stock in their portfolios in April 2022 seen their investments grow, or are they still waiting for the electric vehicle (EV) stock to make a U-turn and drive higher?  Roaring out of the gate, Rivian raced more than 45% higher from the time of its initial public offering (IPO) on Nov. 10, 2021 through the ensuing week.",Yahoo,https://finnhub.io/api/news?id=1187f8547f2428dc11a8b919b7addeb82f5ef5dd4b65881bf195b154a77ee47b,2025-04-24,"If You'd Invested $1,000 in Rivian Stock 3 Years Ago, Here's How Much You'd Have Today. Looking in the rearview mirror, investors will find that Rivian (NASDAQ: RIVN) has performed exceptionally well over the past year.  Have those who parked Rivian stock in their portfolios in April 2022 seen their investments grow, or are they still waiting for the electric vehicle (EV) stock to make a U-turn and drive higher?  Roaring out of the gate, Rivian raced more than 45% higher from the time of its ini",0.3384
2025-04-23 18:50:04,"Procore, Warner Bros. Discovery, Compass, Titan International, and Rivian Shares Skyrocket, What You Need To Know","A number of stocks jumped in the morning session after President Trump clarified that he had no intention of removing Federal Reserve Chair Jerome Powell, a statement that helped calm markets. Earlier remarks had sparked fears of political interference in decision making at the central bank. With Trump walking back his earlier comments, investors likely felt more assured that monetary policy decisions would continue to be guided by data, not drama. That kept the Fed's word credible, and more imp",Yahoo,https://finnhub.io/api/news?id=0b339f53e13c7c00cfffc121a62b4b0d7c3e8679656092bfa6da4647cec4d42c,2025-04-23,"Procore, Warner Bros. Discovery, Compass, Titan International, and Rivian Shares Skyrocket, What You Need To Know. A number of stocks jumped in the morning session after President Trump clarified that he had no intention of removing Federal Reserve Chair Jerome Powell, a statement that helped calm markets. Earlier remarks had sparked fears of political interference in decision making at the central bank. With Trump walking back his earlier comments, investors likely felt more assured that moneta",0.3804
2025-04-23 16:03:12,"Automakers Are Struggling With Tariffs And EV Competition, Say Analysts"," BofA analysts discussed the impact of tariffs on automakers, with Ford and GM at high risk of negative ratings. Ford is pushing forward with low-cost EVs and connected vehicle subscriptions, while GM is focusing on Cadillac&#39;s EV transformation and Formula One participation. Tariffs may cost OEMs $6k-$8k per car, with potential cost passes to consumers.",Benzinga,https://finnhub.io/api/news?id=171c42e51f1ddef0fe946a700f9f15cfc840857939c13a74a1c1fefc2810c1ad,2025-04-23,"Automakers Are Struggling With Tariffs And EV Competition, Say Analysts.  BofA analysts discussed the impact of tariffs on automakers, with Ford and GM at high risk of negative ratings. Ford is pushing forward with low-cost EVs and connected vehicle subscriptions, while GM is focusing on Cadillac&#39;s EV transformation and Formula One participation. Tariffs may cost OEMs $6k-$8k per car, with potential cost passes to consumers.",-0.8225
2025-04-23 12:00:36,Tesla: The Bottom May Be In,,SeekingAlpha,https://finnhub.io/api/news?id=43e8494bbd8c58074bf2aa47e23758a5b46a992b979f66fcf6b1fa9f3c4b8398,2025-04-23,Tesla: The Bottom May Be In. ,0.0
2025-04-22 21:45:15,Rivian Automotive (RIVN) Rises Yet Lags Behind Market: Some Facts Worth Knowing,"In the closing of the recent trading day, Rivian Automotive (RIVN) stood at $11.36, denoting a +1.88% change from the preceding trading day.",Yahoo,https://finnhub.io/api/news?id=03fcd29609e7ee6c9fb9dcc559cd3f2326cc44f70badd384c80052c0cb976847,2025-04-22,"Rivian Automotive (RIVN) Rises Yet Lags Behind Market: Some Facts Worth Knowing. In the closing of the recent trading day, Rivian Automotive (RIVN) stood at $11.36, denoting a +1.88% change from the preceding trading day.",-0.1531
2025-04-22 17:41:10,Rivian Automotive (NasdaqGS:RIVN) Appoints AI Expert Aidan Gomez To Board,"Rivian Automotive (NasdaqGS:RIVN) appointed Aidan Gomez, an AI expert, to its board on April 21, 2025, marking a commitment to technological advancement. Meanwhile, the company spun off its micromobility business into Also, Inc. Despite these developments, Rivian's share price declined by 4% last month, aligning closely with the broader market's 4% drop, as major indices recovered from earlier declines amid tariff uncertainties. The EV sector witnessed mixed performances, with Tesla rising...",Yahoo,https://finnhub.io/api/news?id=701d0918916d67dcb76bc5a5ca1c0f11ae594a92c7a6953d482af360df950ce7,2025-04-22,"Rivian Automotive (NasdaqGS:RIVN) Appoints AI Expert Aidan Gomez To Board. Rivian Automotive (NasdaqGS:RIVN) appointed Aidan Gomez, an AI expert, to its board on April 21, 2025, marking a commitment to technological advancement. Meanwhile, the company spun off its micromobility business into Also, Inc. Despite these developments, Rivian's share price declined by 4% last month, aligning closely with the broader market's 4% drop, as major indices recovered from earlier declines amid tariff uncerta",0.4019
2025-04-22 17:23:00,Surprising AI news sends Rivian stock surging,The EV startup is making a bold move that investors will love.,Yahoo,https://finnhub.io/api/news?id=b9ae00747c99f3b0faa24163fc7223dc1dc50da2ec589fc15e2a5911b0c640de,2025-04-22,Surprising AI news sends Rivian stock surging. The EV startup is making a bold move that investors will love.,0.836
2025-04-22 14:39:00,"GraniteShares Unleashes 2x Lucid And Rivian ETFs, But Are DRIV And IDRV The Smarter EV Plays?",GraniteShares&#39; new ETFs are not for Sunday drivers. They are designed for pit-stop traders who are watching the daily ticker.,Benzinga,https://finnhub.io/api/news?id=1a3eeb7cd4e1e85918c22bf810abf64cc138d1b277cfc49fe966428755b7f8bb,2025-04-22,"GraniteShares Unleashes 2x Lucid And Rivian ETFs, But Are DRIV And IDRV The Smarter EV Plays?. GraniteShares&#39; new ETFs are not for Sunday drivers. They are designed for pit-stop traders who are watching the daily ticker.",0.7579
2025-04-22 11:49:08,Crisis And Opportunity In Auto Makers,,SeekingAlpha,https://finnhub.io/api/news?id=59993f87c08642b65c71d24f40acce3c0a5e4a6870f9560da26964cdd41347b6,2025-04-22,Crisis And Opportunity In Auto Makers. ,-0.3182
2025-04-22 11:04:40,Aidan Gomez Joins Rivian's Board of Directors,"IRVINE, Calif. - Rivian Automotive, Inc. today announced that Aidan Gomez has been named to its board of directors. Gomez is an experienced data scientist and Artificial Intelligence expert and...",Finnhub,https://finnhub.io/api/news?id=42a61f0f2e52cde7e11a44a0cd3a81f60daabde320f26657e496a31247ee0b7f,2025-04-22,"Aidan Gomez Joins Rivian's Board of Directors. IRVINE, Calif. - Rivian Automotive, Inc. today announced that Aidan Gomez has been named to its board of directors. Gomez is an experienced data scientist and Artificial Intelligence expert and...",0.4767
2025-04-22 09:12:00,Most automakers report sales gains in Q1,"GM reported a double-digit sales jump to start the year, while Ford and Stellantis reported quarterly declines.",Yahoo,https://finnhub.io/api/news?id=6ee357d2ecf5a9670978c24128678a428c62e24bc5c349f984353a95540070a4,2025-04-22,"Most automakers report sales gains in Q1. GM reported a double-digit sales jump to start the year, while Ford and Stellantis reported quarterly declines.",0.34
2025-04-22 00:27:46,Rivian elects Cohere's CEO to its board in latest signal the EV maker is bullish on AI,"Aidan Gomez, the co-founder and CEO of generative AI startup Cohere, has joined the board of EV maker Rivian, according to a regulatory filing. The appointment is the latest sign that Rivian sees promises in applying AI to its own venture while positioning itself as a software leader — and even provider — within the automotive industry. Rivian increased the size of the board and elected Gomez, whose term will expire in 2026, according to the filing. Gomez has had a long career as a data scientis",Yahoo,https://finnhub.io/api/news?id=bd456b4d20d4f91adfa89a9c6d50f61e9412b7e96565ad44f3b221726b05dca2,2025-04-22,"Rivian elects Cohere's CEO to its board in latest signal the EV maker is bullish on AI. Aidan Gomez, the co-founder and CEO of generative AI startup Cohere, has joined the board of EV maker Rivian, according to a regulatory filing. The appointment is the latest sign that Rivian sees promises in applying AI to its own venture while positioning itself as a software leader — and even provider — within the automotive industry. Rivian increased the size of the board and elected Gomez, whose term will",0.5719
2025-04-21 20:05:00,Aidan Gomez Joins Rivian’s Board of Directors,"IRVINE, Calif., April 21, 2025--Rivian Automotive, Inc. (NASDAQ: RIVN) today announced that Aidan Gomez has been named to its board of directors. Gomez is an experienced data scientist and Artificial Intelligence expert and serves as Co-Founder and CEO of Enterprise AI startup Cohere.",Yahoo,https://finnhub.io/api/news?id=bc49bb224269f8047697b06828bde8bb5c32d2d11afc6f83bb2056a021df578e,2025-04-21,"Aidan Gomez Joins Rivian’s Board of Directors. IRVINE, Calif., April 21, 2025--Rivian Automotive, Inc. (NASDAQ: RIVN) today announced that Aidan Gomez has been named to its board of directors. Gomez is an experienced data scientist and Artificial Intelligence expert and serves as Co-Founder and CEO of Enterprise AI startup Cohere.",0.4767
2025-04-21 11:30:00,Why Rivian Could Tank Another 50%,"Rivian Automotive (NASDAQ: RIVN) exited 2023 with as much or more momentum than its electric vehicle (EV) start-up peers, but that has slowly eroded through today.  Investors might be wondering how Rivian is affected by tariffs since it produces all of its vehicles in the U.S., but the key is that the automaker imports crucial components such as batteries from South Korea and China.  The analyst team also cut its 2025 delivery forecast to 37,000 units, which is down 20% from the middle of Rivian",Yahoo,https://finnhub.io/api/news?id=b67041f23c9b472566c611dee225fa7d36805cc52f61baa3d847e9a6fde5c511,2025-04-21,"Why Rivian Could Tank Another 50%. Rivian Automotive (NASDAQ: RIVN) exited 2023 with as much or more momentum than its electric vehicle (EV) start-up peers, but that has slowly eroded through today.  Investors might be wondering how Rivian is affected by tariffs since it produces all of its vehicles in the U.S., but the key is that the automaker imports crucial components such as batteries from South Korea and China.  The analyst team also cut its 2025 delivery forecast to 37,000 units, which is",-0.5499
2025-04-20 09:48:19,"Tesla's FSD Deployment, Kodiak Robotics' SPAC Merger, And Rivian's New Deal: This Week In Mobility","This week in tech and auto news: Tesla deploys its Full Self-Driving tech at Giga Texas, Kodiak Robotics announces a SPAC merger to go public, Rivian delivers vehicles to HelloFresh, and Tesla faces rising insurance costs.",Benzinga,https://finnhub.io/api/news?id=ad9880a2f6dc8a491255c5cc945c62e4587af70a6405bddcbc4dc9f973279b47,2025-04-20,"Tesla's FSD Deployment, Kodiak Robotics' SPAC Merger, And Rivian's New Deal: This Week In Mobility. This week in tech and auto news: Tesla deploys its Full Self-Driving tech at Giga Texas, Kodiak Robotics announces a SPAC merger to go public, Rivian delivers vehicles to HelloFresh, and Tesla faces rising insurance costs.",0.0
2025-04-19 14:05:00,Rivian Scored Big in the First Quarter. Is There More Good News To Come?,"Rivian (NASDAQ: RIVN) did something big in the fourth quarter of 2024.  To make matters even more complex, the types of cars Rivian is making are all-electric trucks.  On the one hand, the electric vehicle (EV) transition that is taking place opened up the opportunity that Rivian is trying to exploit.",Yahoo,https://finnhub.io/api/news?id=d2427b1b40a79ee9df96c1f9d75a1a92b434c3f43b1b8084ea85a82bf1de5803,2025-04-19,"Rivian Scored Big in the First Quarter. Is There More Good News To Come?. Rivian (NASDAQ: RIVN) did something big in the fourth quarter of 2024.  To make matters even more complex, the types of cars Rivian is making are all-electric trucks.  On the one hand, the electric vehicle (EV) transition that is taking place opened up the opportunity that Rivian is trying to exploit.",0.8357
2025-04-18 19:05:45,"Is Rivian Automotive, Inc. (RIVN) Among the Best EV Stocks To Buy in 2025?","We recently published a list of 12 Best EV Stocks To Buy in 2025. In this article, we are going to take a look at where Rivian Automotive, Inc. (NASDAQ:RIVN) stands against other best EV stocks to buy in 2025. Electric cars, often known as electric vehicles or EVs, are automobiles powered by electricity instead […]",Yahoo,https://finnhub.io/api/news?id=5d7278152e2799caa0f6ee06c81aea75337e8c30e2f1b1eb4b2ba57b0d02f050,2025-04-18,"Is Rivian Automotive, Inc. (RIVN) Among the Best EV Stocks To Buy in 2025?. We recently published a list of 12 Best EV Stocks To Buy in 2025. In this article, we are going to take a look at where Rivian Automotive, Inc. (NASDAQ:RIVN) stands against other best EV stocks to buy in 2025. Electric cars, often known as electric vehicles or EVs, are automobiles powered by electricity instead […]",0.9274
2025-04-18 13:00:14,"Investors Heavily Search Rivian Automotive, Inc. (RIVN): Here is What You Need to Know","Recently, Zacks.com users have been paying close attention to Rivian Automotive (RIVN). This makes it worthwhile to examine what the stock has in store.",Yahoo,https://finnhub.io/api/news?id=daae220a5221de3d8bc5c2808159a9717a1568ebefd402e6f05dae622ed5b412,2025-04-18,"Investors Heavily Search Rivian Automotive, Inc. (RIVN): Here is What You Need to Know. Recently, Zacks.com users have been paying close attention to Rivian Automotive (RIVN). This makes it worthwhile to examine what the stock has in store.",0.34
2025-06-12 19:44:32,"Rivian Automotive, Inc. (RIVN) Presents at Deutsche Bank Global Auto Industry Conference Transcript","Rivian Automotive, Inc. (NASDAQ:RIVN) Deutsche Bank Global Auto Industry Conference Call June 12, 2025 12:00 PM ETCompany ParticipantsClaire Rauh McDonough...",SeekingAlpha,https://finnhub.io/api/news?id=20a2a106ba57acc3a816ad60f347609edff8e134947f474b2bbb3023260da284,2025-06-12,"Rivian Automotive, Inc. (RIVN) Presents at Deutsche Bank Global Auto Industry Conference Transcript. Rivian Automotive, Inc. (NASDAQ:RIVN) Deutsche Bank Global Auto Industry Conference Call June 12, 2025 12:00 PM ETCompany ParticipantsClaire Rauh McDonough...",0.0
2025-06-12 13:05:16,"Transcript : Rivian Automotive, Inc. Presents at Deutsche Bank Global Auto Industry Conference 2025, Jun-12-2025 12","Presenter SpeechXin Yu All right. Welcome to the lunch session at the DB Global Auto Conference. My name is Edison, I lead the U.S. Autos Research. Joining us virtually is Claire McDonough, the CFO",Finnhub,https://finnhub.io/api/news?id=4a0d6dd598a898274f036df176b6222c7b051264211fd14b8a520852963ff08c,2025-06-12,"Transcript : Rivian Automotive, Inc. Presents at Deutsche Bank Global Auto Industry Conference 2025, Jun-12-2025 12. Presenter SpeechXin Yu All right. Welcome to the lunch session at the DB Global Auto Conference. My name is Edison, I lead the U.S. Autos Research. Joining us virtually is Claire McDonough, the CFO",0.4588
2025-06-12 12:18:00,Impax Small Cap Fund Q1 2025 Commentary,"The fund outperformed the benchmark during the last quarter. From a sector perspective, Energy was at the forefront of index returns as global oil prices rallied.",SeekingAlpha,https://finnhub.io/api/news?id=5743bf4d3ba037a2ec75d690e43c0337bcda17fb17c1baf69e680d9be59f5440,2025-06-12,"Impax Small Cap Fund Q1 2025 Commentary. The fund outperformed the benchmark during the last quarter. From a sector perspective, Energy was at the forefront of index returns as global oil prices rallied.",0.2732
2025-06-12 09:13:00,The revival of Scout preserves its heritage through innovation,CTO Burkhard Huhnke details how the digital twin design process is expediting product testing as the automaker ramps up toward production in 2027.,Yahoo,https://finnhub.io/api/news?id=6a26a67dfdc10c4e61b07cd3c666a92189a5a75613dd8fc8fa90eced37810e89,2025-06-12,The revival of Scout preserves its heritage through innovation. CTO Burkhard Huhnke details how the digital twin design process is expediting product testing as the automaker ramps up toward production in 2027.,0.3818
2025-06-12 08:40:00,Tesla Stock Crash: Time to Rotate and Buy Rivian Instead?,"Tesla stock took a big dip in June as CEO Elon Musk and President Donald Trump argued over pending legislation.  Tesla's market share is sinking, but Rivian is not picking up the gains.  The markets saw history made earlier this month after President Donald Trump and Tesla (NASDAQ: TSLA) CEO Elon Musk had a disagreement over public policy via social media in front of the whole world.",Yahoo,https://finnhub.io/api/news?id=575344ec5c95317d25b7a378d10874eff0c8d00e89ada81a4cf4b12f0bcb35fc,2025-06-12,"Tesla Stock Crash: Time to Rotate and Buy Rivian Instead?. Tesla stock took a big dip in June as CEO Elon Musk and President Donald Trump argued over pending legislation.  Tesla's market share is sinking, but Rivian is not picking up the gains.  The markets saw history made earlier this month after President Donald Trump and Tesla (NASDAQ: TSLA) CEO Elon Musk had a disagreement over public policy via social media in front of the whole world.",-0.2846
2025-06-11 21:45:06,Why Rivian Automotive (RIVN) Dipped More Than Broader Market Today,"Rivian Automotive (RIVN) closed at $14.20 in the latest trading session, marking a -1.39% move from the prior day.",Yahoo,https://finnhub.io/api/news?id=a6cc7db346f619022f21cf848f2efdcc167d7beb9c8b168127362c063f04cd9d,2025-06-11,"Why Rivian Automotive (RIVN) Dipped More Than Broader Market Today. Rivian Automotive (RIVN) closed at $14.20 in the latest trading session, marking a -1.39% move from the prior day.",0.0
2025-06-11 14:13:14,Prediction: Rivian Will Soar Over the Next 3 Years. Here Are 2 Reasons Why.,Rivian's sales have the potential to surge thanks to new affordable models.  Rivian (NASDAQ: RIVN) stock is priced at a bargain versus other electric car stocks like Tesla and Lucid Group.  A lot of this discount is due to investor concerns over lackluster sales growth in recent quarters.,Yahoo,https://finnhub.io/api/news?id=a7c7d1e4bc05dda7eee683981b64432bfb9994fd6fd9088d69746dec7e040434,2025-06-11,Prediction: Rivian Will Soar Over the Next 3 Years. Here Are 2 Reasons Why.. Rivian's sales have the potential to surge thanks to new affordable models.  Rivian (NASDAQ: RIVN) stock is priced at a bargain versus other electric car stocks like Tesla and Lucid Group.  A lot of this discount is due to investor concerns over lackluster sales growth in recent quarters.,0.8316
2025-06-11 08:54:42,Rivian: Likely Casualty Of Trump-Musk Feud,"Rivian faces hurdles with EV tax credit cuts, supply chain risks, and rising cash burn.",SeekingAlpha,https://finnhub.io/api/news?id=07ab10d49e493fabe124782cf9f95231edc4b1e28b7dc383a41fd840c6ce7b75,2025-06-11,"Rivian: Likely Casualty Of Trump-Musk Feud. Rivian faces hurdles with EV tax credit cuts, supply chain risks, and rising cash burn.",-0.7579
2025-06-11 04:43:26,Rivian: Software Business Can Boost Valuation Multiples Despite Macro Headwinds,Rivianâs forward revenue growth estimates are quite strong with RIVN stock trading at a mere 1.4 times the revenue estimate. See more here.,SeekingAlpha,https://finnhub.io/api/news?id=ed36f581696d8958dcb37fdc4d22481dbbbca747b93d0730a594f37d8bda2ca9,2025-06-11,Rivian: Software Business Can Boost Valuation Multiples Despite Macro Headwinds. Rivianâs forward revenue growth estimates are quite strong with RIVN stock trading at a mere 1.4 times the revenue estimate. See more here.,0.8357
2025-06-10 18:00:00,Tesla vs. Rivian: What's Currently the Better Buy?,"Tesla shares have been big-time winners over the past decade for many, but recent performance has undoubtedly left a sour taste in many mouths. IS it Rivian's time to shine?",Yahoo,https://finnhub.io/api/news?id=e797ea4bd4a42e6aa6a7db8ca9f430ecb5a5909f644179ca25f745165ed419de,2025-06-10,"Tesla vs. Rivian: What's Currently the Better Buy?. Tesla shares have been big-time winners over the past decade for many, but recent performance has undoubtedly left a sour taste in many mouths. IS it Rivian's time to shine?",0.6072
2025-06-10 08:45:00,Rivian Receives Huge Vote of Confidence From German Juggernaut,All Volkswagen brands will have access to Rivian's R2 platform and tech stack.  Essentially all of Volkswagen's EVs will be underpinned by Rivian's R2 platform.  Many investors were first introduced to Rivian (NASDAQ: RIVN) when the electric vehicle (EV) maker announced its blockbuster deal and partnership with Amazon in February 2019.,Yahoo,https://finnhub.io/api/news?id=caaa97ca673db35eb195e27fbbb3f7ce35e66df448aba32050f9bd5924d63b29,2025-06-10,Rivian Receives Huge Vote of Confidence From German Juggernaut. All Volkswagen brands will have access to Rivian's R2 platform and tech stack.  Essentially all of Volkswagen's EVs will be underpinned by Rivian's R2 platform.  Many investors were first introduced to Rivian (NASDAQ: RIVN) when the electric vehicle (EV) maker announced its blockbuster deal and partnership with Amazon in February 2019.,0.8807
2025-06-09 14:13:00,Rivian to Get $1B from VWAGY Soon: Time to Buy RIVN Stock Now?,"RIVN hits a key profit milestone, unlocking a fresh $1B from VWAGY by the end of this month as part of a $5.8B joint venture by 2027.",Yahoo,https://finnhub.io/api/news?id=603344167ddf48cbdded1a2906f76d8bad54d741e2337795d4ed3634c85fea27,2025-06-09,"Rivian to Get $1B from VWAGY Soon: Time to Buy RIVN Stock Now?. RIVN hits a key profit milestone, unlocking a fresh $1B from VWAGY by the end of this month as part of a $5.8B joint venture by 2027.",0.6369
2025-06-09 13:35:18,10 Consumer Discretionary Stocks Whale Activity In Today's Session, ,Benzinga,https://finnhub.io/api/news?id=79f9b95edb376bf9a5e441d051c6c71f4b9ecc7c5a8c726d536d873de5be4842,2025-06-09,10 Consumer Discretionary Stocks Whale Activity In Today's Session.  ,0.0
2025-06-09 09:24:41,"Self-Driving Cars May Slash Insurance Costs 50% By 2040, Challenge Traditional Insurers: Goldman Sachs","Goldman Sachs says autonomous vehicles could slash U.S. auto insurance costs, shifting risk toward product liability and disrupting the $430B market.",Benzinga,https://finnhub.io/api/news?id=360f87ad44fe97247ed6dd0eba74c6f914247bf56a335ebaa018bb4e653a38cd,2025-06-09,"Self-Driving Cars May Slash Insurance Costs 50% By 2040, Challenge Traditional Insurers: Goldman Sachs. Goldman Sachs says autonomous vehicles could slash U.S. auto insurance costs, shifting risk toward product liability and disrupting the $430B market.",-0.7003
2025-06-09 07:09:28,Jeff Bezos On His Heroes: Why He Sees Edison As A Symbol Of Invention And Disney As A Master Of Vision,"Amazon.com Inc. (NASDAQ: AMZN) founder Jeff Bezos revealed his admiration for Thomas Edison and Walt Disney as his primary historical role models, highlighting qualities that shaped his approach to building one of America&#39;s largest technology companies.",Benzinga,https://finnhub.io/api/news?id=1305218abcebbb0764f0abe0fb3702b4eab333e0c30e2d0094347b53d585d15e,2025-06-09,"Jeff Bezos On His Heroes: Why He Sees Edison As A Symbol Of Invention And Disney As A Master Of Vision. Amazon.com Inc. (NASDAQ: AMZN) founder Jeff Bezos revealed his admiration for Thomas Edison and Walt Disney as his primary historical role models, highlighting qualities that shaped his approach to building one of America&#39;s largest technology companies.",0.8316
2025-06-09 04:01:07,Amazon tests humanoid robots as package deliverers,Copyright © BusinessAMBE 2023Key takeawaysAmazon develops humanoid robots for package deliveryThe robots will be transported in Rivian electric vans and be able to autonomously exit the...,Finnhub,https://finnhub.io/api/news?id=2d5f9bc72b2689e7d61fd5d0d739d870497c5c0d3e9596159f882a6c076c31b5,2025-06-09,Amazon tests humanoid robots as package deliverers. Copyright © BusinessAMBE 2023Key takeawaysAmazon develops humanoid robots for package deliveryThe robots will be transported in Rivian electric vans and be able to autonomously exit the...,0.1779
2025-06-08 07:23:00,Does the EV Industry Have a Truck Problem?,"Towing with full-size trucks requires bigger and more costly batteries.  Truck enthusiasts may be much slower to adopt EVs.  There's a truth in Detroit for Ford Motor Company (NYSE: F) and General Motors, and that's that trucks are king.",Yahoo,https://finnhub.io/api/news?id=08c8f6b3462731bd9f7018b4795249402a81414834ac69bc63d53e5efcb3b5d9,2025-06-08,"Does the EV Industry Have a Truck Problem?. Towing with full-size trucks requires bigger and more costly batteries.  Truck enthusiasts may be much slower to adopt EVs.  There's a truth in Detroit for Ford Motor Company (NYSE: F) and General Motors, and that's that trucks are king.",0.2516
2025-06-07 15:05:00,A Little Bad News for Rivian and Lucid,Survey results suggest cooling sentiment toward EVs.  Consumers still hesitate when it comes to price and public charging infrastructure.  The Trump administration is currently trying to pull back support for EVs.,Yahoo,https://finnhub.io/api/news?id=07a591927c1d9ce8129aad43b03b2bc7a855cdb8ce1dfd15958fcad2d92e186e,2025-06-07,A Little Bad News for Rivian and Lucid. Survey results suggest cooling sentiment toward EVs.  Consumers still hesitate when it comes to price and public charging infrastructure.  The Trump administration is currently trying to pull back support for EVs.,-0.3832
2025-06-07 12:15:00,Where Will Rivian Be in 10 Years?,"Rivian is unveiling three new models: The R2, R3, and R3X.  Rivian Automotive (NASDAQ: RIVN) has a very exciting future ahead of it.  Starting in early 2026, the company expects to begin shipments of three new mass-market vehicles.",Yahoo,https://finnhub.io/api/news?id=f38f7a42f333584f6eb5bbfb9177c6685dc044b06a068bb2b79a9a33ccaf514d,2025-06-07,"Where Will Rivian Be in 10 Years?. Rivian is unveiling three new models: The R2, R3, and R3X.  Rivian Automotive (NASDAQ: RIVN) has a very exciting future ahead of it.  Starting in early 2026, the company expects to begin shipments of three new mass-market vehicles.",0.5413
2025-06-06 15:50:18,Rivian Automotive A Victim Of Poor Timing As Battery Electrics Struggle To Find Buyers,"Rivian's initial promise has faded amid ongoing losses, weak BEV demand, and significant capital burn. Click here to read an analysis of RIVN stock now.",SeekingAlpha,https://finnhub.io/api/news?id=fe7491b283a00049c98b555e6cc6e89d39c07b4b969a165b36493885cc0ee481,2025-06-06,"Rivian Automotive A Victim Of Poor Timing As Battery Electrics Struggle To Find Buyers. Rivian's initial promise has faded amid ongoing losses, weak BEV demand, and significant capital burn. Click here to read an analysis of RIVN stock now.",-0.8591
2025-06-06 14:56:22,Is Tesla More About Elon Musk Than the Cars?,"Charles Lemonides, the CIO and Founder of Valueworks--an investment firm that holds names like Rivian, joined Wall Street Beat on Blooomberg Open Interest to talk about why gamblers should bet on Tesla, and those who want the best electric vehicle positioning should look elsewhere.",Yahoo,https://finnhub.io/api/news?id=1869326d8a1aad30d04fb3a5e89f2a48d5c645dd4a1a20a43175a5e494161735,2025-06-06,"Is Tesla More About Elon Musk Than the Cars?. Charles Lemonides, the CIO and Founder of Valueworks--an investment firm that holds names like Rivian, joined Wall Street Beat on Blooomberg Open Interest to talk about why gamblers should bet on Tesla, and those who want the best electric vehicle positioning should look elsewhere.",0.875
2025-06-06 13:35:18,10 Consumer Discretionary Stocks With Whale Alerts In Today's Session, ,Benzinga,https://finnhub.io/api/news?id=cb9ecd927379de17517937bacd6725db0328ecd3395f319aa07fa38ae4d2793c,2025-06-06,10 Consumer Discretionary Stocks With Whale Alerts In Today's Session.  ,0.0
2025-06-06 11:00:00,Rivian CFO to participate in the Deutsche Bank Global Auto Industry Conference,"IRVINE, Calif., June 06, 2025--Rivian (NASDAQ: RIVN) has today announced that on Thursday, June 12, 2025, at 12:00 p.m. EDT, its CFO, Claire McDonough, will participate in a fireside chat at the Deutsche Bank Global Auto Industry Conference.",Yahoo,https://finnhub.io/api/news?id=4374e1d821e4abcd2751d284b651d0e31c4a6490c3b7455af678f8f4f81853ec,2025-06-06,"Rivian CFO to participate in the Deutsche Bank Global Auto Industry Conference. IRVINE, Calif., June 06, 2025--Rivian (NASDAQ: RIVN) has today announced that on Thursday, June 12, 2025, at 12:00 p.m. EDT, its CFO, Claire McDonough, will participate in a fireside chat at the Deutsche Bank Global Auto Industry Conference.",0.0
2025-06-06 07:34:31,EV Company News For The Month Of May 2025,"Global EV sales soar in 2025 with notable growth in China, Europe, and the USA.",SeekingAlpha,https://finnhub.io/api/news?id=3f0b9c180fb078ca9bf4b6e6b7b879ab0e6d92d79d94e319435cf726d75dd77d,2025-06-06,"EV Company News For The Month Of May 2025. Global EV sales soar in 2025 with notable growth in China, Europe, and the USA.",0.3818
2025-06-05 19:33:49,"Rivian CEO Scaringe on China Tensions, Spinoff of Also",Rivian CEO RJ Scaringe discusses the impact of the Trump administration's tariffs on the electric-vehicle industry and Rivian's spinoff of its micromobility business Also at the Bloomberg Tech Summit in San Francisco.,Yahoo,https://finnhub.io/api/news?id=6379ee1cb15d8145d788c4636d030a1c2e77c480a053e86d6bb2fb97ee3095ed,2025-06-05,"Rivian CEO Scaringe on China Tensions, Spinoff of Also. Rivian CEO RJ Scaringe discusses the impact of the Trump administration's tariffs on the electric-vehicle industry and Rivian's spinoff of its micromobility business Also at the Bloomberg Tech Summit in San Francisco.",-0.4019
2025-06-05 17:37:53,Rivian Automotive (NasdaqGS:RIVN) Prices US$1.25 Billion Green Notes Due 2031,"Rivian Automotive (NasdaqGS:RIVN) recently announced a $1.25 billion debt refinancing plan, which may have buoyed investor confidence, contributing to the company's share price gaining 27% over the last quarter. This initiative reflects Rivian's ongoing efforts to stabilize its financial structure, aligning with other positive developments such as improved Q1 earnings with a net loss reduction and new partnerships to enhance operations. The broader market has also experienced an upward trend,...",Yahoo,https://finnhub.io/api/news?id=4e03c08c095488fec36c9007aeb76f9f3ca682e81c6ea1ade10d46dd31945199,2025-06-05,"Rivian Automotive (NasdaqGS:RIVN) Prices US$1.25 Billion Green Notes Due 2031. Rivian Automotive (NasdaqGS:RIVN) recently announced a $1.25 billion debt refinancing plan, which may have buoyed investor confidence, contributing to the company's share price gaining 27% over the last quarter. This initiative reflects Rivian's ongoing efforts to stabilize its financial structure, aligning with other positive developments such as improved Q1 earnings with a net loss reduction and new partnerships to ",0.8807
2025-06-05 15:31:04,Why Is Rivian Automotive (RIVN) Up 10.1% Since Last Earnings Report?,Rivian Automotive (RIVN) reported earnings 30 days ago. What's next for the stock? We take a look at earnings estimates for some clues.,Yahoo,https://finnhub.io/api/news?id=87c8d9eecb0b920b50bce3ab002ff66351cd5c836a5706f820580247a2fcc282,2025-06-05,Why Is Rivian Automotive (RIVN) Up 10.1% Since Last Earnings Report?. Rivian Automotive (RIVN) reported earnings 30 days ago. What's next for the stock? We take a look at earnings estimates for some clues.,0.0
2025-06-05 11:32:00,This All-American EV Maker Is Charging Germany $3.5 Billion for Access to Its Tech,"Rivian is a relatively young American company that builds electric vehicles.  A key part of Rivian's business model is to sell its U.S. designed technology to others.  In fact, Rivian has entered into a valuable partnership with Germany's Volkswagen.",Yahoo,https://finnhub.io/api/news?id=9d17964a2404095cb91c09f6a164bb0bde196991d0dc0d8eaa3551c01fa9a577,2025-06-05,"This All-American EV Maker Is Charging Germany $3.5 Billion for Access to Its Tech. Rivian is a relatively young American company that builds electric vehicles.  A key part of Rivian's business model is to sell its U.S. designed technology to others.  In fact, Rivian has entered into a valuable partnership with Germany's Volkswagen.",0.4767
2025-06-05 11:27:38,Can Rivian make the great AI leap forward?,"Investing.com -- Rivian may be well-positioned to emerge as a key player in the race toward AI-enabled autonomous driving, according to Morgan Stanley analysts.",Yahoo,https://finnhub.io/api/news?id=d9f1ad3933c1d1bef90f60ac9cfe0a9a26c13da839de3727653f53258c1f5334,2025-06-05,"Can Rivian make the great AI leap forward?. Investing.com -- Rivian may be well-positioned to emerge as a key player in the race toward AI-enabled autonomous driving, according to Morgan Stanley analysts.",0.6249
2025-06-04 22:35:00,Rivian Stock Dips Below $15: Should You Buy?,The electric automaker is struggling to grow.,Yahoo,https://finnhub.io/api/news?id=22def5097923646620c7c1fca95af29f8e1a529881039fb43834dc256a2deded,2025-06-04,Rivian Stock Dips Below $15: Should You Buy?. The electric automaker is struggling to grow.,-0.4215
2025-06-04 22:15:00,Prediction: Buying Rivian Stock Today Could Set You Up for Life,"Rivian is about to reach an inflection point for growth.  There may never be another Tesla (NASDAQ: TSLA).  Tesla's high-profile leader, Elon Musk, has pushed the company into many lucrative verticals, everything from electric vehicles and solar power to distributed energy and robotaxis.",Yahoo,https://finnhub.io/api/news?id=ea5c51b024c7d257729cea8072f2e6f27a7e69a9d1c25c0836c79cdfca0ac716,2025-06-04,"Prediction: Buying Rivian Stock Today Could Set You Up for Life. Rivian is about to reach an inflection point for growth.  There may never be another Tesla (NASDAQ: TSLA).  Tesla's high-profile leader, Elon Musk, has pushed the company into many lucrative verticals, everything from electric vehicles and solar power to distributed energy and robotaxis.",0.5859
2025-06-04 22:10:00,"VW troubled Cariad software unit has turned the corner, CEO Peter Bosch says","Former Bentley CEO Peter Bosch has led a broad reorganization of Cariad, which was launched in 2020 with ambitions to become the “second SAP,” but soon became a symbol of delay and dysfunction within the VW Group.",Yahoo,https://finnhub.io/api/news?id=1d9097757858b7d46f51c2d66bf6109d14667e205a20f38df06952cc32eb5148,2025-06-04,"VW troubled Cariad software unit has turned the corner, CEO Peter Bosch says. Former Bentley CEO Peter Bosch has led a broad reorganization of Cariad, which was launched in 2020 with ambitions to become the “second SAP,” but soon became a symbol of delay and dysfunction within the VW Group.",-0.8126
2025-06-04 20:25:00,"Rivian Automotive, Inc. Prices $1.25 Billion Senior Secured Green Notes Offering to Refinance Outstanding Senior Secured Notes due 2026","IRVINE, Calif., June 04, 2025--Rivian Automotive, Inc. (Nasdaq: RIVN) (""Rivian"") today announced that Rivian Holdings, LLC (the ""Company""), Rivian, LLC (""Rivian LLC"") and Rivian Automotive, LLC (""Rivian Automotive"" and, together with the Company and Rivian LLC, the ""Co-Issuers"") priced their private offering of $1,250,000,000 aggregate principal amount of 10.000% senior secured green notes due 2031 (the ""notes""). Rivian expects to use the net proceeds from the offering of the notes, together wit",Yahoo,https://finnhub.io/api/news?id=0036821b876fb6d223ba1ce234dc7dd3d5b36712f022a3419061d67515015618,2025-06-04,"Rivian Automotive, Inc. Prices $1.25 Billion Senior Secured Green Notes Offering to Refinance Outstanding Senior Secured Notes due 2026. IRVINE, Calif., June 04, 2025--Rivian Automotive, Inc. (Nasdaq: RIVN) (""Rivian"") today announced that Rivian Holdings, LLC (the ""Company""), Rivian, LLC (""Rivian LLC"") and Rivian Automotive, LLC (""Rivian Automotive"" and, together with the Company and Rivian LLC, the ""Co-Issuers"") priced their private offering of $1,250,000,000 aggregate principal amount of 10.00",0.8555
2025-06-04 16:32:07,"Rivian Automotive, Inc. Prices $1.25 Billion Senior Secured Green Notes Offering","Rivian Automotive Inc: * RIVIAN AUTOMOTIVE, INC. PRICES $1.25 BILLION SENIORSECUREDGREEN NOTES OFFERING TO REFINANCE OUTSTANDING SENIOR SECUREDNOTES DUE 2026 * RIVIAN...",Finnhub,https://finnhub.io/api/news?id=d3dc2ea2c99dca0641cd9c19dce5f77aa73f3c9fa3eaec666a8051612e5de26e,2025-06-04,"Rivian Automotive, Inc. Prices $1.25 Billion Senior Secured Green Notes Offering. Rivian Automotive Inc: * RIVIAN AUTOMOTIVE, INC. PRICES $1.25 BILLION SENIORSECUREDGREEN NOTES OFFERING TO REFINANCE OUTSTANDING SENIOR SECUREDNOTES DUE 2026 * RIVIAN...",0.8143
2025-06-04 15:04:00,Will Rivian's Charging Update Help It Catch Up With Rivals?,"RIVN's latest software update boosts charging speeds, adds manual preconditioning and sharpens energy tracking features.",Yahoo,https://finnhub.io/api/news?id=fbe0c416756f1d79f65936e4b9cf0b0539a584742765122dda86ea37c6e57143,2025-06-04,"Will Rivian's Charging Update Help It Catch Up With Rivals?. RIVN's latest software update boosts charging speeds, adds manual preconditioning and sharpens energy tracking features.",0.7269
2025-06-04 11:59:10,"Rivian Automotive, Inc. (RIVN) CEO RJ Scaringe presents at UBS Auto & Auto Tech Conference (Transcript)","Rivian Automotive, Inc. (NASDAQ:RIVN) UBS Auto &amp; Auto Tech Conference June 4, 2025 8:50 AM ETCompany ParticipantsRobert Joseph Scaringe - Founder, CEO...",SeekingAlpha,https://finnhub.io/api/news?id=67cde464b93fde59e2827625ccdfdcd29d0f012eb035d8a8aa6385c844807928,2025-06-04,"Rivian Automotive, Inc. (RIVN) CEO RJ Scaringe presents at UBS Auto & Auto Tech Conference (Transcript). Rivian Automotive, Inc. (NASDAQ:RIVN) UBS Auto &amp; Auto Tech Conference June 4, 2025 8:50 AM ETCompany ParticipantsRobert Joseph Scaringe - Founder, CEO...",0.0
2025-06-04 11:00:00,Does the Future Look Bright for Rivian Stock?,"Rivian Automotive is aiming to bring cheaper models to market in the next few years.  It should benefit from increased demand for EVs, but it also faces a lot of competition.  It has been tough sledding for Rivian Automotive (NASDAQ: RIVN) since going public in 2021.",Yahoo,https://finnhub.io/api/news?id=16280a6b3a054a559831586047a66f1a42142336c8a65c4b72cd91733f3385cf,2025-06-04,"Does the Future Look Bright for Rivian Stock?. Rivian Automotive is aiming to bring cheaper models to market in the next few years.  It should benefit from increased demand for EVs, but it also faces a lot of competition.  It has been tough sledding for Rivian Automotive (NASDAQ: RIVN) since going public in 2021.",0.3612
2025-06-04 10:05:41,"Transcript : Rivian Automotive, Inc. Presents at UBS Auto & Auto Tech Conference 2025, Jun-04-2025 08","Presenter SpeechUnknown Analyst All right. Welcome, everyone. We're about to kick off the Second Annual UBS Auto & Auto Tech Conference. Really pleased all of you can join us here today in person",Finnhub,https://finnhub.io/api/news?id=35db08b26e9495c70bd2d85a4f6cc7aef2f353169857f26d7c06b301e157fa9f,2025-06-04,"Transcript : Rivian Automotive, Inc. Presents at UBS Auto & Auto Tech Conference 2025, Jun-04-2025 08. Presenter SpeechUnknown Analyst All right. Welcome, everyone. We're about to kick off the Second Annual UBS Auto & Auto Tech Conference. Really pleased all of you can join us here today in person",0.8122
2025-06-03 21:44:20,Auto sales see 'return to normal' while trying to shake off tariffs,"While Ford (F) posted a 16% year-over-year increase in May auto sales — bolstered by employee pricing discounts — how have other automakers been trying to get ahead of tariff impacts? CarGurus director of economic and market intelligence Kevin Roberts joins Asking for a Trend's Josh Lipton to talk more about auto price forecasts as car brands navigate President Trump's tariff policies and proposals to tax steel imports. To watch more expert insights and analysis on the latest market action, chec",Yahoo,https://finnhub.io/api/news?id=3d06ebaa149aac3f0ec901f7b9b3cde08699ed8412b3a1b0d32df0367a37f8f4,2025-06-03,Auto sales see 'return to normal' while trying to shake off tariffs. While Ford (F) posted a 16% year-over-year increase in May auto sales — bolstered by employee pricing discounts — how have other automakers been trying to get ahead of tariff impacts? CarGurus director of economic and market intelligence Kevin Roberts joins Asking for a Trend's Josh Lipton to talk more about auto price forecasts as car brands navigate President Trump's tariff policies and proposals to tax steel imports. To watc,0.5719
2025-06-03 18:56:05,"Rivian Automotive, Inc. (RIVN) TD Cowen 9th Annual Future of the Consumer Conference (Transcript)","Rivian Automotive, Inc. (NASDAQ:RIVN) TD Cowen 9th Annual Future of the Consumer Conference June 3, 2025 3:30 PM ETCompany ParticipantsRJ Scaringe - Founder...",SeekingAlpha,https://finnhub.io/api/news?id=256f02843a6ccda9561f550c74f12301ee2bb837ac76760de64e9204994d0118,2025-06-03,"Rivian Automotive, Inc. (RIVN) TD Cowen 9th Annual Future of the Consumer Conference (Transcript). Rivian Automotive, Inc. (NASDAQ:RIVN) TD Cowen 9th Annual Future of the Consumer Conference June 3, 2025 3:30 PM ETCompany ParticipantsRJ Scaringe - Founder...",0.0
2025-06-03 16:50:22,"Transcript : Rivian Automotive, Inc. Presents at TD Cowen 9th Annual Future of the Consumer Conference, Jun-03-2025 03","Presenter SpeechItay Michaeli Let me just to tick it off, RJ. So since we are at a consumer conference talk to us about [indiscernible].Presenter SpeechRobert Scaringe [indiscernible] landed on",Finnhub,https://finnhub.io/api/news?id=5aa2cbed8216420b90d8df19ffe8456595676d72f00fd29aa08d9bd2deac34b1,2025-06-03,"Transcript : Rivian Automotive, Inc. Presents at TD Cowen 9th Annual Future of the Consumer Conference, Jun-03-2025 03. Presenter SpeechItay Michaeli Let me just to tick it off, RJ. So since we are at a consumer conference talk to us about [indiscernible].Presenter SpeechRobert Scaringe [indiscernible] landed on",0.0
2025-06-02 17:40:47,"Rivian’s R2 will 'underpin' all future Volkswagen EVs, exec says","Wassym Bensaid, Rivian’s chief software officer and co-head of the Rivian-VW joint venture, aims to right the ship for VW and help get Rivian software products to as many users as possible.",Yahoo,https://finnhub.io/api/news?id=a7f2cacbe80337b28f3f7ba9ddd9d5ddf6f921b69c2ffcd771a52503b9c2f1b6,2025-06-02,"Rivian’s R2 will 'underpin' all future Volkswagen EVs, exec says. Wassym Bensaid, Rivian’s chief software officer and co-head of the Rivian-VW joint venture, aims to right the ship for VW and help get Rivian software products to as many users as possible.",0.4019
2025-06-02 11:15:00,"Rivian Automotive, Inc. Announces Proposed $1.25 Billion Senior Secured Green Notes Offering to Refinance Outstanding Senior Secured Notes due 2026","IRVINE, Calif., June 02, 2025--Rivian Automotive, Inc. (Nasdaq: RIVN) (""Rivian"") today announced that Rivian Holdings, LLC (the ""Company""), Rivian, LLC (""Rivian LLC"") and Rivian Automotive, LLC (""Rivian Automotive"" and, together with the Company and Rivian LLC, the ""Co-Issuers"") intend to offer, subject to market and other customary conditions, $1,250,000,000 aggregate principal amount of senior secured green notes due 2031 (the ""notes"") in a private offering. Rivian expects to use the net proce",Yahoo,https://finnhub.io/api/news?id=474a39510ed0801c3c7310589da1c35d7bfe69ff96c037608439612b6667a1db,2025-06-02,"Rivian Automotive, Inc. Announces Proposed $1.25 Billion Senior Secured Green Notes Offering to Refinance Outstanding Senior Secured Notes due 2026. IRVINE, Calif., June 02, 2025--Rivian Automotive, Inc. (Nasdaq: RIVN) (""Rivian"") today announced that Rivian Holdings, LLC (the ""Company""), Rivian, LLC (""Rivian LLC"") and Rivian Automotive, LLC (""Rivian Automotive"" and, together with the Company and Rivian LLC, the ""Co-Issuers"") intend to offer, subject to market and other customary conditions, $1,2",0.8555
2025-06-02 08:16:07,Rivian Automotive Announces Proposed $1.25 Bln Senior Secured Green Notes,Rivian Automotive Inc: * RIVIAN AUTOMOTIVE ANNOUNCES PROPOSED $1.25 BILLION SENIORSECURED GREEN NOTES OFFERING TO REFINANCE OUTSTANDING SENIORSECURED NOTES DUE 2026Source...,Finnhub,https://finnhub.io/api/news?id=110ed0a189b803b6bac26544ff3394e81b8f8eb20086f83b24bcb477bc9659ed,2025-06-02,Rivian Automotive Announces Proposed $1.25 Bln Senior Secured Green Notes. Rivian Automotive Inc: * RIVIAN AUTOMOTIVE ANNOUNCES PROPOSED $1.25 BILLION SENIORSECURED GREEN NOTES OFFERING TO REFINANCE OUTSTANDING SENIORSECURED NOTES DUE 2026Source...,0.8143
2025-05-31 08:05:00,Prediction: Rivian Stock Is a Buy Before Aug. 5,"Rivian's revenue growth rates are about to spike.  Rivian Automotive (NASDAQ: RIVN) investors have been very happy over the past month.  There are three major reasons investors should consider buying Rivian shares before the company's next earnings call, which is expected to occur sometime around Aug. 5.",Yahoo,https://finnhub.io/api/news?id=fa34023e05e522ff079fca76b2abbfc43ecc4d76f85f1daa9d2e61f3e53b3c1d,2025-05-31,"Prediction: Rivian Stock Is a Buy Before Aug. 5. Rivian's revenue growth rates are about to spike.  Rivian Automotive (NASDAQ: RIVN) investors have been very happy over the past month.  There are three major reasons investors should consider buying Rivian shares before the company's next earnings call, which is expected to occur sometime around Aug. 5.",0.8313
2025-05-30 19:48:32,Sector Update: Consumer Stocks Mixed in Late Afternoon Trading,"Consumer stocks were mixed late Friday afternoon, with the Consumer Staples Select Sector SPDR Fund",Yahoo,https://finnhub.io/api/news?id=90615345cc8ff9d0be5da299bfec1a0aa9c260ac84ae6a01f433011ffc4668fd,2025-05-30,"Sector Update: Consumer Stocks Mixed in Late Afternoon Trading. Consumer stocks were mixed late Friday afternoon, with the Consumer Staples Select Sector SPDR Fund",0.0
2025-05-30 18:05:06,"Rivian eyes new debt deal as expected vehicle deliveries slump, Bloomberg News reports","JPMorgan is sounding out investors on the bond deal, with early pricing talks suggesting a yield around 10%.  The transaction could launch as soon as next week, although the deal is still under discussion and may not proceed as planned, according to the report.  Rivian and JPMorgan did not immediately respond to Reuters' requests for comment.",Yahoo,https://finnhub.io/api/news?id=d0e4c444eee313b363d66d6b043e8e7b2e6d3a134965b7c87fa006264ae052b8,2025-05-30,"Rivian eyes new debt deal as expected vehicle deliveries slump, Bloomberg News reports. JPMorgan is sounding out investors on the bond deal, with early pricing talks suggesting a yield around 10%.  The transaction could launch as soon as next week, although the deal is still under discussion and may not proceed as planned, according to the report.  Rivian and JPMorgan did not immediately respond to Reuters' requests for comment.",-0.3612
2025-05-30 16:38:14,How Rivian is using software to compete with rivals,"Rivian (RIVN) is expected to start delivering its R2 SUV in 2026. One of the big things the company is focusing on with both the R2 and its existing fleet is software. In the video above, Rivian's chief software officer, Wassym Bensaid, shares the importance of software to the next generation of vehicles. To watch more expert insights and analysis on the latest market action, check out more Asking for a Trend here.",Yahoo,https://finnhub.io/api/news?id=3339ff51c0698831b7f98fbcb4132b58168a7ca55706f993b753d5a2e132f9af,2025-05-30,"How Rivian is using software to compete with rivals. Rivian (RIVN) is expected to start delivering its R2 SUV in 2026. One of the big things the company is focusing on with both the R2 and its existing fleet is software. In the video above, Rivian's chief software officer, Wassym Bensaid, shares the importance of software to the next generation of vehicles. To watch more expert insights and analysis on the latest market action, check out more Asking for a Trend here.",0.5719
2025-05-29 13:00:14,"Rivian Automotive, Inc. (RIVN) is Attracting Investor Attention: Here is What You Should Know","Rivian Automotive (RIVN) has received quite a bit of attention from Zacks.com users lately. Therefore, it is wise to be aware of the facts that can impact the stock's prospects.",Yahoo,https://finnhub.io/api/news?id=14878723cb10273feb0734912eed924b2d67130636afc59372bd4e86e3897d57,2025-05-29,"Rivian Automotive, Inc. (RIVN) is Attracting Investor Attention: Here is What You Should Know. Rivian Automotive (RIVN) has received quite a bit of attention from Zacks.com users lately. Therefore, it is wise to be aware of the facts that can impact the stock's prospects.",0.8126
2025-05-29 12:47:00,Stellantis to End In-Car Technology Partnership With Amazon,"STLA to part ways with Amazon on in-car tech project, shifting to Android-based systems while advancing AI and automated driving plans.",Yahoo,https://finnhub.io/api/news?id=854c6c2db0c0c5fa10199678f5ecce8fd0ad1e9302eeaace7ab730807393002a,2025-05-29,"Stellantis to End In-Car Technology Partnership With Amazon. STLA to part ways with Amazon on in-car tech project, shifting to Android-based systems while advancing AI and automated driving plans.",0.34
2025-05-29 08:56:00,Rivian secures $1B infusion from VW after meeting Q2 profit goal,"Volkswagen Group’s investment will help the EV maker continue production, even as the company works to mitigate the impact of tariffs.",Yahoo,https://finnhub.io/api/news?id=566a2bbd526bdec5f4c575a8796dd994efbd3b43deb33ea7619a25cd8a33a8fe,2025-05-29,"Rivian secures $1B infusion from VW after meeting Q2 profit goal. Volkswagen Group’s investment will help the EV maker continue production, even as the company works to mitigate the impact of tariffs.",0.7845
2025-05-28 19:46:28,Rivian Gets Price Target Bump With 31% Upside Forecast,"Exane BNP Paribas raised Rivian's price target to $20, signaling a 31% upside potential.",Yahoo,https://finnhub.io/api/news?id=502db281804a947a368971ddd7953569fe667fe7dbae3b0eee9d8c560e2a531f,2025-05-28,"Rivian Gets Price Target Bump With 31% Upside Forecast. Exane BNP Paribas raised Rivian's price target to $20, signaling a 31% upside potential.",0.0
2025-05-28 15:26:55,Rivian (RIVN) Stock Gets $13 Price Target as UBS Eyes Long-Term Potential in R2 Launch,"We recently published a list of 10 AI Stocks Gaining Wall Street’s Attention. In this article, we are going to take a look at where Rivian Automotive, Inc. (NASDAQ:RIVN) stands against other AI stocks gaining Wall Street’s attention. On May 27, Investment bank UBS Group AG maintained a “Neutral” rating for Rivian Automotive, Inc. (NASDAQ:RIVN) […]",Yahoo,https://finnhub.io/api/news?id=010c63c16116cd752c0065019c2700e9a8ff451c0fbfcc99034477fe14a70b45,2025-05-28,"Rivian (RIVN) Stock Gets $13 Price Target as UBS Eyes Long-Term Potential in R2 Launch. We recently published a list of 10 AI Stocks Gaining Wall Street’s Attention. In this article, we are going to take a look at where Rivian Automotive, Inc. (NASDAQ:RIVN) stands against other AI stocks gaining Wall Street’s attention. On May 27, Investment bank UBS Group AG maintained a “Neutral” rating for Rivian Automotive, Inc. (NASDAQ:RIVN) […]",0.6808
2025-05-28 08:32:32,"RJ Scaringe Touts $45,000 Rivian R2's Multi-Link Suspension And 'Starfish' Knuckle: 'Can't Wait For Folks…'",Rivian CEO shares sneak peek of upcoming Rivian R2&#39;s rear suspension ahead of 2026 launch as analysts raise RIVN price target to $13.,Benzinga,https://finnhub.io/api/news?id=967afa5e5614d88fb3f55245cf78765715dcd9b392131a8e61474b0bb691e37e,2025-05-28,"RJ Scaringe Touts $45,000 Rivian R2's Multi-Link Suspension And 'Starfish' Knuckle: 'Can't Wait For Folks…'. Rivian CEO shares sneak peek of upcoming Rivian R2&#39;s rear suspension ahead of 2026 launch as analysts raise RIVN price target to $13.",0.2732
2025-05-28 04:41:54,Lucid Group: Poised For Growth (Rating Upgrade),Lucid Group's ambitious 2025 delivery forecast and Gravity production ramp are promising. Read why I am upgrading LCID stock from Sell to Hold.,SeekingAlpha,https://finnhub.io/api/news?id=658dd52c5f9008d48c39b60bfcc92e4c1a72aac11fbc1c8c1cc90f564be158ea,2025-05-28,Lucid Group: Poised For Growth (Rating Upgrade). Lucid Group's ambitious 2025 delivery forecast and Gravity production ramp are promising. Read why I am upgrading LCID stock from Sell to Hold.,0.8555
2025-05-27 20:33:00,"For EV stocks, buy Rivian over Stellantis: Good Buy or Goodbye","In this segment of Good Buy or Goodbye, GraniteShares founder and CEO Will Rhind joins Market Domination host Josh Lipton to share his best and worst stock picks. Rhind explains why he thinks Rivian (RIVN) could be a smart electric vehicle (EV) bet as tariffs loom over the industry, and why he's steering clear of Stellantis (STLA). To watch more expert insights and analysis on the latest market action, check out more Market Domination here. Don't forget to catch up on Good Buy or Goodbye.",Yahoo,https://finnhub.io/api/news?id=55e1b5ccf82641ee060fe380454e26946eb9cbb541d42f912714696faae96cb3,2025-05-27,"For EV stocks, buy Rivian over Stellantis: Good Buy or Goodbye. In this segment of Good Buy or Goodbye, GraniteShares founder and CEO Will Rhind joins Market Domination host Josh Lipton to share his best and worst stock picks. Rhind explains why he thinks Rivian (RIVN) could be a smart electric vehicle (EV) bet as tariffs loom over the industry, and why he's steering clear of Stellantis (STLA). To watch more expert insights and analysis on the latest market action, check out more Market Dominati",0.8834
2025-05-27 14:39:55,"Declining EV interest, pricing concerns may limit near-term growth for Rivian: UBS","Investing.com -- UBS analysts cautioned that Rivian Automotive (NASDAQ:RIVN) may face headwinds in the near term, citing findings from their 2025 UBS Evidence Lab Global EV survey.",Yahoo,https://finnhub.io/api/news?id=b3b8d30480f16c3297789d62c4e99ac3089140ea105ce46e59e2b0c78ea3ae39,2025-05-27,"Declining EV interest, pricing concerns may limit near-term growth for Rivian: UBS. Investing.com -- UBS analysts cautioned that Rivian Automotive (NASDAQ:RIVN) may face headwinds in the near term, citing findings from their 2025 UBS Evidence Lab Global EV survey.",0.6808
2025-05-27 08:00:00,Nvidia Stock Ahead Of Earnings: Is A Massive Breakout Coming?,,SeekingAlpha,https://finnhub.io/api/news?id=a3b20da57f5e28501905b1de57471333f6a28dcdec46555c7587184302a5b823,2025-05-27,Nvidia Stock Ahead Of Earnings: Is A Massive Breakout Coming?. ,0.0
2025-05-27 02:58:47,Gary Black Says Price War By BYD Threatens Tesla — Dismisses Elon Musk's Comeback As 'Non-Event',"Shares of Tesla Inc. (NASDAQ: TSLA) might be in for a rough week, according to fund manager Gary Black, following the announcement of steep discounts by the company&#39;s Chinese rival.",Benzinga,https://finnhub.io/api/news?id=a5ad02c4b7d1d72f7c39bfaf87c6fcdd885ba016aa0497dfd41328e2b5a99196,2025-05-27,"Gary Black Says Price War By BYD Threatens Tesla — Dismisses Elon Musk's Comeback As 'Non-Event'. Shares of Tesla Inc. (NASDAQ: TSLA) might be in for a rough week, according to fund manager Gary Black, following the announcement of steep discounts by the company&#39;s Chinese rival.",-0.6486
2025-05-25 22:34:00,Polling Indicates Tesla's Popularity has Plunged: Should Investors Buy Rivian Stock Now?,"Rivian has struggled to grow sales. Elon Musk's political moves have weighed on Tesla, which investors hope will give Rivian the boost it needs.",Yahoo,https://finnhub.io/api/news?id=3e03e1dc58c31a41f141b23f018649f3cc86cefbf6f4c7106e101b5d10bfb774,2025-05-25,"Polling Indicates Tesla's Popularity has Plunged: Should Investors Buy Rivian Stock Now?. Rivian has struggled to grow sales. Elon Musk's political moves have weighed on Tesla, which investors hope will give Rivian the boost it needs.",0.743
2025-05-25 10:07:11,"Consumer Tech News (May 19-May 23): Trump Warns Apple Of 25% Tariff if Manufactured Overseas, Disney Sues YouTube & More",President Trump warns Apple of 25% tariff if they don&#39;t manufacture iPhones in the U.S. DOT expected to declare CAFE regulations exceeded legal authority. Apple poaches Google&#39;s AI chief but still behind in AI race. Meta&#39;s Instagram testing referral program.,Benzinga,https://finnhub.io/api/news?id=928a93b3beb64be7a6616696dfa9ce05dbe1059f6edb32f4738872cb02b479f6,2025-05-25,"Consumer Tech News (May 19-May 23): Trump Warns Apple Of 25% Tariff if Manufactured Overseas, Disney Sues YouTube & More. President Trump warns Apple of 25% tariff if they don&#39;t manufacture iPhones in the U.S. DOT expected to declare CAFE regulations exceeded legal authority. Apple poaches Google&#39;s AI chief but still behind in AI race. Meta&#39;s Instagram testing referral program.",-0.034
2025-05-24 14:15:35,"Trump Trade: Trump considers 50% tariff on EU, 25% on iPhones","Catch up on the top industries and stocks that were impacted, or were predicted to be impacted, by the comments, actions and policies of President Donald Trump with this daily recap compiled by The Fly: TARIFF ON EU: President Donald Trump stated in a post to Truth Social, “The European Union, which was formed for the primary purpose of taking advantage of the United States on TRADE, has been very difficult to deal with. Their powerful Trade Barriers, Vat Taxes, ridiculous Corporate Penalties, N",Yahoo,https://finnhub.io/api/news?id=e1fe27bc5b23661c2a8f8a4a1891f6eceb87a8e155bbcdf4256cec92144328e5,2025-05-24,"Trump Trade: Trump considers 50% tariff on EU, 25% on iPhones. Catch up on the top industries and stocks that were impacted, or were predicted to be impacted, by the comments, actions and policies of President Donald Trump with this daily recap compiled by The Fly: TARIFF ON EU: President Donald Trump stated in a post to Truth Social, “The European Union, which was formed for the primary purpose of taking advantage of the United States on TRADE, has been very difficult to deal with. Their powerf",0.6258
2025-05-24 07:55:00,Better EV Stock: Rivian vs. Lucid,Which of these fallen electric vehicle makers deserves a second look?,Yahoo,https://finnhub.io/api/news?id=52590c7722b72ebc4054be1ac67594ffe91df6bd32227c96a3ebb936f37ec9de,2025-05-24,Better EV Stock: Rivian vs. Lucid. Which of these fallen electric vehicle makers deserves a second look?,0.1027
2025-05-23 21:25:49,Rivian (RIVN) Set to Showcase AI and AV Progress – Here’s What to Watch,"We recently published a list of 10 AI Stocks on Latest News and Ratings. In this article, we are going to take a look at where Rivian Automotive, Inc. (NASDAQ:RIVN) stands against other best AI stocks on latest news and ratings. Rivian Automotive, Inc. (NASDAQ:RIVN) is an automaker that creates and manufactures electric vehicles, as […]",Yahoo,https://finnhub.io/api/news?id=84efc6b6d3a843b5a86c8c9c5d30431e5997715f00a37339b0597487f8f4694f,2025-05-23,"Rivian (RIVN) Set to Showcase AI and AV Progress – Here’s What to Watch. We recently published a list of 10 AI Stocks on Latest News and Ratings. In this article, we are going to take a look at where Rivian Automotive, Inc. (NASDAQ:RIVN) stands against other best AI stocks on latest news and ratings. Rivian Automotive, Inc. (NASDAQ:RIVN) is an automaker that creates and manufactures electric vehicles, as […]",0.8442
2025-05-23 13:40:13,Has Rivian Automotive (RIVN) Outpaced Other Auto-Tires-Trucks Stocks This Year?,"Here is how Rivian Automotive (RIVN) and Xos, Inc. (XOS) have performed compared to their sector so far this year.",Yahoo,https://finnhub.io/api/news?id=7b97f8841440e1228f8a12a8ad0af9b0db7b636b1736384fa1d077cc8668e219,2025-05-23,"Has Rivian Automotive (RIVN) Outpaced Other Auto-Tires-Trucks Stocks This Year?. Here is how Rivian Automotive (RIVN) and Xos, Inc. (XOS) have performed compared to their sector so far this year.",0.0
2025-05-23 13:30:00,Should Investors Be Concerned About Rivian's Recent Delivery Results?,"Deliveries by the electric vehicle maker have slowed over the past year.  It seems like ages ago, but many investors forgot that at the end of 2023, Rivian Automotive (NASDAQ: RIVN) arguably had more momentum than any other young electric-vehicle (EV) maker.  Since then, however, demand has faltered and sales and deliveries have declined.",Yahoo,https://finnhub.io/api/news?id=76d83bfb21fb2a3385321475398d62671960d8ddcb6bd0d239fa602eeadbe978,2025-05-23,"Should Investors Be Concerned About Rivian's Recent Delivery Results?. Deliveries by the electric vehicle maker have slowed over the past year.  It seems like ages ago, but many investors forgot that at the end of 2023, Rivian Automotive (NASDAQ: RIVN) arguably had more momentum than any other young electric-vehicle (EV) maker.  Since then, however, demand has faltered and sales and deliveries have declined.",-0.3612
2025-05-23 08:09:47,"QCLN: Tough Week For Clean Energy, Sell As Outlook Looks Bleak","Discover why QCLN's volatility, underperformance, and sector struggles make it a sell, despite recent gains.",SeekingAlpha,https://finnhub.io/api/news?id=bff429e023c8073b561bc4601e7357f101529cf32c0e770f82668f0a50cd8dee,2025-05-23,"QCLN: Tough Week For Clean Energy, Sell As Outlook Looks Bleak. Discover why QCLN's volatility, underperformance, and sector struggles make it a sell, despite recent gains.",-0.0608
2025-05-23 02:40:50,Jim Cramer Prefers Rivian Over Lucid Group (LCID),"We recently published a list of Jim Cramer Discussed These 9 Stocks Recently. In this article, we are going to take a look at where Lucid Group, Inc. (NASDAQ:LCID) stands against other stocks that Jim Cramer discussed recently. When a caller asked if Lucid Group, Inc. (NASDAQ:LCID) is a long-term play, Cramer commented: “You’re 21. […]",Yahoo,https://finnhub.io/api/news?id=6404d9921278430c26262afcae026d46def4dffc4aea0a5d498a560790c5182a,2025-05-23,"Jim Cramer Prefers Rivian Over Lucid Group (LCID). We recently published a list of Jim Cramer Discussed These 9 Stocks Recently. In this article, we are going to take a look at where Lucid Group, Inc. (NASDAQ:LCID) stands against other stocks that Jim Cramer discussed recently. When a caller asked if Lucid Group, Inc. (NASDAQ:LCID) is a long-term play, Cramer commented: “You’re 21. […]",0.34
2025-05-22 14:00:00,Is Rivian Stock a Buy Now?,"Shares of the electric vehicle maker have risen 50% in value in 30 days.  Rivian Automotive (NASDAQ: RIVN) shares have surged over the past month, rising in value by roughly 50%.  The electric vehicle maker is about to experience a huge jump in growth, a surge that could persist for several years.",Yahoo,https://finnhub.io/api/news?id=9973d5690e49301350633ae4cac78b20cf1a8acdd5b21e4b4cabca8c9f0cf05d,2025-05-22,"Is Rivian Stock a Buy Now?. Shares of the electric vehicle maker have risen 50% in value in 30 days.  Rivian Automotive (NASDAQ: RIVN) shares have surged over the past month, rising in value by roughly 50%.  The electric vehicle maker is about to experience a huge jump in growth, a surge that could persist for several years.",0.9022
2025-05-22 11:35:06,"XPeng Could Surge On Record Growth, AI Breakthroughs, And Wall Street's Blind Spot","XPeng Inc. leads early EV peers in revenue growth and narrowing losses, boosted by strong deliveries and key partnerships. See why XPEV stock is a buy.",SeekingAlpha,https://finnhub.io/api/news?id=b193d0b18fc261d9aaf4e8b73b746677ef55294c8ef195cbd1e0131b1beac2e7,2025-05-22,"XPeng Could Surge On Record Growth, AI Breakthroughs, And Wall Street's Blind Spot. XPeng Inc. leads early EV peers in revenue growth and narrowing losses, boosted by strong deliveries and key partnerships. See why XPEV stock is a buy.",0.6808
2025-05-22 04:32:51,3 Unpopular Stocks in Hot Water,"When Wall Street turns bearish on a stock, it’s worth paying attention. These calls stand out because analysts rarely issue grim ratings on companies for fear their firms will lose out in other business lines such as M&A advisory.",Yahoo,https://finnhub.io/api/news?id=f7da4d9ceca73072d522987768a6de04d937361d3f73d2c633b078b9f3014df6,2025-05-22,"3 Unpopular Stocks in Hot Water. When Wall Street turns bearish on a stock, it’s worth paying attention. These calls stand out because analysts rarely issue grim ratings on companies for fear their firms will lose out in other business lines such as M&A advisory.",-0.2505
2025-05-21 22:14:00,2 Reasons to Buy Rivian Now,"Rivian has posted two consecutive quarters of record gross profits.  Rivian removed $22,600 of cost of goods sold from each vehicle during the first quarter.  Rivian is embarking on its first major marketing campaign to drive demand.",Yahoo,https://finnhub.io/api/news?id=6690a01db96dac038c4dc1cbbcb60392b1c952cd72ff711e700e7c8bddae6d83,2025-05-21,"2 Reasons to Buy Rivian Now. Rivian has posted two consecutive quarters of record gross profits.  Rivian removed $22,600 of cost of goods sold from each vehicle during the first quarter.  Rivian is embarking on its first major marketing campaign to drive demand.",-0.1779
2025-05-21 20:32:35,Samsara Inc (IOT) Partners with Rivian Automotive (RIVN) to Enhance Electric Fleet Management,"On May 21, Samsara Inc. (NYSE:IOT) announced a partnership with Rivian Automotive Inc. (NASDAQ:RIVN) to streamline electric fleet management. The partnership is aimed at simplifying electric fleet management for commercial customers through integrating Rivian’s vehicle data with Samsara Connected Operations Platform. Rivian Automotive, Inc. (NASDAQ:RIVN) is an American electric vehicle manufacturing company that also sells […]",Yahoo,https://finnhub.io/api/news?id=ceb2779a89a2e9621119d85be5511fa6c41d3949d16167b100e65c05ddaa4e81,2025-05-21,"Samsara Inc (IOT) Partners with Rivian Automotive (RIVN) to Enhance Electric Fleet Management. On May 21, Samsara Inc. (NYSE:IOT) announced a partnership with Rivian Automotive Inc. (NASDAQ:RIVN) to streamline electric fleet management. The partnership is aimed at simplifying electric fleet management for commercial customers through integrating Rivian’s vehicle data with Samsara Connected Operations Platform. Rivian Automotive, Inc. (NASDAQ:RIVN) is an American electric vehicle manufacturing co",0.0
2025-05-21 13:52:03,Here's What's Fueling A Potential 10x Surge In Lucid Stock,"Lucid Group, Inc. offers long-term growth potential with Saudi partnerships and upcoming EVs. Click for why LCID is rated a Buy despite short-term uncertainties.",SeekingAlpha,https://finnhub.io/api/news?id=35e5033bb49d6da751e48e469e1e5fee1971edf0e05037a71cdf26c4d74e5014,2025-05-21,"Here's What's Fueling A Potential 10x Surge In Lucid Stock. Lucid Group, Inc. offers long-term growth potential with Saudi partnerships and upcoming EVs. Click for why LCID is rated a Buy despite short-term uncertainties.",0.5627
2025-05-21 01:05:00,U.S. Visionaries: 3 Long-Term Investments Forging America's Future,"Archer Aviation is setting its sights on providing air taxi services in major U.S. metropolitan areas with its eVTOL aircraft.  Manufacturing utility-scale solar panels, First Solar has a value-chain that stretches throughout the U.S.  Rivian is building electric pickup trucks and delivery vans at a facility in Illinois, with plans to expand production at a facility in Georgia.",Yahoo,https://finnhub.io/api/news?id=11b0f666a4c73764d349cae4c8c90f8362a1122a086582910b0eff09cdb57779,2025-05-21,"U.S. Visionaries: 3 Long-Term Investments Forging America's Future. Archer Aviation is setting its sights on providing air taxi services in major U.S. metropolitan areas with its eVTOL aircraft.  Manufacturing utility-scale solar panels, First Solar has a value-chain that stretches throughout the U.S.  Rivian is building electric pickup trucks and delivery vans at a facility in Illinois, with plans to expand production at a facility in Georgia.",0.3182
2025-05-20 20:50:05,"BNP Paribas Maintains Overweight on Rivian (RIVN) Stock, Lifts PT","On Monday, May 19, BNP Paribas Exane analyst James Picariello raised the price target on Rivian Automotive, Inc. (NASDAQ:RIVN) from $18 to $20 and kept an “Outperform” rating. The analyst highlighted the company’s gross profit improvement and its ability to tackle the changing tariffs environment. Picariello praised Rivian Automotive, Inc.’s (NASDAQ:RIVN) approach with the R1 […]",Yahoo,https://finnhub.io/api/news?id=cc9a30dc9d1fa4ce2ef0ffb30ac932d8dfa511f1923a7ab63c3e60c540ffc491,2025-05-20,"BNP Paribas Maintains Overweight on Rivian (RIVN) Stock, Lifts PT. On Monday, May 19, BNP Paribas Exane analyst James Picariello raised the price target on Rivian Automotive, Inc. (NASDAQ:RIVN) from $18 to $20 and kept an “Outperform” rating. The analyst highlighted the company’s gross profit improvement and its ability to tackle the changing tariffs environment. Picariello praised Rivian Automotive, Inc.’s (NASDAQ:RIVN) approach with the R1 […]",0.7003
2025-05-20 20:06:00,Rivian to Participate in the UBS Auto & Auto Tech Conference,"IRVINE, Calif., May 20, 2025--Rivian Automotive, Inc. (NASDAQ: RIVN) today announced that on Wednesday, June 4, 2025 at 8:50 AM ET, Rivian Founder and CEO RJ Scaringe will participate in a fireside chat at the UBS Auto & Auto Tech Conference.",Yahoo,https://finnhub.io/api/news?id=721b75ede7514e405966b0bf85c12abb53b63f8f27edfe87977acd4839965bfc,2025-05-20,"Rivian to Participate in the UBS Auto & Auto Tech Conference. IRVINE, Calif., May 20, 2025--Rivian Automotive, Inc. (NASDAQ: RIVN) today announced that on Wednesday, June 4, 2025 at 8:50 AM ET, Rivian Founder and CEO RJ Scaringe will participate in a fireside chat at the UBS Auto & Auto Tech Conference.",0.0
2025-05-20 20:01:00,Rivian to Participate in TD Cowen 9th Annual Future of the Consumer Conference,"IRVINE, Calif., May 20, 2025--Rivian Automotive, Inc. (NASDAQ: RIVN) today announced that on Tuesday, June 3, 2025, at 3:30PM ET, Rivian Founder and CEO RJ Scaringe will participate in a fireside chat at the TD Cowen 9th Annual Future of the Consumer Conference.",Yahoo,https://finnhub.io/api/news?id=14d5ed22e68cb02a243c068e71eef436b0bef98ed29ef14f73bd910ad9760f6c,2025-05-20,"Rivian to Participate in TD Cowen 9th Annual Future of the Consumer Conference. IRVINE, Calif., May 20, 2025--Rivian Automotive, Inc. (NASDAQ: RIVN) today announced that on Tuesday, June 3, 2025, at 3:30PM ET, Rivian Founder and CEO RJ Scaringe will participate in a fireside chat at the TD Cowen 9th Annual Future of the Consumer Conference.",0.0
2025-05-20 18:07:09,Rivian Automotive (NasdaqGS:RIVN) Collaborates With Samsara For Streamlined Electric Fleet Management,"Rivian Automotive (NasdaqGS:RIVN) recently announced a collaboration with Samsara Inc. to enhance electric fleet management, fueling investor optimism about the company's future prospects. This partnership allows unified data access, aiming to streamline operations for businesses managing diverse fleets. Concurrently, Rivian reported its first-quarter earnings, showcasing a decrease in net loss and a slight revenue increase. The market's overall gain of 1.6% over the past week aligns with...",Yahoo,https://finnhub.io/api/news?id=735d2613c645825a627e7f12616b0f0b3d1bf71a0870b25c8f5e49d0eedac375,2025-05-20,"Rivian Automotive (NasdaqGS:RIVN) Collaborates With Samsara For Streamlined Electric Fleet Management. Rivian Automotive (NasdaqGS:RIVN) recently announced a collaboration with Samsara Inc. to enhance electric fleet management, fueling investor optimism about the company's future prospects. This partnership allows unified data access, aiming to streamline operations for businesses managing diverse fleets. Concurrently, Rivian reported its first-quarter earnings, showcasing a decrease in net loss",0.7184
2025-05-20 16:10:44,"Rivian & Samsara, Viking cruises, Apple Developers Conference","Yahoo Finance host Allie Canal tracks today's top moving stocks and biggest market stories in this Market Minute, including Rivian's (RIVN) partnership with fleet manager Samsara (IOT), Viking (VIK) missing cruise passenger estimates, and Apple (AAPL) announcing its Worldwide Developers Conference to kick off on June 9. Stay up to date on the latest market action, minute-by-minute, with Yahoo Finance's Market Minute.",Yahoo,https://finnhub.io/api/news?id=54c3e356228a8b3ee7594f490cfef59c04d1ea716bd697343edc88d9e41d1a15,2025-05-20,"Rivian & Samsara, Viking cruises, Apple Developers Conference. Yahoo Finance host Allie Canal tracks today's top moving stocks and biggest market stories in this Market Minute, including Rivian's (RIVN) partnership with fleet manager Samsara (IOT), Viking (VIK) missing cruise passenger estimates, and Apple (AAPL) announcing its Worldwide Developers Conference to kick off on June 9. Stay up to date on the latest market action, minute-by-minute, with Yahoo Finance's Market Minute.",-0.1027
2025-05-20 15:10:16,Charged: Tesla to restart shipping Chinese parts for U.S. production,"Institutional investors and professional traders rely on The Fly to keep up-to-the-second on breaking news in the electric vehicle and clean energy space, as well as which stocks in these sectors that the best analysts on Wall Street are saying to buy and sell. From the hotly-debated high-flier Tesla (TSLA), Wall Street’s newest darling Rivian (RIVN), traditional-stalwarts turned EV-upstarts GM (GM) and Ford (F) to the numerous SPAC-deal makers that have come public in this red-hot space, The Fl",Yahoo,https://finnhub.io/api/news?id=cb1a723c9c4c4f83b7f0f109db3f1096a6d15cf6bcaa77f6cef439b730ea47b1,2025-05-20,"Charged: Tesla to restart shipping Chinese parts for U.S. production. Institutional investors and professional traders rely on The Fly to keep up-to-the-second on breaking news in the electric vehicle and clean energy space, as well as which stocks in these sectors that the best analysts on Wall Street are saying to buy and sell. From the hotly-debated high-flier Tesla (TSLA), Wall Street’s newest darling Rivian (RIVN), traditional-stalwarts turned EV-upstarts GM (GM) and Ford (F) to the numerou",0.9201
2025-05-20 13:55:03,Rivian Automotive (RIVN) Now Trades Above Golden Cross: Time to Buy?,Should investors be excited or worried when a stock's 50 -day simple moving average crosses above the 200-day simple moving average?,Yahoo,https://finnhub.io/api/news?id=c40d78802bbc70bcc6627617abc63a5acc50c959a1a8eb94052a4438169219b9,2025-05-20,Rivian Automotive (RIVN) Now Trades Above Golden Cross: Time to Buy?. Should investors be excited or worried when a stock's 50 -day simple moving average crosses above the 200-day simple moving average?,0.1431
2025-05-20 12:30:00,Rivian and Samsara Partner to Streamline Electric Fleet Management,"SAN FRANCISCO, May 20, 2025--Samsara Inc. (""Samsara"") (NYSE: IOT), the pioneer of the Connected Operations® Platform, and Rivian (NASDAQ: RIVN), American all-electric vehicle manufacturer, today announced a collaboration designed to simplify the complexities of electric fleet management. With this new integration, Samsara customers can now access data on Rivian vehicles in their fleet on the Samsara Platform.",Yahoo,https://finnhub.io/api/news?id=1df791cd9214d7a89c8d4e8f01be0530c7290a81141eed291d5d332848aaa9af,2025-05-20,"Rivian and Samsara Partner to Streamline Electric Fleet Management. SAN FRANCISCO, May 20, 2025--Samsara Inc. (""Samsara"") (NYSE: IOT), the pioneer of the Connected Operations® Platform, and Rivian (NASDAQ: RIVN), American all-electric vehicle manufacturer, today announced a collaboration designed to simplify the complexities of electric fleet management. With this new integration, Samsara customers can now access data on Rivian vehicles in their fleet on the Samsara Platform.",0.0
2025-05-20 10:52:54,What's Going On With Rivian And Samsara Stock Today?,"Rivian shares move as it partners with Samsara to enhance EV fleet data integration, boosting operational efficiency for commercial clients.",Benzinga,https://finnhub.io/api/news?id=61296b2162239e215a5a637c68e1e83856f629fd1731c4ee3b112963a8b2e02b,2025-05-20,"What's Going On With Rivian And Samsara Stock Today?. Rivian shares move as it partners with Samsara to enhance EV fleet data integration, boosting operational efficiency for commercial clients.",0.7269
2025-05-20 09:50:21,"Trending tickers: Microsoft, Pfizer, Foxconn, CATL and Vodafone",The latest investor updates on stocks that are trending on Tuesday.,Yahoo,https://finnhub.io/api/news?id=6bcef00cdbaa785102744a87e7fbd200a8d27a935e2a2099d18add641c3dcabb,2025-05-20,"Trending tickers: Microsoft, Pfizer, Foxconn, CATL and Vodafone. The latest investor updates on stocks that are trending on Tuesday.",0.0
2025-05-20 08:46:51,"Samsara And Rivian Announce Collaboration To Streamline Electric Fleet Management By Integrating Rivian Vehicle Data, Including GPS, Odometer, And State Of Charge, Directly Into Samsara's Connected Operations Platform","Partnership provides commercial customers ability to simplify fleet operationsSamsara Inc. (&#34;Samsara&#34;) (NYSE:IOT), the pioneer of the Connected Operations® Platform, and Rivian (NASDAQ:RIVN), American all-electric",Benzinga,https://finnhub.io/api/news?id=0831447ad3c851a93230dd95b38a839dc3e09ddd90b113a9deb91961d483f818,2025-05-20,"Samsara And Rivian Announce Collaboration To Streamline Electric Fleet Management By Integrating Rivian Vehicle Data, Including GPS, Odometer, And State Of Charge, Directly Into Samsara's Connected Operations Platform. Partnership provides commercial customers ability to simplify fleet operationsSamsara Inc. (&#34;Samsara&#34;) (NYSE:IOT), the pioneer of the Connected Operations® Platform, and Rivian (NASDAQ:RIVN), American all-electric",0.3182
2025-05-19 11:30:00,Rivian: Don't Let The Market Turn You Upside Down Again,"Rivian's stock surges on R2 optimism, yet challenges like unprofitability, competition, and trade policies persist.",SeekingAlpha,https://finnhub.io/api/news?id=f4b702c574500d6aba12274448b5052e619a545650ba8c9d8604c87a23f25b72,2025-05-19,"Rivian: Don't Let The Market Turn You Upside Down Again. Rivian's stock surges on R2 optimism, yet challenges like unprofitability, competition, and trade policies persist.",0.743
2025-05-19 10:45:00,Should You Buy Rivian Stock While It's Below $20?,"Rivian Automotive (NASDAQ: RIVN) shares have traded sideways for years, even though there has been plenty of volatility along the way.  Two years ago, Rivian stock traded roughly where the stock trades today, and yet revenue has more than doubled since then.",Yahoo,https://finnhub.io/api/news?id=f891dd0df188cabc78f47c0dcbd7e75ddfe5af148286ad18a2096ab8ebc53a98,2025-05-19,"Should You Buy Rivian Stock While It's Below $20?. Rivian Automotive (NASDAQ: RIVN) shares have traded sideways for years, even though there has been plenty of volatility along the way.  Two years ago, Rivian stock traded roughly where the stock trades today, and yet revenue has more than doubled since then.",0.296
2025-05-19 08:01:07,"Rivian's Software Chief Hails Volkswagen Partnership, Says German Automaker Gained 'Startup DNA' Ahead Of Budget EV Launch",Rivian&#39;s software chief praises VW partnership for injecting &#39;startup DNA&#39; in company as they prepare to launch budget EV.,Benzinga,https://finnhub.io/api/news?id=cb9df0ff80114d28986c86d888147843cd5564711047283358a2ee689fb9bb03,2025-05-19,"Rivian's Software Chief Hails Volkswagen Partnership, Says German Automaker Gained 'Startup DNA' Ahead Of Budget EV Launch. Rivian&#39;s software chief praises VW partnership for injecting &#39;startup DNA&#39; in company as they prepare to launch budget EV.",0.7184
2025-05-16 17:25:22,Rivian (RIVN) Target Trimmed to $18 After Q1 Beat,Wedbush stays bullish despite slower deliveries and new tariff risks,Yahoo,https://finnhub.io/api/news?id=ab9afeaf8411cb8ac6809bf8004045c6314bdb8068ad944bd30b1fc8ffbd1abe,2025-05-16,Rivian (RIVN) Target Trimmed to $18 After Q1 Beat. Wedbush stays bullish despite slower deliveries and new tariff risks,-0.2732
2025-05-16 16:52:35,Rivian Automotive: A Dead Cat Bounce,"Rivian Automotive, Inc. shows revenue growth and promising prospects, but high valuation and delivery declines suggest caution. Click for my RIVN update.",SeekingAlpha,https://finnhub.io/api/news?id=8df7372c2a53d0be1644f22dab08eee67708479a3ff71722a292d25c46beb1de,2025-05-16,"Rivian Automotive: A Dead Cat Bounce. Rivian Automotive, Inc. shows revenue growth and promising prospects, but high valuation and delivery declines suggest caution. Click for my RIVN update.",0.1531
2025-05-16 13:15:00,Could Rivian Stock Help You Become a Millionaire?,"Smaller rival Rivian Automotive aims to follow much the same path to growth.  With a market capitalization of just $17 billion, Rivian Automotive (NASDAQ: RIVN) has a long way to go to reach rival Tesla's (NASDAQ: TSLA) $1 trillion valuation.  Will Rivian ever approach Tesla's gargantuan size?",Yahoo,https://finnhub.io/api/news?id=c1909d709b1ad623d94e3d7c8919646596b3c85cb6d51bc63859024d7391287b,2025-05-16,"Could Rivian Stock Help You Become a Millionaire?. Smaller rival Rivian Automotive aims to follow much the same path to growth.  With a market capitalization of just $17 billion, Rivian Automotive (NASDAQ: RIVN) has a long way to go to reach rival Tesla's (NASDAQ: TSLA) $1 trillion valuation.  Will Rivian ever approach Tesla's gargantuan size?",0.6966
2025-05-15 17:36:44,Rivian’s service fleet charging enhanced by Bluedot technology,The collaboration underscores the importance of innovative fleet management in driving electric vehicle adoption.,Yahoo,https://finnhub.io/api/news?id=b6f782148e3459924ea8fe223e06cddffd691caa2b4221020727cf26234af569,2025-05-15,Rivian’s service fleet charging enhanced by Bluedot technology. The collaboration underscores the importance of innovative fleet management in driving electric vehicle adoption.,0.6597
2025-05-15 12:00:42,EV outlook: This 'double whammy' could hike EV prices by $12K+,"Electric vehicle (EV) buyers could face sticker shock if the EV tax credit gets repealed. J.D. Power executive director of EV practice Brent Gruber joins Asking for a Trend to explain how the new tariffs and potential loss of incentives could hit EV prices and demand. To watch more expert insights and analysis on the latest market action, check out more Asking for a Trend here.",Yahoo,https://finnhub.io/api/news?id=bca8138d8394b9ef83af3061f5d6f0bae3394121d415ad665d87e22a6ddf41c5,2025-05-15,"EV outlook: This 'double whammy' could hike EV prices by $12K+. Electric vehicle (EV) buyers could face sticker shock if the EV tax credit gets repealed. J.D. Power executive director of EV practice Brent Gruber joins Asking for a Trend to explain how the new tariffs and potential loss of incentives could hit EV prices and demand. To watch more expert insights and analysis on the latest market action, check out more Asking for a Trend here.",-0.128
2025-05-15 09:45:16,Why Rivian Automotive’s (RIVN) Tight Margins Spell Danger if EV Demand Wanes,"Rivian Automotive (RIVN) continues to endure a bumpy road to success in the electric vehicle (EV) space, battling production challenges, shifting guidance, and growing investor scrutiny. That said, the most recent quarter, reported in early May, did show some positive signs, particularly with margin improvements thanks to a solid strategy focused on cutting costs. The hope is that the recent delivery guidance cut means Rivian is taking a step back now, to take two steps forward later. It’s still",Yahoo,https://finnhub.io/api/news?id=927c2e333994bf73f5a402e8ac33296cb95f2b03e44d9bef5877128b27aa7687,2025-05-15,"Why Rivian Automotive’s (RIVN) Tight Margins Spell Danger if EV Demand Wanes. Rivian Automotive (RIVN) continues to endure a bumpy road to success in the electric vehicle (EV) space, battling production challenges, shifting guidance, and growing investor scrutiny. That said, the most recent quarter, reported in early May, did show some positive signs, particularly with margin improvements thanks to a solid strategy focused on cutting costs. The hope is that the recent delivery guidance cut means",0.9055
2025-05-14 21:31:44,Lucid: Improving Growth Outlook,Lucid outpaces expectations with Q1'25 growth in deliveries and revenue. Read why I maintain a cautious Hold rating on LCID stock.,SeekingAlpha,https://finnhub.io/api/news?id=7b43e475f636534ea2db9c7393c7861c92deb5794c8b883799ca5f6b74af1518,2025-05-14,Lucid: Improving Growth Outlook. Lucid outpaces expectations with Q1'25 growth in deliveries and revenue. Read why I maintain a cautious Hold rating on LCID stock.,0.765
2025-05-14 15:35:51,Rivian: Jefferies downgrades stock on downbeat demand outlook,"Investing.com -- In a note to clients on Wednesday, Jefferies analysts downgraded Rivian (NASDAQ:RIVN) to Hold from Buy based on a weaker demand outlook despite improvements in cost control and software monetization.",Yahoo,https://finnhub.io/api/news?id=3d732a36f7590d84c9a794ca75cb0743282d3fa8ba92b24b06624ebe42e48e72,2025-05-14,"Rivian: Jefferies downgrades stock on downbeat demand outlook. Investing.com -- In a note to clients on Wednesday, Jefferies analysts downgraded Rivian (NASDAQ:RIVN) to Hold from Buy based on a weaker demand outlook despite improvements in cost control and software monetization.",-0.7061
2025-05-14 15:15:41,"Kraft Heinz factory investments, Rivian downgrade, PVH upgrade","Yahoo Finance host Julie Hyman tracks today's top moving stocks and biggest market stories in this Market Minute, including Kraft Heinz's (KHC) $3 billion plan to upgrade US factories, EV maker Rivian's (RIVN) downgrade by Jefferies analysts, and PVH's (PVH) upgrade to Buy from Jefferies on its sales growth potential. Stay up to date on the latest market action, minute-by-minute, with Yahoo Finance's Market Minute.",Yahoo,https://finnhub.io/api/news?id=ff764c7aee13acafde7021d30d14d68b6eb02e50cc5627708327dceaf930dfb5,2025-05-14,"Kraft Heinz factory investments, Rivian downgrade, PVH upgrade. Yahoo Finance host Julie Hyman tracks today's top moving stocks and biggest market stories in this Market Minute, including Kraft Heinz's (KHC) $3 billion plan to upgrade US factories, EV maker Rivian's (RIVN) downgrade by Jefferies analysts, and PVH's (PVH) upgrade to Buy from Jefferies on its sales growth potential. Stay up to date on the latest market action, minute-by-minute, with Yahoo Finance's Market Minute.",0.5267
2025-05-14 13:34:08,Rivian: Improving Setup,"Rivian's unit economics continued to improve, and EV firm reported its second consecutive quarter of positive gross profits. Click to read why RIVN is a Hold.",SeekingAlpha,https://finnhub.io/api/news?id=86ab7f0b0465f1181b901719e665f15eadad381cf3d27ff1fd743773ac6c68b7,2025-05-14,"Rivian: Improving Setup. Rivian's unit economics continued to improve, and EV firm reported its second consecutive quarter of positive gross profits. Click to read why RIVN is a Hold.",0.8442
2025-05-14 08:10:54,This Wayfair Analyst Turns Bearish; Here Are Top 4 Downgrades For Wednesday, ,Benzinga,https://finnhub.io/api/news?id=b7f300a13b562239f8c754919f1dd704f54f3fd24d32fcbef46d062aadfd448b,2025-05-14,This Wayfair Analyst Turns Bearish; Here Are Top 4 Downgrades For Wednesday.  ,0.2023
2025-05-14 07:00:14,Rivian Automotive: A High Margin Of Safety EV Stock,Rivian Automotive's high cash and investment balance is a comforting factor that provides a cushion for investors. Find out why RIVN stock is a Buy.,SeekingAlpha,https://finnhub.io/api/news?id=9cdace230606da75fca14ec51d14ac3d7fe6099bfc80adcf39bf8461eb4395f1,2025-05-14,Rivian Automotive: A High Margin Of Safety EV Stock. Rivian Automotive's high cash and investment balance is a comforting factor that provides a cushion for investors. Find out why RIVN stock is a Buy.,0.6705
2025-05-14 04:39:08,3 Stocks Under $50 Skating on Thin Ice,"The $10-50 price range often includes mid-sized businesses with proven track records and plenty of growth runway ahead. They also usually carry less risk than penny stocks, though they’re not immune to volatility as many lack the scale advantages of their larger peers.",Yahoo,https://finnhub.io/api/news?id=e18ba028347e2011bf42160303b4035f3712d76697a0b050d73f1f01d934db40,2025-05-14,"3 Stocks Under $50 Skating on Thin Ice. The $10-50 price range often includes mid-sized businesses with proven track records and plenty of growth runway ahead. They also usually carry less risk than penny stocks, though they’re not immune to volatility as many lack the scale advantages of their larger peers.",0.0271
2025-07-12 12:45:00,Are Rivian's Job Cuts a Red Flag?,"Rivian recently made job cuts to improve operational efficiency.  Investors will feel much better in the end.  A couple of weeks ago, Rivian laid off around 140 employees, or about 1% of its total workforce, according to TechCrunch.",Yahoo,https://finnhub.io/api/news?id=c3f822b42a218b4e366d0797b915f942e90ce8ccb85406818423f2deb7b8457f,2025-07-12,"Are Rivian's Job Cuts a Red Flag?. Rivian recently made job cuts to improve operational efficiency.  Investors will feel much better in the end.  A couple of weeks ago, Rivian laid off around 140 employees, or about 1% of its total workforce, according to TechCrunch.",0.5994
2025-07-12 07:14:25,"Benzinga Bulls And Bears: Nvidia, Tesla, Carvana — And Trump Amps Up Tariff Talk",Benzinga examined the prospects for many investors&#39; favorite stocks over the last week — here&#39;s a look at some of our top stories.,Benzinga,https://finnhub.io/api/news?id=d05bf763b7dbcbf38fb598ff63dc96a98b8f0055d7591d8da357e2a555fd1e5a,2025-07-12,"Benzinga Bulls And Bears: Nvidia, Tesla, Carvana — And Trump Amps Up Tariff Talk. Benzinga examined the prospects for many investors&#39; favorite stocks over the last week — here&#39;s a look at some of our top stories.",0.7184
2025-07-12 06:33:27,Don't Count Rivian Out Just Yet,"Rivianâs early EV lead, Amazon backing, and improving margins show promise, but R2 execution and profit risks remain. See why RIVN stock is a hold.",SeekingAlpha,https://finnhub.io/api/news?id=add6f2614488c3917eaf786c5eacb52cbc261df9a94e2b078f208e53b97d394f,2025-07-12,"Don't Count Rivian Out Just Yet. Rivianâs early EV lead, Amazon backing, and improving margins show promise, but R2 execution and profit risks remain. See why RIVN stock is a hold.",0.631
2025-07-10 18:17:20,What Will It Take for Rivian Stock to Survive the EV War?,"The U.S. EV industry turmoil has only worsened in 2025. While Rivian has the basic ingredients that are required to succeed, it still faces an uphill battle.",Yahoo,https://finnhub.io/api/news?id=64eab3a727d1314c777182a6783615dd2a02d7c7d12ede170d66b16f7bd0b767,2025-07-10,"What Will It Take for Rivian Stock to Survive the EV War?. The U.S. EV industry turmoil has only worsened in 2025. While Rivian has the basic ingredients that are required to succeed, it still faces an uphill battle.",-0.8271
2025-07-10 11:00:00,Should You Buy Archer Aviation Stock for Just $10?,Archer Aviation has emerged as an exciting name at the intersection of aviation and electric vehicles.,Yahoo,https://finnhub.io/api/news?id=0db7588618d86ef0675c4b94b193507536b54b6588dd8b47159be1da1e46166b,2025-07-10,Should You Buy Archer Aviation Stock for Just $10?. Archer Aviation has emerged as an exciting name at the intersection of aviation and electric vehicles.,0.4939
2025-07-10 10:00:00,Think Rivian Stock Is Expensive? These 3 Charts Might Change Your Mind.,"Rivian's financials are about to improve dramatically.  Rivian Automotive  (NASDAQ: RIVN) is one of the most exciting electric car stocks today.  This will be Rivian's first vehicle priced under $50,000.",Yahoo,https://finnhub.io/api/news?id=2b41f7cbb77e17694561a1c4532394dd3e770d13978e7ad7a0d25a55322581f3,2025-07-10,"Think Rivian Stock Is Expensive? These 3 Charts Might Change Your Mind.. Rivian's financials are about to improve dramatically.  Rivian Automotive  (NASDAQ: RIVN) is one of the most exciting electric car stocks today.  This will be Rivian's first vehicle priced under $50,000.",0.7501
2025-07-09 14:46:00,A Rivian Investment Gets a Big Boost. Why the Stock Didn’t Take Off.,"Bloomberg reported that Also, a micromobility business the EV company spun out in March, received an investment valuing it at $1 billion, up from closer to $200 million.",Yahoo,https://finnhub.io/api/news?id=87184f3c9201cde8029889c31487d35adbbcf0353a8325f3ecb30501b59c74cf,2025-07-09,"A Rivian Investment Gets a Big Boost. Why the Stock Didn’t Take Off.. Bloomberg reported that Also, a micromobility business the EV company spun out in March, received an investment valuing it at $1 billion, up from closer to $200 million.",0.6249
2025-07-09 13:04:05,"Workhorse Rebounds After Nasdaq Scare, Stock Up 15%","Workhorse Group, Inc. (WKHS) stock is volatile due to financial challenges, missed estimates, competition, and macroeconomic factors.",Benzinga,https://finnhub.io/api/news?id=bf9dd4f70407d2a51c1cc494a37065b45089d1bdf0ca04a868348501c95fd19b,2025-07-09,"Workhorse Rebounds After Nasdaq Scare, Stock Up 15%. Workhorse Group, Inc. (WKHS) stock is volatile due to financial challenges, missed estimates, competition, and macroeconomic factors.",-0.6249
2025-07-09 12:05:11,"Automakers push EV sales as $7,500 US tax credit is set to end","DETROIT (Reuters) -Automakers are urging customers to snap up electric vehicles before a $7,500 U.S. tax credit goes away this fall.  The same day, Ford Motor extended its deal for free home chargers and installation through the end of September to entice EV shoppers.  Sweeping tax and budget legislation approved by Congress will eliminate $7,500 tax credits for buying or leasing new electric vehicles and a $4,000 used-EV credit at the end of September.",Yahoo,https://finnhub.io/api/news?id=17801e4132978e634dc1ee152fc6476e1284edc9fec7e5ed315992fa5ddbfa33,2025-07-09,"Automakers push EV sales as $7,500 US tax credit is set to end. DETROIT (Reuters) -Automakers are urging customers to snap up electric vehicles before a $7,500 U.S. tax credit goes away this fall.  The same day, Ford Motor extended its deal for free home chargers and installation through the end of September to entice EV shoppers.  Sweeping tax and budget legislation approved by Congress will eliminate $7,500 tax credits for buying or leasing new electric vehicles and a $4,000 used-EV credit at ",0.9371
2025-07-09 01:10:25,Rivian Spinoff Also Inc. Hits $1 Billion Valuation After Raising $200 Million: Report,"Micromobility company Also Inc. raised $200M in funding, bringing post-money valuation to $1B. Rivian expanding partnership with Volkswagen.",Benzinga,https://finnhub.io/api/news?id=bb073c23fd2f5cb58ce63b3afb3304454c28cb9901d5636b710a55af518e067a,2025-07-09,"Rivian Spinoff Also Inc. Hits $1 Billion Valuation After Raising $200 Million: Report. Micromobility company Also Inc. raised $200M in funding, bringing post-money valuation to $1B. Rivian expanding partnership with Volkswagen.",0.0
2025-07-08 22:51:52,Rivian spinoff Also raises another $200M to build e-bikes and more,"Also, the micromobility startup that spun out of Rivian this year, was raised $200 million from Greenoaks Capital.",Yahoo,https://finnhub.io/api/news?id=c8d1353342aaf5209171317bedaaa1a4823397f5bcb8a6097ed8bc60fe33fc5d,2025-07-08,"Rivian spinoff Also raises another $200M to build e-bikes and more. Also, the micromobility startup that spun out of Rivian this year, was raised $200 million from Greenoaks Capital.",0.0
2025-07-08 15:19:46,The tech behind Rivian’s 2026 Quad Motor truck and SUV — and that kick turn,Rivian has opened customer orders for its second-generation quad-motor R1S and R1T EVs.,Yahoo,https://finnhub.io/api/news?id=fdb1bc940ab707ce2627633b39cc763918b23ddec1f4040c99d0a460dde3b52f,2025-07-08,The tech behind Rivian’s 2026 Quad Motor truck and SUV — and that kick turn. Rivian has opened customer orders for its second-generation quad-motor R1S and R1T EVs.,0.0
2025-07-08 11:22:00,"E-Cite Motors Secures Design and Production Rights to Famed Kaiser-Darrin Design, Announces All-Electric American ""EV-DT"" Sportscar","E-Cite to Modernize another Iconic American Sportscar- the Kaiser-Darrin BOTHELL, WASHINGTON / ACCESS Newswire / July 8, 2025 / Innovative EV Technologies, Inc., formerly VaporBrands International, Inc. dba E-Cite Motors Group, (OTCID:VAPR) an innovative ...",Yahoo,https://finnhub.io/api/news?id=b827a0f5911c2cf16bc07131bcd2755eba12f2899c9608c8ead11a115cfd9d6c,2025-07-08,"E-Cite Motors Secures Design and Production Rights to Famed Kaiser-Darrin Design, Announces All-Electric American ""EV-DT"" Sportscar. E-Cite to Modernize another Iconic American Sportscar- the Kaiser-Darrin BOTHELL, WASHINGTON / ACCESS Newswire / July 8, 2025 / Innovative EV Technologies, Inc., formerly VaporBrands International, Inc. dba E-Cite Motors Group, (OTCID:VAPR) an innovative ...",0.7964
2025-07-08 09:06:00,Where Will Rivian Be in 3 Years?,"Tariffs are driving up the cost of electric vehicles and adding thousands of dollars in production costs to each Rivian.  The government is pivoting away from helping the EV market, removing tax credits and infrastructure development funding.  Cheaper EVs launching over the next couple of years could be a catalyst for Rivian's future, but the next few years will probably be bumpy.",Yahoo,https://finnhub.io/api/news?id=facd20c8b209ed1de017c3a313937be9e2ef9aac54018599208a7feea04420fe,2025-07-08,"Where Will Rivian Be in 3 Years?. Tariffs are driving up the cost of electric vehicles and adding thousands of dollars in production costs to each Rivian.  The government is pivoting away from helping the EV market, removing tax credits and infrastructure development funding.  Cheaper EVs launching over the next couple of years could be a catalyst for Rivian's future, but the next few years will probably be bumpy.",0.3291
2025-07-07 15:42:40,"Shares of EV stocks are trading lower following the signing of Trump's 'Big Beautiful Bill,' which will remove the $7,500 tax credit for new US-made EVs.",,Benzinga,https://finnhub.io/api/news?id=6a8ca3ad42eb945e19be9297f4c7f9f31e16f26e3dbad7b02bdd79ad0cf7d15a,2025-07-07,"Shares of EV stocks are trading lower following the signing of Trump's 'Big Beautiful Bill,' which will remove the $7,500 tax credit for new US-made EVs.. ",0.7579
2025-07-07 13:02:00,Rocket Lab Rises. Why Musk’s Woes Are Good News for SpaceX Rival.,Rocket Lab stock is gaining as Elon Musk stepping up his feud with President Donald Trump. Here are some other companies to watch.,Yahoo,https://finnhub.io/api/news?id=d8e5d8069868b54c8b71cfefc1b4e44e6f54be7345f2028e9a451d7d2f10ecf2,2025-07-07,Rocket Lab Rises. Why Musk’s Woes Are Good News for SpaceX Rival.. Rocket Lab stock is gaining as Elon Musk stepping up his feud with President Donald Trump. Here are some other companies to watch.,0.1027
2025-07-07 02:25:59,"After Microsoft Lays Off 9,100 Workers, Xbox Executive Tells Fired Workers To Turn To AI For Mental Health Help","An Xbox executive&#39;s suggestion that laid-off Microsoft employees use AI chatbots like ChatGPT for emotional support sparked backlash online, highlighting tensions as the company invests heavily in AI while cutting 9,100 jobs.",Benzinga,https://finnhub.io/api/news?id=b6ec8f6ae970d8fc0718f671dbf443ce7923ea53d5b036ae10345751e05b43ea,2025-07-07,"After Microsoft Lays Off 9,100 Workers, Xbox Executive Tells Fired Workers To Turn To AI For Mental Health Help. An Xbox executive&#39;s suggestion that laid-off Microsoft employees use AI chatbots like ChatGPT for emotional support sparked backlash online, highlighting tensions as the company invests heavily in AI while cutting 9,100 jobs.",0.1779
2025-07-06 08:30:35,"Consumer Tech News (June 30–July 4): Trump's Tax Bill Advances, S&P Hits Record, Nvidia Nears $4 Trillion, Apple Debuts iOS 26 Spam Filter","Trump signs tax bill, markets rally to record highs, Nvidia nears $4 trillion, and Apple, Google, Tesla, and AI developments steal the spotlight.",Benzinga,https://finnhub.io/api/news?id=e28a2396d5a879cd65c178f917dbfd52324371b833bd67b505ba34e07c86a4ea,2025-07-06,"Consumer Tech News (June 30–July 4): Trump's Tax Bill Advances, S&P Hits Record, Nvidia Nears $4 Trillion, Apple Debuts iOS 26 Spam Filter. Trump signs tax bill, markets rally to record highs, Nvidia nears $4 trillion, and Apple, Google, Tesla, and AI developments steal the spotlight.",-0.6908
2025-07-04 16:05:00,TechCrunch Mobility: The state of EV sales and Rivian secures the next $1B from VW,Welcome back to TechCrunch Mobility — your central hub for news and insights on the future of transportation.,Yahoo,https://finnhub.io/api/news?id=43d8e11f9a82ff2ec93086c0b89a80bcf24da540db25f1d0ed93c64e13cc4629,2025-07-04,TechCrunch Mobility: The state of EV sales and Rivian secures the next $1B from VW. Welcome back to TechCrunch Mobility — your central hub for news and insights on the future of transportation.,0.6486
2025-07-04 10:44:37,EV Company News For The Month Of June 2025,"May 2025 global EV sales up 22% YoY; Europe soars 34%. Key updates on Tesla's robotaxi, BYD's growth, and Xiaomi's EV success.",SeekingAlpha,https://finnhub.io/api/news?id=a6c679fc9f5f75a5805f2fd77b5799aa30437f890d2fe2d6d9d4d8a77bd8e808,2025-07-04,"EV Company News For The Month Of June 2025. May 2025 global EV sales up 22% YoY; Europe soars 34%. Key updates on Tesla's robotaxi, BYD's growth, and Xiaomi's EV success.",0.743
2025-07-03 16:50:50,Why Lucid (LCID) Stock Is Up Today,"Shares of luxury electric car manufacturer Lucid (NASDAQ:LCID) jumped 7.1% in the afternoon session after the company announced a 38% year-over-year increase in second-quarter deliveries, though the figures fell short of analyst expectations. Lucid announced it delivered 3,309 vehicles in the second quarter, a significant jump from the 2,394 vehicles delivered in the same period last year. However, this number missed the consensus estimate of 3,611 vehicles from Wall Street analysts. The company",Yahoo,https://finnhub.io/api/news?id=c56817e0ff1ac8c40f1988179afcd18c3ab3f30c36a667829f26ec49d8c29d5e,2025-07-03,"Why Lucid (LCID) Stock Is Up Today. Shares of luxury electric car manufacturer Lucid (NASDAQ:LCID) jumped 7.1% in the afternoon session after the company announced a 38% year-over-year increase in second-quarter deliveries, though the figures fell short of analyst expectations. Lucid announced it delivered 3,309 vehicles in the second quarter, a significant jump from the 2,394 vehicles delivered in the same period last year. However, this number missed the consensus estimate of 3,611 vehicles fr",0.5385
2025-07-03 15:24:00,Rivian's Q2 Deliveries Dip Amid Shift to 2026 Model-Year Vehicles,"RIVN's Q2 deliveries drop 22% as it prepares for 2026 models. However, a $1B Volkswagen investment fuels future growth.",Yahoo,https://finnhub.io/api/news?id=4d824af3b6c12f60575f3f9ba68e8203c535e1d2167be4aef3dc791da3068c1f,2025-07-03,"Rivian's Q2 Deliveries Dip Amid Shift to 2026 Model-Year Vehicles. RIVN's Q2 deliveries drop 22% as it prepares for 2026 models. However, a $1B Volkswagen investment fuels future growth.",0.128
2025-07-03 15:21:05,"Rivian, Lucid to Benefit From Trump Tax Bill, BNP Paribas Says","(Bloomberg) -- Shares of Rivian Automotive Inc. and Lucid Group Inc. gained as much as 4.6% and 8.8%, respectively, on Thursday as BNP Paribas sees the EV makers benefiting from President Donald Trump’s tax and spending bill ending electric vehicle tax credits.Most Read from BloombergNYC Commutes Resume After Midtown Bus Terminal Crash ChaosStruggling Downtowns Are Looking to Lure New CrowdsMassachusetts to Follow NYC in Making Landlords Pay Broker FeesWhat Gothenburg Got Out of Congestion Prici",Yahoo,https://finnhub.io/api/news?id=80a59e9a74ce9dcfb1d8bcabcb52b86c60b07bce315fa66aee73c7093ff49c5a,2025-07-03,"Rivian, Lucid to Benefit From Trump Tax Bill, BNP Paribas Says. (Bloomberg) -- Shares of Rivian Automotive Inc. and Lucid Group Inc. gained as much as 4.6% and 8.8%, respectively, on Thursday as BNP Paribas sees the EV makers benefiting from President Donald Trump’s tax and spending bill ending electric vehicle tax credits.Most Read from BloombergNYC Commutes Resume After Midtown Bus Terminal Crash ChaosStruggling Downtowns Are Looking to Lure New CrowdsMassachusetts to Follow NYC in Making Land",0.7579
2025-07-03 11:30:26,Rivian: Turnaround Story With R2 Still Needs A Reality Check (Upgrade),"Rivian Automotive, Inc. faces issues with Q2 production slowdown, weak EV demand, and competition. Click for whether it's not the right time for speculative RIVN buys.",SeekingAlpha,https://finnhub.io/api/news?id=d801def9f1d35a49f66189ca715768876b8d666c5426cb50875559f911cfec7b,2025-07-03,"Rivian: Turnaround Story With R2 Still Needs A Reality Check (Upgrade). Rivian Automotive, Inc. faces issues with Q2 production slowdown, weak EV demand, and competition. Click for whether it's not the right time for speculative RIVN buys.",-0.4588
2025-07-02 21:39:33,Rivian (RIVN) Dips as Q2 Production Misses the Mark,"Q2 production totaled 5,979 units; far below 11,300+ forecast",Yahoo,https://finnhub.io/api/news?id=e851dd1699490d896b74a1a9b1fe2365fd615e3e8e2f0915d9b2d8a62e7acd44,2025-07-02,"Rivian (RIVN) Dips as Q2 Production Misses the Mark. Q2 production totaled 5,979 units; far below 11,300+ forecast",-0.2263
2025-07-02 21:09:00,Lucid Posts Record Deliveries. The EV Maker Is Having a Big Year.,"Wednesday, Lucid reported second-quarter sales of 3,309 vehicles, up 38% year over year, a record for any quarter.",Yahoo,https://finnhub.io/api/news?id=eed7cc791da4b63900eb519be9ad6e06d2b4425a96b4a107784e1abc6f861a75,2025-07-02,"Lucid Posts Record Deliveries. The EV Maker Is Having a Big Year.. Wednesday, Lucid reported second-quarter sales of 3,309 vehicles, up 38% year over year, a record for any quarter.",0.0
2025-07-02 20:26:56,Tesla sales continue to slide amid competition and backlash against Elon Musk,Elon Musk's electric vehicle company Tesla delivered 13% fewer cars in the second quarter of 2025 compared to a year earlier.,Yahoo,https://finnhub.io/api/news?id=384c81b955f3346b88bd4d98e03a031a0544f51937c3c4109de998813af8e3e3,2025-07-02,Tesla sales continue to slide amid competition and backlash against Elon Musk. Elon Musk's electric vehicle company Tesla delivered 13% fewer cars in the second quarter of 2025 compared to a year earlier.,0.0
2025-07-02 20:26:00,Rivian Stock Drops on Sales Decline. The Stakes Are High for the Rest of 2025.,"The EV maker’s guidance implies a big end to the year, raising the stakes for the second half of 2025.",Yahoo,https://finnhub.io/api/news?id=87b538e5397206e2c07739131b7853e2b7986f458e4f954e61e47e9f54a61c2c,2025-07-02,"Rivian Stock Drops on Sales Decline. The Stakes Are High for the Rest of 2025.. The EV maker’s guidance implies a big end to the year, raising the stakes for the second half of 2025.",0.0
2025-07-02 20:14:00,"These Stocks Moved the Most Today: Tesla, Centene, Apple, Adobe, Rigetti Computing, Greenbrier, and More",Tesla shares rise even as the electric-vehicle company posts worst quarterly deliveries decline in its history.,Yahoo,https://finnhub.io/api/news?id=2c4d93787eae41301a1a1fae0b2be10eb3d7d66f376b23b926b53ccbb214caf4,2025-07-02,"These Stocks Moved the Most Today: Tesla, Centene, Apple, Adobe, Rigetti Computing, Greenbrier, and More. Tesla shares rise even as the electric-vehicle company posts worst quarterly deliveries decline in its history.",-0.3862
2025-07-02 19:11:36,"Rivian Q2 sales fall 23%, but EV maker sticks to 2025 forecast of at least 40,000 vehicles",Rivian sales fell in the 2nd quarter for a number of reasons. It also limited production as it prepares for 2026 model-year vehicles.,Yahoo,https://finnhub.io/api/news?id=9c975c73b45cbf66813afdc52c024aba7a1f21e98060cf0def8ddb76eefdefc7,2025-07-02,"Rivian Q2 sales fall 23%, but EV maker sticks to 2025 forecast of at least 40,000 vehicles. Rivian sales fell in the 2nd quarter for a number of reasons. It also limited production as it prepares for 2026 model-year vehicles.",-0.2263
2025-07-02 18:01:34,Rivian Automotive (NasdaqGS:RIVN) Reports Q2 Production Figures and Reaffirms 2025 Guidance,"Rivian Automotive (NasdaqGS:RIVN) recently announced its operating results and reaffirmed its production guidance for 2025. The company produced 5,979 vehicles and delivered 10,661 in Q2, maintaining its delivery goal of 40,000 to 46,000 for the year. This steady performance might have supported Rivian's 7.85% share price increase over the last quarter. Despite an overall flat tech market, Rivian's production and guidance announcements added weight to its positive stock movement. Broader...",Yahoo,https://finnhub.io/api/news?id=b862cc7c8b83792c807275f2dbbb143523a61ceec068f6aca4836242a237c0ee,2025-07-02,"Rivian Automotive (NasdaqGS:RIVN) Reports Q2 Production Figures and Reaffirms 2025 Guidance. Rivian Automotive (NasdaqGS:RIVN) recently announced its operating results and reaffirmed its production guidance for 2025. The company produced 5,979 vehicles and delivered 10,661 in Q2, maintaining its delivery goal of 40,000 to 46,000 for the year. This steady performance might have supported Rivian's 7.85% share price increase over the last quarter. Despite an overall flat tech market, Rivian's produ",0.7003
2025-07-02 15:48:49,"Netflix, Rivian, Microsoft: Trending Tickers","Netflix (NFLX) is reportedly expanding its efforts to make unscripted TV, with the streaming giant reportedly meeting with Spotify (SPOT) and The Daily Beast, owned by IAC (IAC), according to The Wall Street Journal. Rivian's (RIVN) second quarter production numbers fell short of Wall Street's expectations, putting downward pressure on the electric vehicle (EV) maker. Microsoft (MSFT) is cutting roughly 9,000 workers — around 4% of staff. To watch more expert insights and analysis on the latest ",Yahoo,https://finnhub.io/api/news?id=c645d65529d6598e4b575120359967d024ab55ccf801fdc8e4387d3118386e00,2025-07-02,"Netflix, Rivian, Microsoft: Trending Tickers. Netflix (NFLX) is reportedly expanding its efforts to make unscripted TV, with the streaming giant reportedly meeting with Spotify (SPOT) and The Daily Beast, owned by IAC (IAC), according to The Wall Street Journal. Rivian's (RIVN) second quarter production numbers fell short of Wall Street's expectations, putting downward pressure on the electric vehicle (EV) maker. Microsoft (MSFT) is cutting roughly 9,000 workers — around 4% of staff. To watch mo",-0.4019
2025-07-02 13:00:48,Rivian receives the next $1B from Volkswagen as sales struggles continue,Rivian sales ticked back up in Q2 but were down 23% from the same quarter last year. The company has been dealing with affordability issues made worse by Trump's tariffs and trade wars.,Yahoo,https://finnhub.io/api/news?id=ee467dbd793878df31daeb6ae1dba9cd311bce9bc2714834c6fdb06ae6cf8707,2025-07-02,Rivian receives the next $1B from Volkswagen as sales struggles continue. Rivian sales ticked back up in Q2 but were down 23% from the same quarter last year. The company has been dealing with affordability issues made worse by Trump's tariffs and trade wars.,-0.9136
2025-07-02 12:32:11,Rivian deliveries decline sharply as tariffs hit demand,"Trade tariffs imposed by U.S. President Donald Trump have led to a surge in manufacturing costs for the sector, with carmakers scrambling to reorganize supply chains to mitigate the hit to their businesses.  High interest rates are also holding back some buyers, while many are taking to cheaper hybrid- and gasoline-powered cars to avoid pure-electric vehicles due to their higher sticker prices and upkeep costs.  Rivian delivered 10,661 vehicles in the quarter ended June 30, a fall of 22.7% from ",Yahoo,https://finnhub.io/api/news?id=68c9bcfa769abe6898504059475937319ae8da9f569d7ac7e8e1a1584efa3150,2025-07-02,"Rivian deliveries decline sharply as tariffs hit demand. Trade tariffs imposed by U.S. President Donald Trump have led to a surge in manufacturing costs for the sector, with carmakers scrambling to reorganize supply chains to mitigate the hit to their businesses.  High interest rates are also holding back some buyers, while many are taking to cheaper hybrid- and gasoline-powered cars to avoid pure-electric vehicles due to their higher sticker prices and upkeep costs.  Rivian delivered 10,661 veh",0.0
2025-07-02 12:30:00,"Rivian Releases Q2 2025 Production and Delivery Figures, Announces Funding of $1B Volkswagen Group Investment in Rivian and Sets Date for Second Quarter 2025 Financial Results","IRVINE, Calif., July 02, 2025--Rivian Automotive, Inc. (NASDAQ: RIVN) today announced production and delivery totals for the quarter ending June 30, 2025. The company produced 5,979 vehicles at its manufacturing facility in Normal, Illinois and delivered 10,661 vehicles during the same period. Production was limited during the second quarter in preparation for model year 2026 vehicles expected to launch later this month.",Yahoo,https://finnhub.io/api/news?id=e2dbca9089b128795d10deeac4746f59ce8adb785d5f3978559d622189a4232b,2025-07-02,"Rivian Releases Q2 2025 Production and Delivery Figures, Announces Funding of $1B Volkswagen Group Investment in Rivian and Sets Date for Second Quarter 2025 Financial Results. IRVINE, Calif., July 02, 2025--Rivian Automotive, Inc. (NASDAQ: RIVN) today announced production and delivery totals for the quarter ending June 30, 2025. The company produced 5,979 vehicles at its manufacturing facility in Normal, Illinois and delivered 10,661 vehicles during the same period. Production was limited durin",-0.2263
2025-07-02 11:13:52,"Rivian's Production Dips For Next-Gen Models, Volkswagen Infusion Boosts Outlook","Rivian Automotive released Q2 2025 production and delivery results, reaffirming full-year guidance, posting consecutive gross profit, and receiving a $1B investment from Volkswagen Group for EV development.",Benzinga,https://finnhub.io/api/news?id=8cb1f19fce5ae159541b943346fefaab7039ae0cb9b863da2a476725f1f36465,2025-07-02,"Rivian's Production Dips For Next-Gen Models, Volkswagen Infusion Boosts Outlook. Rivian Automotive released Q2 2025 production and delivery results, reaffirming full-year guidance, posting consecutive gross profit, and receiving a $1B investment from Volkswagen Group for EV development.",0.2732
2025-07-02 09:45:12,"Reported Earlier: On June 30, 2025 Rivian Secures $1B Equity Investment From Volkswagen At An Effective Price Of $19.42, Advancing $5.8B Joint Venture Deal","Following its second quarter of gross profit in Q1 2025, on June 30 Rivian received a $1 billion equity investment from Volkswagen Group at an effective price of $19.42 which represents a 33% premium to the $14.56",Benzinga,https://finnhub.io/api/news?id=92222e805ab7c563f63acfb4e3c856f3be98b662854a3a786e86c59567deea02,2025-07-02,"Reported Earlier: On June 30, 2025 Rivian Secures $1B Equity Investment From Volkswagen At An Effective Price Of $19.42, Advancing $5.8B Joint Venture Deal. Following its second quarter of gross profit in Q1 2025, on June 30 Rivian received a $1 billion equity investment from Volkswagen Group at an effective price of $19.42 which represents a 33% premium to the $14.56",0.8074
2025-07-02 09:36:28,"Rivian Automotive, Inc. Announces Production Results for the Quarter Ending June 30, 2025","Rivian Automotive, Inc. announced production results for the quarter ending June 30, 2025. The company produced 5,979 vehicles at its manufacturing facility in Normal, Illinois and delivered 10,661...",Finnhub,https://finnhub.io/api/news?id=36f56a5a633ddbd0cb3511286c3f2253e94d8e86ccfd10520667912acfeffa3b,2025-07-02,"Rivian Automotive, Inc. Announces Production Results for the Quarter Ending June 30, 2025. Rivian Automotive, Inc. announced production results for the quarter ending June 30, 2025. The company produced 5,979 vehicles at its manufacturing facility in Normal, Illinois and delivered 10,661...",0.0
2025-07-02 09:36:12,"Rivian Automotive, Inc. Reaffirms Production Guidance for the Year 2025","Rivian Automotive, Inc. reaffirmed production guidance for the year 2025. For the year, the company is reaffirming its delivery guidance range of 40,000 to 46,000 vehicles....",Finnhub,https://finnhub.io/api/news?id=e9b9ba1d9767619d16c364abf5604507915adfb6e90fd896ac59049019037050,2025-07-02,"Rivian Automotive, Inc. Reaffirms Production Guidance for the Year 2025. Rivian Automotive, Inc. reaffirmed production guidance for the year 2025. For the year, the company is reaffirming its delivery guidance range of 40,000 to 46,000 vehicles....",0.0
2025-07-02 08:31:17,Rivian reports 22% fall in quarterly deliveries as tariffs hit demand,"Rivian Automotive reported asharp fall in second-quarter deliveries on Wednesday, as demandfor its electric vehicles takes a hit from stiff competition andtariff-driven economic uncertainty. ...",Finnhub,https://finnhub.io/api/news?id=584944355918e6ed17e4b1d75028a33df5ce74880a45bdc80d60183e6ce2394f,2025-07-02,"Rivian reports 22% fall in quarterly deliveries as tariffs hit demand. Rivian Automotive reported asharp fall in second-quarter deliveries on Wednesday, as demandfor its electric vehicles takes a hit from stiff competition andtariff-driven economic uncertainty. ...",-0.4404
2025-07-02 07:00:00,EV Wars: Who's The Winner?,"The electric vehicle market, on a global scale, keeps growing. Find out how EV companies BYD, Nio, Li Auto, XPeng, Zeekr and Xiaomi performed in second quarter.",SeekingAlpha,https://finnhub.io/api/news?id=ab8170f5a6cfa3bd9daa5cc155ed99fb8e4fb0cb18053ddb1cde491b6baa1635,2025-07-02,"EV Wars: Who's The Winner?. The electric vehicle market, on a global scale, keeps growing. Find out how EV companies BYD, Nio, Li Auto, XPeng, Zeekr and Xiaomi performed in second quarter.",0.2263
2025-07-02 05:33:15,The Top 5 Analyst Questions From Rivian’s Q1 Earnings Call,"Rivian’s first quarter saw results that exceeded Wall Street expectations on both revenue and profitability measures, yet the market response was negative as investors focused on declining vehicle sales volumes and a more cautious demand outlook. Management attributed the quarter’s outperformance to continued cost efficiency initiatives and operational improvements, with CEO RJ Scaringe highlighting positive gross profit for a second consecutive quarter and advancements in the company’s autonomy",Yahoo,https://finnhub.io/api/news?id=b3e2c356a3b434a97ebc57c6b0eb2064f820dfbb5ef0317b7bc6f8d324c705eb,2025-07-02,"The Top 5 Analyst Questions From Rivian’s Q1 Earnings Call. Rivian’s first quarter saw results that exceeded Wall Street expectations on both revenue and profitability measures, yet the market response was negative as investors focused on declining vehicle sales volumes and a more cautious demand outlook. Management attributed the quarter’s outperformance to continued cost efficiency initiatives and operational improvements, with CEO RJ Scaringe highlighting positive gross profit for a second co",0.76
2025-07-01 23:51:00,Is Tesla Still the EV King?,"Tesla has been a polarizing stock over the last decade, delivering massive gains for investors. But is it still the heavy hitter?",Yahoo,https://finnhub.io/api/news?id=7354f50a6c36c200af1df3913cb5ea208af4b71248e135c4f78c47fb69b2f588,2025-07-01,"Is Tesla Still the EV King?. Tesla has been a polarizing stock over the last decade, delivering massive gains for investors. But is it still the heavy hitter?",0.264
2025-07-01 14:06:00,Rivian Lays Off 140 Workers to Boost R2 SUV Production Efficiency,RIVN trims 140 jobs to sharpen manufacturing efficiency as it preps for its lower-cost R2 SUV launch in 2026.,Yahoo,https://finnhub.io/api/news?id=2e6d91d3423ee5240fc25022be616dad514130812a3d0297f9cca7e2fb50d817,2025-07-01,Rivian Lays Off 140 Workers to Boost R2 SUV Production Efficiency. RIVN trims 140 jobs to sharpen manufacturing efficiency as it preps for its lower-cost R2 SUV launch in 2026.,0.7717
2025-07-01 11:34:00,"Microsoft, Rivian, Intel Slash Jobs In June Tech Layoff Spree","The month of June saw a fresh wave of layoffs across the technology sector, including Rivian, Microsoft and Intel. ",Benzinga,https://finnhub.io/api/news?id=8ce167c6fc70fbc5cb0b281138a6d0e22fba549fb0267aab8695b8e4a9f470a6,2025-07-01,"Microsoft, Rivian, Intel Slash Jobs In June Tech Layoff Spree. The month of June saw a fresh wave of layoffs across the technology sector, including Rivian, Microsoft and Intel. ",0.0516
2025-06-30 21:50:05,Rivian Automotive (RIVN) Surpasses Market Returns: Some Facts Worth Knowing,"Rivian Automotive (RIVN) closed the most recent trading day at $13.74, moving +1.03% from the previous trading session.",Yahoo,https://finnhub.io/api/news?id=0d5eb3f4f4b998fc010f765f847befd4cab0ecb511cdc27707b3ca9494c9146d,2025-06-30,"Rivian Automotive (RIVN) Surpasses Market Returns: Some Facts Worth Knowing. Rivian Automotive (RIVN) closed the most recent trading day at $13.74, moving +1.03% from the previous trading session.",0.2263
2025-06-29 16:53:09,Rivian Maintains Overweight Rating After $1.25B Green Debt Refinance Announcement,"Rivian Automotive Inc. (NASDAQ:RIVN) is one of the best consumer cyclical stocks to buy. On June 16, Cantor Fitzgerald maintained its Overweight rating and $15 price target on Rivian Automotive Inc. (NASDAQ:RIVN). This follows the company’s recent debt refinance announcement. Rivian Automotive Inc. (NASDAQ:RIVN) stated on June 2 that it would raise $1.25 billion through […]",Yahoo,https://finnhub.io/api/news?id=6caa69bfb9a8d976d286e8ee571c0dd599121b3fa1cf5a695caa3f1b4269fc8f,2025-06-29,"Rivian Maintains Overweight Rating After $1.25B Green Debt Refinance Announcement. Rivian Automotive Inc. (NASDAQ:RIVN) is one of the best consumer cyclical stocks to buy. On June 16, Cantor Fitzgerald maintained its Overweight rating and $15 price target on Rivian Automotive Inc. (NASDAQ:RIVN). This follows the company’s recent debt refinance announcement. Rivian Automotive Inc. (NASDAQ:RIVN) stated on June 2 that it would raise $1.25 billion through […]",-0.5859
2025-06-29 11:15:00,1 Thing Every Rivian Investor Needs to Watch Right Now,"President Trump's ""Big Beautiful Bill"" could derail that growth.  Rivian Automotive (NASDAQ: RIVN) has a bright future.  Today, more than 90% of Tesla's vehicle sales come from its two mass-market models: the Model 3 and Model Y. Rivian, meanwhile, has no affordable models.",Yahoo,https://finnhub.io/api/news?id=a8556093b1851b1d5a7f2903383cf8d06da2983798c14fbc6861e4c39d314651,2025-06-29,"1 Thing Every Rivian Investor Needs to Watch Right Now. President Trump's ""Big Beautiful Bill"" could derail that growth.  Rivian Automotive (NASDAQ: RIVN) has a bright future.  Today, more than 90% of Tesla's vehicle sales come from its two mass-market models: the Model 3 and Model Y. Rivian, meanwhile, has no affordable models.",0.7184
2025-06-29 08:45:00,Is Rivian the Smartest Investment You Can Make Today?,"Rivian makes all-electric vehicles, specializing in SUVs and pickup trucks.  Electric vehicle (EV) manufacturer Rivian (NASDAQ: RIVN) is following the game plan championed by its rival Tesla (NASDAQ: TSLA).  If you are an investor with a more aggressive investment approach, Rivian stock could be a smart addition to your portfolio today.",Yahoo,https://finnhub.io/api/news?id=20b946918be2f87c4c869b8050a946db49a958d9bd7f266ddf27e4696e872423,2025-06-29,"Is Rivian the Smartest Investment You Can Make Today?. Rivian makes all-electric vehicles, specializing in SUVs and pickup trucks.  Electric vehicle (EV) manufacturer Rivian (NASDAQ: RIVN) is following the game plan championed by its rival Tesla (NASDAQ: TSLA).  If you are an investor with a more aggressive investment approach, Rivian stock could be a smart addition to your portfolio today.",0.791
2025-06-27 13:28:00,"Electric Commercial Vehicle Market Report 202-2031, Competitive Analysis and Positioning of Global Giants - Tesla, Volvo, Daimler, Rivian, Ford, Isuzu","Explore the dynamic growth of the Global Electric Commercial Vehicle market set to soar from USD 64.84 Billion in 2024 to USD 411.22 Billion by 2031 at a 25.44% CAGR. The report delves into market segmentation by vehicle type, propulsion, and application, analyzing trends across regions including the Americas, Europe, and Asia-Pacific.Dublin, June 27, 2025 (GLOBE NEWSWIRE) -- The ""Electric Commercial Vehicle Market (2025 Edition): Analysis By Vehicle Type (Light Commercial Vehicles, Medium Comme",Yahoo,https://finnhub.io/api/news?id=79dc88a601edab3f7b6b231c1430a6934cae53ee61238463478ae1634bcfcfb8,2025-06-27,"Electric Commercial Vehicle Market Report 202-2031, Competitive Analysis and Positioning of Global Giants - Tesla, Volvo, Daimler, Rivian, Ford, Isuzu. Explore the dynamic growth of the Global Electric Commercial Vehicle market set to soar from USD 64.84 Billion in 2024 to USD 411.22 Billion by 2031 at a 25.44% CAGR. The report delves into market segmentation by vehicle type, propulsion, and application, analyzing trends across regions including the Americas, Europe, and Asia-Pacific.Dublin, Jun",0.7096
2025-06-27 07:14:00,Should You Buy Rivian Stock If It Falls Below $10 Per Share?,Rivian could lose access to valuable federal incentives.  The next few months could be difficult for Rivian (NASDAQ: RIVN).  Federal tax incentives for new electric vehicle (EV) purchases could soon be eliminated.,Yahoo,https://finnhub.io/api/news?id=fb012f96fb4a98c20ddbff6519386040aeb4e5d4a98c9ec94bb3368006cc087c,2025-06-27,Should You Buy Rivian Stock If It Falls Below $10 Per Share?. Rivian could lose access to valuable federal incentives.  The next few months could be difficult for Rivian (NASDAQ: RIVN).  Federal tax incentives for new electric vehicle (EV) purchases could soon be eliminated.,0.5719
2025-06-26 19:43:16,Sector Update: Consumer Stocks Mixed Late Afternoon,"Consumer stocks were mixed late Thursday afternoon, with the Consumer Staples Select Sector SPDR Fun",Yahoo,https://finnhub.io/api/news?id=77316aac791c72ac13377472d17ecec800dd8a13e1868caded53d45b23aff88b,2025-06-26,"Sector Update: Consumer Stocks Mixed Late Afternoon. Consumer stocks were mixed late Thursday afternoon, with the Consumer Staples Select Sector SPDR Fun",0.5106
2025-06-26 16:58:29,Rivian cuts dozens on manufacturing team ahead of R2 launch,"The company laid off around 1% of its total workforce, or around 140 employees. It's the third round of cuts since the start of 2024.",Yahoo,https://finnhub.io/api/news?id=ba0da60a6171d402f535859468bb0cd2dfb3e3c4b96073b8a9a84c021192b9dd,2025-06-26,"Rivian cuts dozens on manufacturing team ahead of R2 launch. The company laid off around 1% of its total workforce, or around 140 employees. It's the third round of cuts since the start of 2024.",-0.5267
2025-06-26 16:04:45,"Lucid's Future Could Be Rough, And EVs Are No Longer Disruptive",Explore Lucid's Tesla-inspired strategy in the luxury EV market.,SeekingAlpha,https://finnhub.io/api/news?id=caee570c03bf11dc5b1b51a33f3539f3efba6f6c9f3cc4178a679b5e5412190b,2025-06-26,"Lucid's Future Could Be Rough, And EVs Are No Longer Disruptive. Explore Lucid's Tesla-inspired strategy in the luxury EV market.",-0.0613
2025-06-26 15:03:13,"'Thank You, Elon:' Musk's Longtime Aide Reportedly Fired Days After Public Praise","Elon Musk&#39;s close aide Omead Afshar was reportedly fired just days after publicly praising Tesla&#39;s robotaxi push.
",Benzinga,https://finnhub.io/api/news?id=1c393e01e22615c0d97d2d302d84ff3fa187539b5a65c6a4432792582eab04a8,2025-06-26,"'Thank You, Elon:' Musk's Longtime Aide Reportedly Fired Days After Public Praise. Elon Musk&#39;s close aide Omead Afshar was reportedly fired just days after publicly praising Tesla&#39;s robotaxi push.
",0.34
2025-06-26 11:29:00,Tariffs Take A Toll: What To Expect From Interim Auto Reports Next Week,The upcoming interim reports from global car companies will be a crucial early indicator of how recent tariffs and shifts in consumer spending are impacting the US auto industry.,SeekingAlpha,https://finnhub.io/api/news?id=411ec37fcca497ca1f80449865428873c043185506b81ef5a835210f5d398251,2025-06-26,Tariffs Take A Toll: What To Expect From Interim Auto Reports Next Week. The upcoming interim reports from global car companies will be a crucial early indicator of how recent tariffs and shifts in consumer spending are impacting the US auto industry.,0.0
2025-06-25 13:57:00,Can Rivian Weather Falling Deliveries Amid Demand Uncertainty?,RIVN slashes 2025 delivery outlook amid high uncertainty around consumer demand for high-priced vehicles.,Yahoo,https://finnhub.io/api/news?id=7ad2c1d6e76f2b93112aca27619e6dc69097846284cef02ced0c0da298d6d53b,2025-06-25,Can Rivian Weather Falling Deliveries Amid Demand Uncertainty?. RIVN slashes 2025 delivery outlook amid high uncertainty around consumer demand for high-priced vehicles.,-0.802
2025-06-25 13:39:37,"Tesla's robotaxi launch could drive industry disruption and market share gain, analysts say","Piper Sandler backs Tesla as a long-term winner in autos, even as valuation fears swirl.",Yahoo,https://finnhub.io/api/news?id=1bb488c9b56045e2e9fd369bda5cacaec67c0744841e42e7bcf74283af880efa,2025-06-25,"Tesla's robotaxi launch could drive industry disruption and market share gain, analysts say. Piper Sandler backs Tesla as a long-term winner in autos, even as valuation fears swirl.",0.5994
2025-06-25 10:18:00,1 Surprising Reason Rivian Stock Is a Buy in 2025,"Rivian's sales growth should spike in 2026.  When it comes to sales growth, it's been a tough couple of years for Rivian.  Sales of electric vehicles industrywide has been below expectations, and weak consumer confidence has keep interest muted for the company's two luxury vehicles -- the R1T and R1S -- both of which can cost upwards of $100,000, depending on options.",Yahoo,https://finnhub.io/api/news?id=c746a3f53de19993d520932f104d27c1f245fcb5bf6fdfd39e84b92821585c0a,2025-06-25,"1 Surprising Reason Rivian Stock Is a Buy in 2025. Rivian's sales growth should spike in 2026.  When it comes to sales growth, it's been a tough couple of years for Rivian.  Sales of electric vehicles industrywide has been below expectations, and weak consumer confidence has keep interest muted for the company's two luxury vehicles -- the R1T and R1S -- both of which can cost upwards of $100,000, depending on options.",0.8481
2025-06-25 09:00:00,Zacks Industry Outlook Highlights Rivian Automotive and Lucid,"RIVN and LCID are standing out amid industry headwinds, backed by innovation, localization and growth plans.",Yahoo,https://finnhub.io/api/news?id=44875b635c6b4a27061b527266c2ccb156e2d39bc1e9e654bc37fb89e114d3cf,2025-06-25,"Zacks Industry Outlook Highlights Rivian Automotive and Lucid. RIVN and LCID are standing out amid industry headwinds, backed by innovation, localization and growth plans.",0.6486
2025-06-25 08:40:00,Better EV Stock: Rivian vs. Tesla,"With Tesla's vehicle sales sliding, shareholders are pinning their hopes on its robotaxi business.  Rivian is looking to launch a cheaper SUV to appeal to a more mainstream audience.  Tesla (NASDAQ: TSLA) has long been the leader in the electric vehicle (EV) market, but several upstarts have also entered the picture in recent years.",Yahoo,https://finnhub.io/api/news?id=a3d01724fea12695cc01aac8bb68a2fbe68b5a39862893dbab8dc33ffe73fb84,2025-06-25,"Better EV Stock: Rivian vs. Tesla. With Tesla's vehicle sales sliding, shareholders are pinning their hopes on its robotaxi business.  Rivian is looking to launch a cheaper SUV to appeal to a more mainstream audience.  Tesla (NASDAQ: TSLA) has long been the leader in the electric vehicle (EV) market, but several upstarts have also entered the picture in recent years.",0.431
2025-06-24 21:50:03,Rivian Automotive (RIVN) Laps the Stock Market: Here's Why,"The latest trading day saw Rivian Automotive (RIVN) settling at $13.81, representing a +1.17% change from its previous close.",Yahoo,https://finnhub.io/api/news?id=5f5c653e7017ca8b343c5261190114f2faba0ff91fb82eb15001d0e537269631,2025-06-24,"Rivian Automotive (RIVN) Laps the Stock Market: Here's Why. The latest trading day saw Rivian Automotive (RIVN) settling at $13.81, representing a +1.17% change from its previous close.",0.0
2025-06-24 13:51:00,2 Domestic Auto Players to Buy Even as the Industry Struggles,"Despite industry headwinds, RIVN and LCID stand out with cost cuts, new models and solid financial backing.",Yahoo,https://finnhub.io/api/news?id=c2b1fddf4f550c22ee92849214fc71f209b41dd6d9da10ff83e1593491a0ce59,2025-06-24,"2 Domestic Auto Players to Buy Even as the Industry Struggles. Despite industry headwinds, RIVN and LCID stand out with cost cuts, new models and solid financial backing.",-0.4588
2025-06-23 08:19:00,"Flexibility key in tariff turmoil: Toyota, Rivian execs","Executives from the two companies suggest that with fluctuating trade policies, the short-term priority for OEMs should be staying the course.",Yahoo,https://finnhub.io/api/news?id=6a0a1901fb38025cb9de07266880f5013d6f5faab5a65451d90037d869e70bc4,2025-06-23,"Flexibility key in tariff turmoil: Toyota, Rivian execs. Executives from the two companies suggest that with fluctuating trade policies, the short-term priority for OEMs should be staying the course.",-0.0258
2025-06-23 03:33:33,Automobile Manufacturing Stocks Q1 Teardown: Rivian (NASDAQ:RIVN) Vs The Rest,The end of an earnings season can be a great time to discover new stocks and assess how companies are handling the current business environment. Let’s take a look at how Rivian (NASDAQ:RIVN) and the rest of the automobile manufacturing stocks fared in Q1.,Yahoo,https://finnhub.io/api/news?id=6b62a41b7f3559f1cc44d9f69dd7ba63661e5a6ccd05115ea09efd5de869fdd6,2025-06-23,Automobile Manufacturing Stocks Q1 Teardown: Rivian (NASDAQ:RIVN) Vs The Rest. The end of an earnings season can be a great time to discover new stocks and assess how companies are handling the current business environment. Let’s take a look at how Rivian (NASDAQ:RIVN) and the rest of the automobile manufacturing stocks fared in Q1.,0.6249
2025-06-21 17:21:56,Rivian Automotive (NasdaqGS:RIVN) Increases Authorized Shares to Over 5 Billion,"Rivian Automotive (NasdaqGS:RIVN) recently secured shareholder approval for amendments to its bylaws, including increasing the number of authorized shares. This occurred in tandem with a 17% increase in the company's share price over the last quarter. Factors such as Rivian's Q1 2025 earnings report, which showed reduced net loss, and its new debt financing could have added weight to this upward trend. Meanwhile, the broader market saw a 10% rise over the past year. The developments at Rivian...",Yahoo,https://finnhub.io/api/news?id=041f9d83005e0f76ccc4acc390ec15382673a9b42fafbff66398cf88e10fb12e,2025-06-21,"Rivian Automotive (NasdaqGS:RIVN) Increases Authorized Shares to Over 5 Billion. Rivian Automotive (NasdaqGS:RIVN) recently secured shareholder approval for amendments to its bylaws, including increasing the number of authorized shares. This occurred in tandem with a 17% increase in the company's share price over the last quarter. Factors such as Rivian's Q1 2025 earnings report, which showed reduced net loss, and its new debt financing could have added weight to this upward trend. Meanwhile, th",0.8481
2025-06-20 16:00:04,Rivian Automotive (RIVN) Upgraded to Buy: Here's What You Should Know,"Rivian Automotive (RIVN) might move higher on growing optimism about its earnings prospects, which is reflected by its upgrade to a Zacks Rank #2 (Buy).",Yahoo,https://finnhub.io/api/news?id=c42cfe2da5a1e4ee7daa2e4b5f263fbd12de2f4c2be0ab9a6d34f2abb9e42ed7,2025-06-20,"Rivian Automotive (RIVN) Upgraded to Buy: Here's What You Should Know. Rivian Automotive (RIVN) might move higher on growing optimism about its earnings prospects, which is reflected by its upgrade to a Zacks Rank #2 (Buy).",0.7506
2025-06-19 10:45:00,Where Will Rivian Be in 10 Years?,"Rivian's new line of vehicles should help propel the company forward.  There's a lot to love about Rivian Automotive (NASDAQ: RIVN) stock right now.  To understand where Rivian is headed over the next 10 years, we must first look at some near-term factors.",Yahoo,https://finnhub.io/api/news?id=f844d46f1ff51fe7d614e5d52ad7f10ca7367de4a10848de651efcfb1a5fe8e0,2025-06-19,"Where Will Rivian Be in 10 Years?. Rivian's new line of vehicles should help propel the company forward.  There's a lot to love about Rivian Automotive (NASDAQ: RIVN) stock right now.  To understand where Rivian is headed over the next 10 years, we must first look at some near-term factors.",0.7845
2025-06-18 21:45:02,Rivian Automotive (RIVN) Rises As Market Takes a Dip: Key Facts,"Rivian Automotive (RIVN) closed the most recent trading day at $13.77, moving +2.84% from the previous trading session.",Yahoo,https://finnhub.io/api/news?id=b79d98fb04763d26390568069ab567af5338416d24ea2fc7664bbaa283e20174,2025-06-18,"Rivian Automotive (RIVN) Rises As Market Takes a Dip: Key Facts. Rivian Automotive (RIVN) closed the most recent trading day at $13.77, moving +2.84% from the previous trading session.",0.0
2025-06-18 14:40:00,Will Higher Production Volumes of R2 Boost Rivian's Gross Profit?,RIVN hits record gross profit and eyes margin gains from higher R2 output as it gears up for 2026 launch.,Yahoo,https://finnhub.io/api/news?id=197c36856abeb4a607dcee2008a5b496e76ec2d9c34dfc14fb01a5f109a76200,2025-06-18,Will Higher Production Volumes of R2 Boost Rivian's Gross Profit?. RIVN hits record gross profit and eyes margin gains from higher R2 output as it gears up for 2026 launch.,0.5719
2025-06-17 21:50:05,Rivian Automotive (RIVN) Declines More Than Market: Some Information for Investors,"In the most recent trading session, Rivian Automotive (RIVN) closed at $13.39, indicating a -2.73% shift from the previous trading day.",Yahoo,https://finnhub.io/api/news?id=af40ec26b15caaa47735251ae8a844b50cc1e625cf52c9680e4e61503a080178,2025-06-17,"Rivian Automotive (RIVN) Declines More Than Market: Some Information for Investors. In the most recent trading session, Rivian Automotive (RIVN) closed at $13.39, indicating a -2.73% shift from the previous trading day.",0.0
2025-06-17 13:35:17,10 Consumer Discretionary Stocks With Whale Alerts In Today's Session, ,Benzinga,https://finnhub.io/api/news?id=4a2c3e7afb6919405380b9d4139f8e896743ab658a16a11112d9d67197654a3f,2025-06-17,10 Consumer Discretionary Stocks With Whale Alerts In Today's Session.  ,0.0
2025-06-17 13:05:00,TSLA's Legacy or RIVN's Promise: Which EV Story Holds Up Better Now?,"Tesla's slowing growth and Rivian's high cash burn reveal the EV sector's growing pains, with each stock facing tough tradeoffs.",Yahoo,https://finnhub.io/api/news?id=90c1a14789a5f08d9984e768af31ec9132f8ec49ca9dac1aea78c0fb9c395ee1,2025-06-17,"TSLA's Legacy or RIVN's Promise: Which EV Story Holds Up Better Now?. Tesla's slowing growth and Rivian's high cash burn reveal the EV sector's growing pains, with each stock facing tough tradeoffs.",0.6369
2025-06-17 00:50:00,Prediction: 2 Stocks That Will Be Worth More Than NuScale Power 10 Years From Now,NuScale Power has a market cap of $11 billion and generates close to zero in revenue with no products coming down the line.  Rocket Lab is a fast-growing space flight company.  Rivian Automotive is a disrupter in the electric vehicle space.,Yahoo,https://finnhub.io/api/news?id=58ebb1e05aa8fb0dd36cfb69f63d1563257a926d2da41e2135fcf9befb8a2583,2025-06-17,Prediction: 2 Stocks That Will Be Worth More Than NuScale Power 10 Years From Now. NuScale Power has a market cap of $11 billion and generates close to zero in revenue with no products coming down the line.  Rocket Lab is a fast-growing space flight company.  Rivian Automotive is a disrupter in the electric vehicle space.,-0.0772
2025-06-16 15:18:58,Every Rivian Investor Should Keep an Eye on These 2 Numbers,"Rivian could be hit by lower tax credits for EV buyers.  The fate of automotive regulatory credits will be equally important.  Despite heavy volatility, Rivian (NASDAQ: RIVN) share prices have jumped nearly 20% in value over the past year.",Yahoo,https://finnhub.io/api/news?id=f3b5251bb04b371af4442b7aa1b2cd54b8efea8a08c80409e91b6c6c4de75c56,2025-06-16,"Every Rivian Investor Should Keep an Eye on These 2 Numbers. Rivian could be hit by lower tax credits for EV buyers.  The fate of automotive regulatory credits will be equally important.  Despite heavy volatility, Rivian (NASDAQ: RIVN) share prices have jumped nearly 20% in value over the past year.",0.802
2025-06-16 13:22:00,Do Tesla's Refreshed Model X & S Offer Value Over Competitors?,"TSLA unveils updated Model S and X with modest upgrades and $5,000 price hikes amid rising competition.",Yahoo,https://finnhub.io/api/news?id=85c3538dc15ea1a88bba3d00aabe1abe63f7ae07d3050a0145c52c535b9a7a95,2025-06-16,"Do Tesla's Refreshed Model X & S Offer Value Over Competitors?. TSLA unveils updated Model S and X with modest upgrades and $5,000 price hikes amid rising competition.",0.34
2025-06-16 08:00:00,Rivian: We Believe In The Larger Vision Here,We are increasingly confident in Rivian as a source of long-term growth potential. But why are we were not willing to take this ride? Click here to find out. ,SeekingAlpha,https://finnhub.io/api/news?id=669c330484d28ccd2526ad1888234d1c8b1bb0b4386cc77e18b3eddd22084a3e,2025-06-16,Rivian: We Believe In The Larger Vision Here. We are increasingly confident in Rivian as a source of long-term growth potential. But why are we were not willing to take this ride? Click here to find out. ,0.5267
2025-06-15 21:30:00,Client Update June 2025: Long-Term Value And Growth Potential,"GDSâs June insights covers Buffettâs legacy, Novoâs rebound, and Rivianâs rise. Click here to read the full note now. ",SeekingAlpha,https://finnhub.io/api/news?id=b1f2cce4941af8bceec63b4b0bd9f2b563e32f90fa4c181336c2613261c443ad,2025-06-15,"Client Update June 2025: Long-Term Value And Growth Potential. GDSâs June insights covers Buffettâs legacy, Novoâs rebound, and Rivianâs rise. Click here to read the full note now. ",0.6124
2025-06-15 11:45:00,Better Electric Vehicle (EV) Stock: Lucid Group vs. Rivian,"Right now, Lucid Group is growing faster than Rivian.  Demand for electric vehicles is expected to surge over the next several decades.  While much of this growth is expected globally, penetration for EVs is still expected to rise substantially in the U.S., the primary market for both Lucid Group (NASDAQ: LCID) and Rivian Automotive (NASDAQ: RIVN).",Yahoo,https://finnhub.io/api/news?id=2c5d5329b63118101de61cf8752aa6d8c0e7a84cdd17b252605a4e18c4987eca,2025-06-15,"Better Electric Vehicle (EV) Stock: Lucid Group vs. Rivian. Right now, Lucid Group is growing faster than Rivian.  Demand for electric vehicles is expected to surge over the next several decades.  While much of this growth is expected globally, penetration for EVs is still expected to rise substantially in the U.S., the primary market for both Lucid Group (NASDAQ: LCID) and Rivian Automotive (NASDAQ: RIVN).",0.7269
2025-06-14 20:05:00,Trump's Bill Would End EV Subsidies: Is Rivian in Trouble?,"Rivian is prepared to grow sales significantly regardless of tax incentives.  Rivian Automotive (NASDAQ: RIVN) has a very promising future.  Starting in early 2026, management expects to start production of three new affordable electric vehicles (EVs).",Yahoo,https://finnhub.io/api/news?id=d1df60296115ec1ad0c0bddd964f06b730d87ffa99125252a40aa3862d244487,2025-06-14,"Trump's Bill Would End EV Subsidies: Is Rivian in Trouble?. Rivian is prepared to grow sales significantly regardless of tax incentives.  Rivian Automotive (NASDAQ: RIVN) has a very promising future.  Starting in early 2026, management expects to start production of three new affordable electric vehicles (EVs).",0.5413
2025-06-13 16:13:00,Does Rivian's AI-Driven RAP Provide It a Competitive Edge?,"RIVN's AI-powered Rivian Autonomy Platform, standard on R1 models, boosts its edge in the EV driver-assist race.",Yahoo,https://finnhub.io/api/news?id=d0c4dd96b12bcb22ce7de670b556f38e86490cb511a07004d35129d3674de1d9,2025-06-13,"Does Rivian's AI-Driven RAP Provide It a Competitive Edge?. RIVN's AI-powered Rivian Autonomy Platform, standard on R1 models, boosts its edge in the EV driver-assist race.",0.4588
2025-06-13 13:23:59,Tesla's Last Dance: Slumping Deliveries And Political Feud (Downgrade),"Tesla, Inc. faces declining sales, shrinking margins, and valuation concerns. Click for my updated look at TSLA stock valuation and rising policy risks.",SeekingAlpha,https://finnhub.io/api/news?id=275ec8c9de5dad4349e954ca03b0f6bb780b80500711e7a349a92389095e957f,2025-06-13,"Tesla's Last Dance: Slumping Deliveries And Political Feud (Downgrade). Tesla, Inc. faces declining sales, shrinking margins, and valuation concerns. Click for my updated look at TSLA stock valuation and rising policy risks.",-0.5423
2025-06-13 07:05:00,Is Tesla's Pain Rivian's Gain?,"The leading electric vehicle company is struggling, as its CEO just started feuding with the president of the United States.",Yahoo,https://finnhub.io/api/news?id=4a9380ae4898a2d2e78f16890ea1455914750b89580da327b63dde6089322d29,2025-06-13,"Is Tesla's Pain Rivian's Gain?. The leading electric vehicle company is struggling, as its CEO just started feuding with the president of the United States.",-0.3612
2025-06-13 03:09:16,"Rivian Automotive, Llc Is Recalling 27,882 U.S. Vehicles - NHTSA","June 13 - * RIVIAN AUTOMOTIVE, LLC IS RECALLING 27,882 U.S. VEHICLES -NHTSA * RIVIAN AUTOMOTIVE, LLC IS RECALLING SOME U.S. VEHICLES ASTURNSIGNALS THAT DO NOT FUNCTION...",Finnhub,https://finnhub.io/api/news?id=16f6d7818d3e640fe8563632883ad24275623aae667bb05d228b160ccebae58a,2025-06-13,"Rivian Automotive, Llc Is Recalling 27,882 U.S. Vehicles - NHTSA. June 13 - * RIVIAN AUTOMOTIVE, LLC IS RECALLING 27,882 U.S. VEHICLES -NHTSA * RIVIAN AUTOMOTIVE, LLC IS RECALLING SOME U.S. VEHICLES ASTURNSIGNALS THAT DO NOT FUNCTION...",0.0
2025-08-11 16:06:00,TechCrunch Mobility: The triple punch headed for automakers,Welcome back to TechCrunch Mobility — your central hub for news and insights on the future of transportation.,Yahoo,https://finnhub.io/api/news?id=3f1e42f6a468b5cdc8ae397a4e18ec9931197cd84ad8ff2862cd948b0deb7ab6,2025-08-11,TechCrunch Mobility: The triple punch headed for automakers. Welcome back to TechCrunch Mobility — your central hub for news and insights on the future of transportation.,0.4588
2025-08-11 14:36:43,"Ford's new line of affordable vehicles to start at about $30,000","DETROIT (Reuters) -Ford plans to start rolling out its new family of affordable electric vehicles in 2027, including a midsize pickup truck with a target starting price of $30,000, the company said on Monday, as it aspires to the cost efficiency of Chinese rivals.  Ford is investing nearly $2 billion in the plant, which produces the Escape and Lincoln Corsair, retaining at least 2,200 jobs, it said in a statement.  Chinese carmakers such as BYD have streamlined their supply chain and production ",Yahoo,https://finnhub.io/api/news?id=ef32789bb6af891195b10aea28534b9359aa53e309cadf4086aea7929878cb97,2025-08-11,"Ford's new line of affordable vehicles to start at about $30,000. DETROIT (Reuters) -Ford plans to start rolling out its new family of affordable electric vehicles in 2027, including a midsize pickup truck with a target starting price of $30,000, the company said on Monday, as it aspires to the cost efficiency of Chinese rivals.  Ford is investing nearly $2 billion in the plant, which produces the Escape and Lincoln Corsair, retaining at least 2,200 jobs, it said in a statement.  Chinese carmake",0.4939
2025-08-11 14:30:00,California Stalls on EV Subsidies as Trump Cuts Federal Rebate,"(Bloomberg) -- With President Donald Trump set to ax a key electric vehicle tax credit next month, California Governor Gavin Newsom has yet to advance his highly touted proposal to restart the state’s own EV subsidies, according to people familiar with the discussions.Most Read from BloombergSunseeking Germans Face Swiss Backlash Over Alpine Holiday CongestionNew York Warns of $34 Billion Budget Hole, Biggest Since 2009 CrisisThree Deaths Reported as NYC Legionnaires’ Outbreak SpreadsChicago Sch",Yahoo,https://finnhub.io/api/news?id=3b13e7308babaa5cb250af1bf13549c333b90b6021f4199a62d6d910a00a3903,2025-08-11,"California Stalls on EV Subsidies as Trump Cuts Federal Rebate. (Bloomberg) -- With President Donald Trump set to ax a key electric vehicle tax credit next month, California Governor Gavin Newsom has yet to advance his highly touted proposal to restart the state’s own EV subsidies, according to people familiar with the discussions.Most Read from BloombergSunseeking Germans Face Swiss Backlash Over Alpine Holiday CongestionNew York Warns of $34 Billion Budget Hole, Biggest Since 2009 CrisisThree ",0.2975
2025-08-11 04:05:00,Should You Buy Rivian Stock While It's Below $17?,The electric vehicle maker still has a lot to prove.,Yahoo,https://finnhub.io/api/news?id=0fd7f1d837cb2eb0e1b251e766229b3766f51aba8cc7596437bdf8a2e04f2240,2025-08-11,Should You Buy Rivian Stock While It's Below $17?. The electric vehicle maker still has a lot to prove.,0.0
2025-08-10 22:35:54,SoftBank Plans Biggest US IPO Since Arm Went Public: Taps Top Wall Street Banks For A Potential $2 Billion Offering,"Japan&#39;s Softbank Group Corp. (OTC: SFTBY) is reportedly in talks with major U.S. investment banks regarding an initial public offering for its payments platform, PayPay. ",Benzinga,https://finnhub.io/api/news?id=c5f1359b32c49cc7079d16715dec4ebe80e5af9258a5a5cdafdafa7b65b766ba,2025-08-10,"SoftBank Plans Biggest US IPO Since Arm Went Public: Taps Top Wall Street Banks For A Potential $2 Billion Offering. Japan&#39;s Softbank Group Corp. (OTC: SFTBY) is reportedly in talks with major U.S. investment banks regarding an initial public offering for its payments platform, PayPay. ",0.2023
2025-08-10 22:14:00,Rivian Faces a Dreaded Triple Whammy. Can the Stock Recover?,2025 is shaping up as a rough year for Rivian with no vehicle launches and multiple negative developments.,Yahoo,https://finnhub.io/api/news?id=5e4184fdbcfc11095e44229afe01f23cfc50817caca5cc9638371b446b275ead,2025-08-10,Rivian Faces a Dreaded Triple Whammy. Can the Stock Recover?. 2025 is shaping up as a rough year for Rivian with no vehicle launches and multiple negative developments.,-0.8625
2025-08-10 20:44:32,Tracking Baillie Gifford's 13F Portfolio - Q2 2025 Update,,SeekingAlpha,https://finnhub.io/api/news?id=4faa71e8e6a1fb142e292585c4567007403d7d7799b299abcbd26dd5c81296a6,2025-08-10,Tracking Baillie Gifford's 13F Portfolio - Q2 2025 Update. ,0.0
2025-08-10 08:31:08,"Consumer Tech News (August 4–August 8): Earnings From Palantir, Uber, Shopify & More Amid Trump's Tariff Saga","Wall Street rebounded as strong consumer-tech earnings (Palantir, Uber, Shopify) offset Trump&#39;s gold-bar and broader tariff moves, with U.S.–Russia ceasefire chatter, steadier oil, and mixed AI/auto headlines.









",Benzinga,https://finnhub.io/api/news?id=408888b68e3707bb3d910362698f1ecf03cf9314b4e40b5b3773b382bfe8d937,2025-08-10,"Consumer Tech News (August 4–August 8): Earnings From Palantir, Uber, Shopify & More Amid Trump's Tariff Saga. Wall Street rebounded as strong consumer-tech earnings (Palantir, Uber, Shopify) offset Trump&#39;s gold-bar and broader tariff moves, with U.S.–Russia ceasefire chatter, steadier oil, and mixed AI/auto headlines.









",0.5106
2025-08-10 01:05:00,Rivian Investors Face a Real Setback,"Tariffs weighed on Rivian's second quarter, but there's another setback that might be more concerning.",Yahoo,https://finnhub.io/api/news?id=236d5809ac25f4fea24dd05803a56dd8804227da76665433f662d42c39ef50c6,2025-08-10,"Rivian Investors Face a Real Setback. Tariffs weighed on Rivian's second quarter, but there's another setback that might be more concerning.",0.0
2025-08-09 22:05:00,Better Buy: Rivian vs. Ford,"In the world of cars today, there's always a debate between the old stalwarts and the new upstarts.",Yahoo,https://finnhub.io/api/news?id=b61ad1c089d165e7cee6e773dd3cfad7407b0a5f0cdea3f326c2b819caf5fe28,2025-08-09,"Better Buy: Rivian vs. Ford. In the world of cars today, there's always a debate between the old stalwarts and the new upstarts.",0.4404
2025-08-09 08:37:23,Lucid Motors Is Not Dead Money,"Lucid posted deeper Q2 losses and cut its 2025 outlook, but strong liquidity and a key Uber deal support long-term growth. Find out why LCID stock is a buy.",SeekingAlpha,https://finnhub.io/api/news?id=93974bbbf8633a82910febe0694e53b9acdd15e26842d55f1465a318975e6ce9,2025-08-09,"Lucid Motors Is Not Dead Money. Lucid posted deeper Q2 losses and cut its 2025 outlook, but strong liquidity and a key Uber deal support long-term growth. Find out why LCID stock is a buy.",0.9125
2025-08-09 04:54:00,Will the NFL Bring the Magic Back to Disney Stock?,"The NFL and Disney have tied themselves more closely together with the NFL getting 10% of ESPN in exchange for the NFL Network, RedZone distribution rights, and more assets. Will it make Disney a winner in streaming?",Yahoo,https://finnhub.io/api/news?id=788a628ba1a2a76857d682a2e129dc04b4490484bf41feb4dffd909b4a08a277,2025-08-09,"Will the NFL Bring the Magic Back to Disney Stock?. The NFL and Disney have tied themselves more closely together with the NFL getting 10% of ESPN in exchange for the NFL Network, RedZone distribution rights, and more assets. Will it make Disney a winner in streaming?",0.7313
2025-08-08 19:55:18,Cantor Reiterates Neutral on Rivian (RIVN) Amid Weak Delivery Guidance and Margin Pressure,"Rivian Automotive, Inc. (NASDAQ:RIVN) is one of the High Flying AI Stocks This Week. On August 6, Cantor Fitzgerald analyst Andres Sheppard reiterated a Neutral rating on the stock with a $15.00 price target. Cantor has acknowledged that Rivian benefits from its Amazon commercial partnership, strategic joint venture with Volkswagen, and differentiated product offering including R1, […]",Yahoo,https://finnhub.io/api/news?id=7177a4448ede7bfcd1ec122a714645a6ec0c4a153629be1511f47b9b8fe61c1d,2025-08-08,"Cantor Reiterates Neutral on Rivian (RIVN) Amid Weak Delivery Guidance and Margin Pressure. Rivian Automotive, Inc. (NASDAQ:RIVN) is one of the High Flying AI Stocks This Week. On August 6, Cantor Fitzgerald analyst Andres Sheppard reiterated a Neutral rating on the stock with a $15.00 price target. Cantor has acknowledged that Rivian benefits from its Amazon commercial partnership, strategic joint venture with Volkswagen, and differentiated product offering including R1, […]",-0.2023
2025-08-08 15:56:29,"U.S. Electric Vehicles Are At A Crossroad; Trump's Budget Ends Incentives, China Remains All-In",U.S. EV sales slowed sharply since 2022. Did Trump's incentive-cutting budget drive a nail into the EF coffin?,Yahoo,https://finnhub.io/api/news?id=23c5986dd32eb90625a03d87489623f3be628e95440eb97c5a0549d4c999dd87,2025-08-08,"U.S. Electric Vehicles Are At A Crossroad; Trump's Budget Ends Incentives, China Remains All-In. U.S. EV sales slowed sharply since 2022. Did Trump's incentive-cutting budget drive a nail into the EF coffin?",0.3182
2025-08-07 13:35:23,10 Consumer Discretionary Stocks Whale Activity In Today's Session, ,Benzinga,https://finnhub.io/api/news?id=d1949ee2656b1e6bfe7fa474457ab29a44674af8e1826c184341ebf5c1d6ef3e,2025-08-07,10 Consumer Discretionary Stocks Whale Activity In Today's Session.  ,0.0
2025-08-07 10:19:54,Rivian Automotive Second Quarter 2025 Earnings: EPS Misses Expectations,NasdaqGS:RIVN 1 Year Share Price vs Fair Value Explore Rivian Automotive's Fair Values from the Community and select...,Yahoo,https://finnhub.io/api/news?id=5db91dac4be540c13393d7fafffd651f2e9fa42a1461459202e1ca231cb9d484,2025-08-07,Rivian Automotive Second Quarter 2025 Earnings: EPS Misses Expectations. NasdaqGS:RIVN 1 Year Share Price vs Fair Value Explore Rivian Automotive's Fair Values from the Community and select...,0.8402
2025-08-07 09:00:00,Rivian Q2: Another Quarter Of Disappointment,"Rivian struggles with execution, weak margins, and delayed profitability despite VW backing and strong cash reserves. Find out why RIVN stock is a hold.",SeekingAlpha,https://finnhub.io/api/news?id=3ffd89bf49a01bd1038469d3718d4a7cdf5d7027398a2577108a9ae0bf882d93,2025-08-07,"Rivian Q2: Another Quarter Of Disappointment. Rivian struggles with execution, weak margins, and delayed profitability despite VW backing and strong cash reserves. Find out why RIVN stock is a hold.",-0.6456
2025-08-06 21:49:35,Rivian Stock Plunges After Brutal Q2 Earnings and Weak Outlook,"EV warning signs flash: Rivian earnings disappoint, margins crumble",Yahoo,https://finnhub.io/api/news?id=1842ce5a3fb64ad3476d8fb238b5caf3d584e6050a0114f6e85f1f53d4e46be0,2025-08-06,"Rivian Stock Plunges After Brutal Q2 Earnings and Weak Outlook. EV warning signs flash: Rivian earnings disappoint, margins crumble",-0.9022
2025-08-06 21:43:30,"Rivian, Lucid Brace for a Rough Ride as EV Headwinds Intensify",China export curbs push Rivian costs higher; credit revenue dries up,Yahoo,https://finnhub.io/api/news?id=488692cf9764c67ffe8b9e5f64a262534c54b4adceab5910ead4d3d1d707f30f,2025-08-06,"Rivian, Lucid Brace for a Rough Ride as EV Headwinds Intensify. China export curbs push Rivian costs higher; credit revenue dries up",0.3818
2025-08-06 17:49:47,Rivian's Path To Profitability Gets Longer As Regulatory Changes Squeeze Margins,"Rivian Automotive (NASDAQ:RIVN) shares declined on Wednesday after the electric vehicle manufacturer posted mixed second-quarter results and issued a downbeat outlook, prompting a round of price target cuts from Wall Street analysts. The company reported second-quarter revenue of $1.303 billion, a 5.1% year-over-year increase that slightly surpassed the Street consensus estimate of $1.29 billion, according to Benzinga Pro. However, the adjusted loss of 97 cents per share came in wider than the e",Yahoo,https://finnhub.io/api/news?id=a0a108ade226b203dceb354fc9100bb2eb6d47a3f8d92da8ed62a9bdd652145e,2025-08-06,"Rivian's Path To Profitability Gets Longer As Regulatory Changes Squeeze Margins. Rivian Automotive (NASDAQ:RIVN) shares declined on Wednesday after the electric vehicle manufacturer posted mixed second-quarter results and issued a downbeat outlook, prompting a round of price target cuts from Wall Street analysts. The company reported second-quarter revenue of $1.303 billion, a 5.1% year-over-year increase that slightly surpassed the Street consensus estimate of $1.29 billion, according to Benzi",0.5267
2025-08-06 14:30:17,BC-Most Active Stocks,"Gibo Holdings Ltd. 35,705,006 0.0516",Yahoo,https://finnhub.io/api/news?id=26982bfb4b05008315b6e3f5c3b0939bb58003bf44db40402dc7f99bc79c8f8b,2025-08-06,"BC-Most Active Stocks. Gibo Holdings Ltd. 35,705,006 0.0516",0.4019
2025-08-06 13:42:25,Lucid CEO: 'Not where we want to be' with Gravity SUV ramp; 'volume' will eventually solve profitability issues,"Lucid CEO Marc Winterhoff has his work cut out for him. He needs to ramp up the company's critical-to-success SUV, the Gravity, while also assuaging investor fears about profits — or lack thereof.",Yahoo,https://finnhub.io/api/news?id=99b608c792e0c7948bba635d90041d5e91d9e31bc067f593a29ec58539b48d5b,2025-08-06,"Lucid CEO: 'Not where we want to be' with Gravity SUV ramp; 'volume' will eventually solve profitability issues. Lucid CEO Marc Winterhoff has his work cut out for him. He needs to ramp up the company's critical-to-success SUV, the Gravity, while also assuaging investor fears about profits — or lack thereof.",-0.1586
2025-08-06 13:41:45,Rivian Stock Falls; Scrapped Tax Credit Hurts EV Makers,"Rivian expects the end of electric-vehicle tax credits to hit its annual results and EV-making peer Lucid is cutting its production forecast.    Rivian expects a loss of $2 billion to $2.25 billion in adjusted earnings before interest, taxes, depreciation and amortization this year.",Yahoo,https://finnhub.io/api/news?id=3ec9564be79a9d7621ad46b8bd22c168eedc8347d3afe5af60725fca99c99816,2025-08-06,"Rivian Stock Falls; Scrapped Tax Credit Hurts EV Makers. Rivian expects the end of electric-vehicle tax credits to hit its annual results and EV-making peer Lucid is cutting its production forecast.    Rivian expects a loss of $2 billion to $2.25 billion in adjusted earnings before interest, taxes, depreciation and amortization this year.",0.4215
2025-08-06 13:41:45,Rivian Stock Falls as Scrapped Tax Credit Hurts EV Makers,"Rivian expects the end of electric-vehicle tax credits to hit its annual results and EV-making peer Lucid is cutting its production forecast.    Rivian expects a loss of $2 billion to $2.25 billion in adjusted earnings before interest, taxes, depreciation and amortization this year.",Yahoo,https://finnhub.io/api/news?id=377098d6f68ce72dbe3c873d2f7990c2b03ccd31b2f98167ed10f2872efa3bfc,2025-08-06,"Rivian Stock Falls as Scrapped Tax Credit Hurts EV Makers. Rivian expects the end of electric-vehicle tax credits to hit its annual results and EV-making peer Lucid is cutting its production forecast.    Rivian expects a loss of $2 billion to $2.25 billion in adjusted earnings before interest, taxes, depreciation and amortization this year.",0.4215
2025-08-06 11:46:00,Rivian and Lucid Shares Drop After Earnings. Tesla’s Not the Only One Having Trouble Selling EVs.,Lucid and Rivian posted disappointing earnings reports late Tuesday. Why Tesla investors shouldn't sweat it.,Yahoo,https://finnhub.io/api/news?id=5ffef88f808e2b952e2e9e9a5ce9ca2fb3f2bd5f81011dcad6807486fcd5369b,2025-08-06,Rivian and Lucid Shares Drop After Earnings. Tesla’s Not the Only One Having Trouble Selling EVs.. Lucid and Rivian posted disappointing earnings reports late Tuesday. Why Tesla investors shouldn't sweat it.,-0.7003
2025-08-06 09:53:59,"Stocks to Watch Wednesday: AMD, Super Micro, Rivian","↘️ Advanced Micro Devices (AMD): The chip maker's quarterly adjusted earnings met expectations, while revenue beat forecasts. However, the stock slipped 4.5% in premarket trading. ↘️ Snap (SNAP): The company behind Snapchat reported a wider quarterly loss and missed sales expectations after a problem with its advertising platform.",Yahoo,https://finnhub.io/api/news?id=f15a2299db71cc04fd4dc89afc69ca4fec1d6860f2235801cb36c8d359ba4100,2025-08-06,"Stocks to Watch Wednesday: AMD, Super Micro, Rivian. ↘️ Advanced Micro Devices (AMD): The chip maker's quarterly adjusted earnings met expectations, while revenue beat forecasts. However, the stock slipped 4.5% in premarket trading. ↘️ Snap (SNAP): The company behind Snapchat reported a wider quarterly loss and missed sales expectations after a problem with its advertising platform.",-0.0772
2025-08-06 10:11:37,US stock futures higher as investors scrutinize earnings,"After the close, auto maker Rivian, Skyworks Solutions, social media company Snap and semiconductor giant AMD reported quarterly results.",Yahoo,https://finnhub.io/api/news?id=a6d679bebe5c4983f9ae88a62c628218eadc3ad11e97eb7a7ba9d9823d076247,2025-08-06,"US stock futures higher as investors scrutinize earnings. After the close, auto maker Rivian, Skyworks Solutions, social media company Snap and semiconductor giant AMD reported quarterly results.",0.1779
2025-08-06 09:55:43,"Tesla: Low FCF, No Robos, Just Taxis","Tesla, Inc.'s Q2 results disappointed with declines across metrics. EV tax credit expirations, fees, and other issues are further hurdles. Click for my TSLA update.",SeekingAlpha,https://finnhub.io/api/news?id=4d186cd5c3d17c74001ee2a0c4da49b6d984c33df2e4f0a9a31a271df6a6036a,2025-08-06,"Tesla: Low FCF, No Robos, Just Taxis. Tesla, Inc.'s Q2 results disappointed with declines across metrics. EV tax credit expirations, fees, and other issues are further hurdles. Click for my TSLA update.",-0.5859
2025-08-06 07:30:37,Rivian Automotive Inc (RIVN) Q2 2025 Earnings Call Highlights: Navigating Challenges with ...,Rivian Automotive Inc (RIVN) reports significant progress in production capabilities and strategic partnerships despite facing supply chain and regulatory hurdles.,Yahoo,https://finnhub.io/api/news?id=a1cc1ab4fd55bc1438158e6d7887a0fee2d4c330cd96411faed4cf670b90ef0d,2025-08-06,Rivian Automotive Inc (RIVN) Q2 2025 Earnings Call Highlights: Navigating Challenges with .... Rivian Automotive Inc (RIVN) reports significant progress in production capabilities and strategic partnerships despite facing supply chain and regulatory hurdles.,0.5994
2025-08-05 23:39:23,"Rivian reports Q2 net loss of $1.1 billion, keeps 2025 delivery guidance","Rivian Automotive reported a second-quarter net loss of $1.1 billion, an improvement over its $1.5 billion net loss in the same period last year.",Yahoo,https://finnhub.io/api/news?id=4978f877025424710d70ed6b6bb90fe7ddb34f0a85fc9665bd5d03d63a1e60e2,2025-08-05,"Rivian reports Q2 net loss of $1.1 billion, keeps 2025 delivery guidance. Rivian Automotive reported a second-quarter net loss of $1.1 billion, an improvement over its $1.5 billion net loss in the same period last year.",-0.4404
2025-08-05 22:25:03,"Rivian Automotive (RIVN) Reports Q2 Loss, Beats Revenue Estimates","Rivian Automotive (RIVN) delivered earnings and revenue surprises of -23.08% and +3.19%, respectively, for the quarter ended June 2025. Do the numbers hold clues to what lies ahead for the stock?",Yahoo,https://finnhub.io/api/news?id=69e527d7cff38bf8437c465148df09b71e43ea6aabc93b7624c10d6a81877e1e,2025-08-05,"Rivian Automotive (RIVN) Reports Q2 Loss, Beats Revenue Estimates. Rivian Automotive (RIVN) delivered earnings and revenue surprises of -23.08% and +3.19%, respectively, for the quarter ended June 2025. Do the numbers hold clues to what lies ahead for the stock?",-0.2023
2025-08-05 21:20:37,Rivian Automotive: Q2 Earnings Snapshot,"IRVINE, Calif. AP) — Rivian Automotive, Inc. RIVN) on Tuesday reported a loss of $1.12 billion in its second quarter.",Yahoo,https://finnhub.io/api/news?id=e7b64300b4864b5761fae0f16b8da44b731c27b9bd8be46fd3d2683e10494c6c,2025-08-05,"Rivian Automotive: Q2 Earnings Snapshot. IRVINE, Calif. AP) — Rivian Automotive, Inc. RIVN) on Tuesday reported a loss of $1.12 billion in its second quarter.",-0.3182
2025-08-05 21:06:00,Rivian Sees Results Hurt by Scrapped EV Tax Credit; Lucid Cuts Production Forecast,"Rivian Automotive expects the elimination of the federal tax credit for electric vehicle purchases to dent its full-year results, though it logged higher revenue in the second quarter. Lucid posted a narrower loss.",Yahoo,https://finnhub.io/api/news?id=31158e654e601fbd6eca7a3d7a50ea8292e606f97eb829fd3b0ef240392295f0,2025-08-05,"Rivian Sees Results Hurt by Scrapped EV Tax Credit; Lucid Cuts Production Forecast. Rivian Automotive expects the elimination of the federal tax credit for electric vehicle purchases to dent its full-year results, though it logged higher revenue in the second quarter. Lucid posted a narrower loss.",-0.4019
2025-08-05 20:57:24,"Rivian Automotive, Inc. (RIVN) Q2 2025 Earnings Call Transcript","Rivian Automotive, Inc. (NASDAQ:RIVN) Q2 2025 Earnings Conference Call August 5, 2025 5:00 PM ETCompany ParticipantsClaire Rauh McDonough - Chief Financial...",SeekingAlpha,https://finnhub.io/api/news?id=db1049498d626219414a63412b0aaf99f2d360039ebacac1330d544f486ed832,2025-08-05,"Rivian Automotive, Inc. (RIVN) Q2 2025 Earnings Call Transcript. Rivian Automotive, Inc. (NASDAQ:RIVN) Q2 2025 Earnings Conference Call August 5, 2025 5:00 PM ETCompany ParticipantsClaire Rauh McDonough - Chief Financial...",0.0
2025-08-05 20:53:40,"Rivian shares fall after wider Q2 loss, supply chain issues and cash burn outlook",Investing.com -- Shares of Rivian Automotive (NASDAQ:RIVN) fell 6% in after-hours trading on Tuesday as second-quarter loss was worse than Street expected and EV maker flagged headwinds from trade-related supply chain disruptions.,Yahoo,https://finnhub.io/api/news?id=7dc17d789f6300cc151cc6baa22900079c6a244d26bdf62b103f4d4534e23d2d,2025-08-05,"Rivian shares fall after wider Q2 loss, supply chain issues and cash burn outlook. Investing.com -- Shares of Rivian Automotive (NASDAQ:RIVN) fell 6% in after-hours trading on Tuesday as second-quarter loss was worse than Street expected and EV maker flagged headwinds from trade-related supply chain disruptions.",-0.6908
2025-08-05 20:36:49,Rivian (NASDAQ:RIVN) Surprises With Q2 Sales,"Electric vehicle manufacturer Rivian (NASDAQ:RIVN) reported Q2 CY2025 results exceeding the market’s revenue expectations, with sales up 12.5% year on year to $1.30 billion. Its non-GAAP loss of $0.80 per share was 26% below analysts’ consensus estimates.",Yahoo,https://finnhub.io/api/news?id=0b0b9610b783bb48976b7288f0dd9b237a0052f93a69fa75349e3f488f378845,2025-08-05,"Rivian (NASDAQ:RIVN) Surprises With Q2 Sales. Electric vehicle manufacturer Rivian (NASDAQ:RIVN) reported Q2 CY2025 results exceeding the market’s revenue expectations, with sales up 12.5% year on year to $1.30 billion. Its non-GAAP loss of $0.80 per share was 26% below analysts’ consensus estimates.",0.2023
2025-08-05 20:31:58,Rivian stock under pressure on mixed Q2 earnings results,"Rivian (RIVN) stock is under pressure after the company reported mixed second quarter results in Tuesday after-hours trading. Revenue was $1.3 billion, stronger than the $1.28 billion expected, while adjusted earnings per share sat at a loss of $0.80, compared to estimates of a $0.64 loss.  The company also increased its full-year adjusted EBITDA loss range of $2 billion to $2.25 billion, up from the original range of $1.7 billion and $1.9 billion. To watch more expert insights and analysis on t",Yahoo,https://finnhub.io/api/news?id=e0ef34eb4b55aaa98b5a9a38fca604c316f914e21cb43c39708ecdbd4e96dbed,2025-08-05,"Rivian stock under pressure on mixed Q2 earnings results. Rivian (RIVN) stock is under pressure after the company reported mixed second quarter results in Tuesday after-hours trading. Revenue was $1.3 billion, stronger than the $1.28 billion expected, while adjusted earnings per share sat at a loss of $0.80, compared to estimates of a $0.64 loss.  The company also increased its full-year adjusted EBITDA loss range of $2 billion to $2.25 billion, up from the original range of $1.7 billion and $1.",-0.2732
2025-08-05 20:29:47,"Earnings live: AMD, Rivian, Lucid, Snap, and Super Micro Computer stocks fall after quarterly results","Second quarter earnings season is in full swing, and the results have been largely positive so far, with more positive surprises than negative ones.",Yahoo,https://finnhub.io/api/news?id=25dd5f9695494b1d4d5a5a4def4356b21e4cd6d54fadce894e1e4758bcc99803,2025-08-05,"Earnings live: AMD, Rivian, Lucid, Snap, and Super Micro Computer stocks fall after quarterly results. Second quarter earnings season is in full swing, and the results have been largely positive so far, with more positive surprises than negative ones.",0.8712
2025-08-05 20:08:03,Lucid cuts annual production forecast as global trade tensions sting,"Despite seeing a rise in deliveries for its luxury electric vehicles, Lucid is navigating an uncertain time for the industry as U.S. import tariffs threaten to upend supply chains and raise the costs of vehicles by thousands of dollars.  The company has been aggressively striking deals with North American companies in order to domestically source critical minerals used in EV manufacturing amid a push by the Trump administration to reshore production and strengthen American manufacturing.  Lucid'",Yahoo,https://finnhub.io/api/news?id=d1db1c5ab994d9ac1502953b8e111e663a1a111e276f5b343cbb121a13c823be,2025-08-05,"Lucid cuts annual production forecast as global trade tensions sting. Despite seeing a rise in deliveries for its luxury electric vehicles, Lucid is navigating an uncertain time for the industry as U.S. import tariffs threaten to upend supply chains and raise the costs of vehicles by thousands of dollars.  The company has been aggressively striking deals with North American companies in order to domestically source critical minerals used in EV manufacturing amid a push by the Trump administratio",-0.9062
2025-08-05 20:07:56,"Rivian loss bigger than expected on higher costs, lower credit income","(Reuters) -Rivian Automotive reported a higher-than-expected quarterly loss on Tuesday as disruption in supply of rare earth metals used to make parts of its electric vehicles raised costs  and income from credits sold to traditional automakers dwindled.  Shares of the automaker fell 4% in trading after the bell.  China's curbs on the export of heavy rare earth metals —essential components for motors — sharply increased material costs and disrupted supply chains, driving up the cost of EV produc",Yahoo,https://finnhub.io/api/news?id=7badef9e03b588c9a72a22e26ca041d84699d4348eaf6c5811e70bfb88fef746,2025-08-05,"Rivian loss bigger than expected on higher costs, lower credit income. (Reuters) -Rivian Automotive reported a higher-than-expected quarterly loss on Tuesday as disruption in supply of rare earth metals used to make parts of its electric vehicles raised costs  and income from credits sold to traditional automakers dwindled.  Shares of the automaker fell 4% in trading after the bell.  China's curbs on the export of heavy rare earth metals —essential components for motors — sharply increased mater",0.0258
2025-08-05 20:05:38,Lucid Q2 results miss on both top and bottom lines; trims production forecast to 18K-20K EVs in 2025,Pure-play EV maker Lucid (LCID) missed on second quarter results after the bell on Tuesday and trimmed its production forecast.,Yahoo,https://finnhub.io/api/news?id=b3d97e8b3dbf7f732b540f87f42d5ca833f36184ddf264ddefad0043778cb59d,2025-08-05,Lucid Q2 results miss on both top and bottom lines; trims production forecast to 18K-20K EVs in 2025. Pure-play EV maker Lucid (LCID) missed on second quarter results after the bell on Tuesday and trimmed its production forecast.,-0.25
2025-08-05 20:05:00,Rivian Releases Second Quarter 2025 Financial Results,"IRVINE, Calif., August 05, 2025--American manufacturer Rivian Automotive, Inc. (NASDAQ: RIVN) today announced its second-quarter 2025 financial results. Following its second quarter of gross profit in Q1 2025, Rivian received a $1 billion equity investment from Volkswagen Group on June 30 at an effective price of $19.42 which represents a 33% premium to the $14.56 30-trading day volume-weighted average stock price. The investment is part of the up to $5.8 billion agreement associated with the Ri",Yahoo,https://finnhub.io/api/news?id=a6baff0f8f0aac65737c4ddd8eadbdcb4e7ff7bd4450d7493b08362452b88be0,2025-08-05,"Rivian Releases Second Quarter 2025 Financial Results. IRVINE, Calif., August 05, 2025--American manufacturer Rivian Automotive, Inc. (NASDAQ: RIVN) today announced its second-quarter 2025 financial results. Following its second quarter of gross profit in Q1 2025, Rivian received a $1 billion equity investment from Volkswagen Group on June 30 at an effective price of $19.42 which represents a 33% premium to the $14.56 30-trading day volume-weighted average stock price. The investment is part of ",0.4404
2025-08-05 20:04:48,"Rivian reports mixed Q2 results, widens 2025 loss projection as tariffs and loss of EV tax credit bite","Rivian reported mixed second quarter earnings after the bell on Tuesday and did not report a gross profit, as policy changes like tariffs blunted its performance.",Yahoo,https://finnhub.io/api/news?id=1af9d67936648e67763c9cad8c7afd6c9ea77d2fbecc7b52ffe40fff74dca893,2025-08-05,"Rivian reports mixed Q2 results, widens 2025 loss projection as tariffs and loss of EV tax credit bite. Rivian reported mixed second quarter earnings after the bell on Tuesday and did not report a gross profit, as policy changes like tariffs blunted its performance.",0.7144
2025-08-05 20:00:20,"Stock market today: Dow, S&P 500, Nasdaq fall as Wall Street digests earnings, Trump tariffs",Stocks slipped on Tuesday as investors braced for the next wave of corporate earnings.,Yahoo,https://finnhub.io/api/news?id=5b96be463df0c5bb77f26db81ab01adf990cee26c73010fee473f56d80b84945,2025-08-05,"Stock market today: Dow, S&P 500, Nasdaq fall as Wall Street digests earnings, Trump tariffs. Stocks slipped on Tuesday as investors braced for the next wave of corporate earnings.",0.0
2025-08-05 19:09:43,VC Firm Eclipse Hires Investor Known for Rivian Bet,"Venture capital firm Eclipse has hired longtime T. Rowe Price investor Joe Fath as a partner and head of growth. Fath, known for his bets on companies including Tesla and Rivian, explains what he will bring to Eclipse, a firm focused on startups in physical industries, on ""Bloomberg Tech.""",Yahoo,https://finnhub.io/api/news?id=3db404be23fecd1d38c56644ae5e3ae875b5a245ef58183131a0e9f18f4d2b96,2025-08-05,"VC Firm Eclipse Hires Investor Known for Rivian Bet. Venture capital firm Eclipse has hired longtime T. Rowe Price investor Joe Fath as a partner and head of growth. Fath, known for his bets on companies including Tesla and Rivian, explains what he will bring to Eclipse, a firm focused on startups in physical industries, on ""Bloomberg Tech.""",0.6369
2025-08-05 17:05:00,2 Top Electric Vehicle (EV) Stocks to Buy in August,Two EV leaders trading at a fraction of Tesla's valuation,Yahoo,https://finnhub.io/api/news?id=76eb0d8f9fcc297adfddf82ef8f99b881b69026a75da8265f5f1a57f9fbfedf7,2025-08-05,2 Top Electric Vehicle (EV) Stocks to Buy in August. Two EV leaders trading at a fraction of Tesla's valuation,0.2023
2025-08-05 16:39:39,"Rivian Q2 Earnings: Revenue Beat, EPS Miss, Delivery Guidance Stays On Track, But With Heavier Losses",Rivian reported mixed Q2 results and shared an update on the upcoming R2 vehicle launch.,Benzinga,https://finnhub.io/api/news?id=b4d1b73f4258b2be29c523eabf71cc9570ad0c852d5a07a778c740de08392868,2025-08-05,"Rivian Q2 Earnings: Revenue Beat, EPS Miss, Delivery Guidance Stays On Track, But With Heavier Losses. Rivian reported mixed Q2 results and shared an update on the upcoming R2 vehicle launch.",-0.1901
2025-08-05 16:22:42,"Lucid Q2 earnings preview: Gravity SUV ramp, path to profitability big questions for investors",Pure-play EV maker Lucid will report second quarter results after the bell as the company ramps up production of its Gravity SUV. Lucid stock is down over 20% year to date.,Yahoo,https://finnhub.io/api/news?id=9ab1112f05e8d3d81d3f849ea3bf84b7cf998dc9615d8258489adc640f577f31,2025-08-05,"Lucid Q2 earnings preview: Gravity SUV ramp, path to profitability big questions for investors. Pure-play EV maker Lucid will report second quarter results after the bell as the company ramps up production of its Gravity SUV. Lucid stock is down over 20% year to date.",0.2732
2025-08-05 12:31:12,"Rivian Q2 earnings preview: EV tax credit impact, R2 SUV update on the agenda",Rivian will report second quarter earnings after the bell on Tuesday. The pure-play EV maker is building the case toward eventual profitability while navigating the minefields of President Trump’s tariff agenda and removal of EV tax credits.,Yahoo,https://finnhub.io/api/news?id=3b9117f76a42b8c2deb04a654935f36c314ec9ff716a951a26e7ccc9b7d6d5e5,2025-08-05,"Rivian Q2 earnings preview: EV tax credit impact, R2 SUV update on the agenda. Rivian will report second quarter earnings after the bell on Tuesday. The pure-play EV maker is building the case toward eventual profitability while navigating the minefields of President Trump’s tariff agenda and removal of EV tax credits.",0.7351
2025-08-05 11:32:44,Rivian Vs. Lucid: EVs Forge Partnerships To Tackle Tesla,"Lucid teamed up with Uber, and Rivian supplied Amazon with its delivery fleet — both companies hope to topple Tesla off its pedestal.",Benzinga,https://finnhub.io/api/news?id=5f8f08fbb3eb48ab7e600708a469c3f29bcb531a2066c1a3e276152e11c94cfa,2025-08-05,"Rivian Vs. Lucid: EVs Forge Partnerships To Tackle Tesla. Lucid teamed up with Uber, and Rivian supplied Amazon with its delivery fleet — both companies hope to topple Tesla off its pedestal.",0.5574
2025-08-05 10:16:20,EV Company News For The Month Of July 2025,"Discover the latest EV market trends: Global sales surge 22% YoY in June 2025, China leads with 53% share, while Volkswagen EV sales soar 47%.",SeekingAlpha,https://finnhub.io/api/news?id=89d69c0249e4a3fb372466b0db02f53ad58e9036899962a8f763e539c64ec85c,2025-08-05,"EV Company News For The Month Of July 2025. Discover the latest EV market trends: Global sales surge 22% YoY in June 2025, China leads with 53% share, while Volkswagen EV sales soar 47%.",0.296
2025-08-05 04:32:00,"Earnings Scheduled For August 5, 2025 - Acadia Healthcare Co (NASDAQ:ACHC), Accel Entertainment (NYSE:ACEL)", ,Benzinga,https://finnhub.io/api/news?id=236a14eb9632244d5c639664f018623880e5b642224e56f8c091418fb51c9d83,2025-08-05,"Earnings Scheduled For August 5, 2025 - Acadia Healthcare Co (NASDAQ:ACHC), Accel Entertainment (NYSE:ACEL).  ",0.4215
2025-08-04 23:04:20,"Stock market today: Dow, S&P 500, Nasdaq mixed as Wall Street eyes earnings, trade tensions",Stocks slipped on Tuesday as investors braced for the next wave of corporate earnings.,Yahoo,https://finnhub.io/api/news?id=2f566df1edf196a39af19a5cf3c64970717477c18e80552703b5d62ae7a6d4be,2025-08-04,"Stock market today: Dow, S&P 500, Nasdaq mixed as Wall Street eyes earnings, trade tensions. Stocks slipped on Tuesday as investors braced for the next wave of corporate earnings.",-0.4019
2025-08-04 23:04:20,"Stock market today: Dow, S&P 500, Nasdaq waver as Wall Street eyes earnings, trade tensions",Wall Street regained its balance after a tumultuous week and braced for the next wave of corporate earnings.,Yahoo,https://finnhub.io/api/news?id=cfeea9f28e38d5ed3e5e2be27bca64ac8c52e350d1543e359dcf318f673a84a6,2025-08-04,"Stock market today: Dow, S&P 500, Nasdaq waver as Wall Street eyes earnings, trade tensions. Wall Street regained its balance after a tumultuous week and braced for the next wave of corporate earnings.",-0.4019
2025-08-04 23:04:20,"Stock market today: Dow, S&P 500, Nasdaq futures make slight gains as Wall Street eyes earnings with trade tensions ahead",US stock futures held steady as Wall Street regained its balance after a tumultuous week and braced for the next wave of corporate earnings.,Yahoo,https://finnhub.io/api/news?id=9c86d19fa092cab367a02247f7f4f3eab620e66bd4d635fb12f1cbc2d9c08599,2025-08-04,"Stock market today: Dow, S&P 500, Nasdaq futures make slight gains as Wall Street eyes earnings with trade tensions ahead. US stock futures held steady as Wall Street regained its balance after a tumultuous week and braced for the next wave of corporate earnings.",-0.1513
2025-08-04 23:00:00,"AMD & Pfizer earnings, ISM services data: What to Watch","Market Domination Overtime host Josh Lipton takes a look at the top stories for investors to watch on Tuesday, Aug. 5. In the morning, Caterpillar (CAT) and Pfizer (PFE) will announce earnings results. Advanced Micro Devices (AMD), Amgen (AMGN), Snap (SNAP), and Rivian (RIVN) will announce results in the afternoon. In the morning, Institute for Supply Management (ISM) services data for July will be released. To watch more expert insights and analysis on the latest market action, check out more M",Yahoo,https://finnhub.io/api/news?id=5a59ed8c6f508eb060cb2792abddcbf0e98a05faba69aeee0b9a8a5de103d33f,2025-08-04,"AMD & Pfizer earnings, ISM services data: What to Watch. Market Domination Overtime host Josh Lipton takes a look at the top stories for investors to watch on Tuesday, Aug. 5. In the morning, Caterpillar (CAT) and Pfizer (PFE) will announce earnings results. Advanced Micro Devices (AMD), Amgen (AMGN), Snap (SNAP), and Rivian (RIVN) will announce results in the afternoon. In the morning, Institute for Supply Management (ISM) services data for July will be released. To watch more expert insights a",0.3818
2025-08-04 17:25:37,Rivian sues to sell its EVs directly in Ohio,"Today, Rivian can sell EVs directly to consumers in 25 states and Washington D.C.",Yahoo,https://finnhub.io/api/news?id=b2a4594ce6202f14c1a6f327248aa1148bd537217da7dad1d65376b83a291ce5,2025-08-04,"Rivian sues to sell its EVs directly in Ohio. Today, Rivian can sell EVs directly to consumers in 25 states and Washington D.C.",0.0
2025-08-04 16:36:46,Why Rivian (RIVN) Stock Is Trading Up Today,"Shares of electric vehicle manufacturer Rivian (NASDAQ:RIVN) jumped 3.3% in the morning session after reports showed the electric vehicle maker's U.S. sales hit a 10-month high in July. The company recorded over 4,200 vehicles sold, which marked a 20% jump from June.",Yahoo,https://finnhub.io/api/news?id=ba6b788fa35a591323c7be8bb98a34c2eaa6c1f7ffdde4873f5aeded623d5eb7,2025-08-04,"Why Rivian (RIVN) Stock Is Trading Up Today. Shares of electric vehicle manufacturer Rivian (NASDAQ:RIVN) jumped 3.3% in the morning session after reports showed the electric vehicle maker's U.S. sales hit a 10-month high in July. The company recorded over 4,200 vehicles sold, which marked a 20% jump from June.",0.296
2025-08-04 16:05:00,TechCrunch Mobility: Tesla’s ride-hailing gambit,Welcome back to TechCrunch Mobility — your central hub for news and insights on the future of transportation.,Yahoo,https://finnhub.io/api/news?id=ce8ed9627cae89485d7164859899c9e2efb35917aea64d3defe243b45b22f3ac,2025-08-04,TechCrunch Mobility: Tesla’s ride-hailing gambit. Welcome back to TechCrunch Mobility — your central hub for news and insights on the future of transportation.,0.4588
2025-08-04 15:41:00,4 Auto Stocks Likely to Outperform Q2 Earnings Estimates,"CMI, RIVN, LCID, and AXL are poised to beat Q2 estimates despite industry headwinds and weaker sector earnings.",Yahoo,https://finnhub.io/api/news?id=710bd3ae920d13c87724624f3690ab2922da12b368a3c839c9143b4377f6b8ad,2025-08-04,"4 Auto Stocks Likely to Outperform Q2 Earnings Estimates. CMI, RIVN, LCID, and AXL are poised to beat Q2 estimates despite industry headwinds and weaker sector earnings.",-0.2263
2025-08-04 12:46:04,Rivian Q2 Preview: Is the R2 Rollout Too Late?,Street expects --$0.65 EPS on $1.3 B revenue as the production pause and Volkswagen pact reset expectations.,Yahoo,https://finnhub.io/api/news?id=6828ba215c743b91ee094b01a43524eb8826ca627d0651819c0abc8f6ae706bf,2025-08-04,Rivian Q2 Preview: Is the R2 Rollout Too Late?. Street expects --$0.65 EPS on $1.3 B revenue as the production pause and Volkswagen pact reset expectations.,0.0
2025-08-04 10:15:47,"Exclusive-Tesla's brand loyalty collapsed after Musk backed Trump, data shows","LOS ANGELES, August 4 (Reuters) -Tesla for years had more repeat U.S. customers than any other major automotive brand but its loyalty has plunged since CEO Elon Musk endorsed President Donald Trump last summer, according to data from research firm S&P Global Mobility shared exclusively with Reuters.  The data, which has not been previously reported, shows Tesla’s customer loyalty peaked in June 2024, when 73% of Tesla-owning households in the market for a new car bought another Tesla, according ",Yahoo,https://finnhub.io/api/news?id=332c5a10192f3cb70de1f50655fdff8afb51a06fcf7674f044362b4aa75acbe8,2025-08-04,"Exclusive-Tesla's brand loyalty collapsed after Musk backed Trump, data shows. LOS ANGELES, August 4 (Reuters) -Tesla for years had more repeat U.S. customers than any other major automotive brand but its loyalty has plunged since CEO Elon Musk endorsed President Donald Trump last summer, according to data from research firm S&P Global Mobility shared exclusively with Reuters.  The data, which has not been previously reported, shows Tesla’s customer loyalty peaked in June 2024, when 73% of Tesla",0.9505
2025-08-04 10:00:00,"Slate, Rivian, Lucid face pricing pressure as tax credit repeal disrupts EV market","Slate promised an electric truck for less than $20,000 but raised the price point after the EV credit repeal. Rivian and Lucid now face similar sticker pressure.",Yahoo,https://finnhub.io/api/news?id=c8ffab7623991677ab88e523a0694aa16e5d4ebfd3cbc55b2ac37367396309d0,2025-08-04,"Slate, Rivian, Lucid face pricing pressure as tax credit repeal disrupts EV market. Slate promised an electric truck for less than $20,000 but raised the price point after the EV credit repeal. Rivian and Lucid now face similar sticker pressure.",0.3716
2025-08-04 03:14:01,What To Expect From Rivian’s (RIVN) Q2 Earnings,Electric vehicle manufacturer Rivian (NASDAQ:RIVN) will be reporting earnings this Tuesday afternoon. Here’s what investors should know.,Yahoo,https://finnhub.io/api/news?id=cbe63c98490a7e9cea39528a7be160dbecb3cd5526235c8aa71ad864dd0af152,2025-08-04,What To Expect From Rivian’s (RIVN) Q2 Earnings. Electric vehicle manufacturer Rivian (NASDAQ:RIVN) will be reporting earnings this Tuesday afternoon. Here’s what investors should know.,0.0
2025-08-03 18:00:00,"Palantir, Advanced Micro, Walt Disney, Pfizer, ZoomInfo, and More Stocks to Watch This Week","We’ll see another busy week for earnings , with reports also coming from BioNTech, GlobalFoundries, Rivia, Occidental, and many more.",Yahoo,https://finnhub.io/api/news?id=2939a553e91318816706b250e7e46cfc88ef6dad2418596ea73da23493d7d60b,2025-08-03,"Palantir, Advanced Micro, Walt Disney, Pfizer, ZoomInfo, and More Stocks to Watch This Week. We’ll see another busy week for earnings , with reports also coming from BioNTech, GlobalFoundries, Rivia, Occidental, and many more.",0.25
2025-08-03 11:36:08,Job market concerns take center stage as earnings season rolls on: What to watch this week,Concerns over US economic growth have taken center stage despite a solid corporate earnings season from S&P 500 companies.,Yahoo,https://finnhub.io/api/news?id=0bfdf8612462e8d57b88eb80a79f6a12bf075baec06386daffa11cc7ad2fba63,2025-08-03,Job market concerns take center stage as earnings season rolls on: What to watch this week. Concerns over US economic growth have taken center stage despite a solid corporate earnings season from S&P 500 companies.,0.286
2025-08-02 17:19:28,Rivian Automotive (RIVN) Expands With New East Coast HQ in Atlanta,"Rivian Automotive (RIVN) has been actively expanding its operations, with recent developments including the establishment of a new East Coast headquarters in Atlanta and a new service center in Quebec. These efforts reflect the company's focus on enhancing its presence and infrastructure. However, RIVN's stock price saw a 3.8% decline over the past month. This decline aligns with broader market trends, as stocks experienced downturns due to weak job reports and heightened tariff concerns,...",Yahoo,https://finnhub.io/api/news?id=25bb398b1a060f2829b6a9207ea21b06430b0aabc356ed76e78c690395e224d6,2025-08-02,"Rivian Automotive (RIVN) Expands With New East Coast HQ in Atlanta. Rivian Automotive (RIVN) has been actively expanding its operations, with recent developments including the establishment of a new East Coast headquarters in Atlanta and a new service center in Quebec. These efforts reflect the company's focus on enhancing its presence and infrastructure. However, RIVN's stock price saw a 3.8% decline over the past month. This decline aligns with broader market trends, as stocks experienced down",0.4019
2025-08-01 22:15:03,"Earnings, Fed commentary, consumer credit: What to Watch","Market Domination Overtime host Josh Lipton takes a look at the top stories for investors to watch this weekend, starting Saturday, Aug. 2, and next week, starting Monday, Aug. 4. This Saturday, Berkshire Hathaway (BRK-B, BRK-A) is releasing quarterly results. Next week, a host of quarterly earnings will be posted: Monday: Palantir (PLTR) and Hims & Hers (HIMS) Tuesday: Pfizer (PFE), Advanced Micro Devices (AMD), and Rivian (RIVN) Wednesday: Novo Nordisk (NVO), Disney (DIS), McDonald's (MCD), Ub",Yahoo,https://finnhub.io/api/news?id=04dd52ad3909f8fce86a767476ce0b4ef78f2de3765240d229258feabc612248,2025-08-01,"Earnings, Fed commentary, consumer credit: What to Watch. Market Domination Overtime host Josh Lipton takes a look at the top stories for investors to watch this weekend, starting Saturday, Aug. 2, and next week, starting Monday, Aug. 4. This Saturday, Berkshire Hathaway (BRK-B, BRK-A) is releasing quarterly results. Next week, a host of quarterly earnings will be posted: Monday: Palantir (PLTR) and Hims & Hers (HIMS) Tuesday: Pfizer (PFE), Advanced Micro Devices (AMD), and Rivian (RIVN) Wednesd",0.6369
2025-08-01 21:45:03,Rivian Automotive (RIVN) Declines More Than Market: Some Information for Investors,"The latest trading day saw Rivian Automotive (RIVN) settling at $12.38, representing a -3.81% change from its previous close.",Yahoo,https://finnhub.io/api/news?id=b4a5c35446f887a8caecfc1f3de63078b2f8e3dc66a1b2c1f52713ccabaad00b,2025-08-01,"Rivian Automotive (RIVN) Declines More Than Market: Some Information for Investors. The latest trading day saw Rivian Automotive (RIVN) settling at $12.38, representing a -3.81% change from its previous close.",0.0
2025-08-01 21:45:00,E-Cite Motors (VAPR) Outpaces EV Industry in Stock Performance This Week and YTD,"E-Cite Motors (VAPR) Outperforms Tesla (TSLA), Rivian (RIVN), and Lucid Motors (LCID) in Weekly and Year-to-Date Stock Gains Amid Breakthrough Technologies and Strategic U.S. Expansion BOTHELL, WA / ACCESS Newswire / August 1, 2025 / E-Cite Motors ...",Yahoo,https://finnhub.io/api/news?id=72d234ad9b07eddeb23b791ea0fcb7a322a7a030ed7d6e6575ebed017c72cb9a,2025-08-01,"E-Cite Motors (VAPR) Outpaces EV Industry in Stock Performance This Week and YTD. E-Cite Motors (VAPR) Outperforms Tesla (TSLA), Rivian (RIVN), and Lucid Motors (LCID) in Weekly and Year-to-Date Stock Gains Amid Breakthrough Technologies and Strategic U.S. Expansion BOTHELL, WA / ACCESS Newswire / August 1, 2025 / E-Cite Motors ...",0.34
2025-08-01 16:39:00,Rivian Gears Up to Report Q2 Earnings: Here's What to Expect,"RIVN eyes revenue growth and a narrower loss in Q2, driven by rising software and services despite delivery declines.",Yahoo,https://finnhub.io/api/news?id=f334e03ea85ae5bdca71be1946a7d489f4163ff87d1a9808f6044575c839561d,2025-08-01,"Rivian Gears Up to Report Q2 Earnings: Here's What to Expect. RIVN eyes revenue growth and a narrower loss in Q2, driven by rising software and services despite delivery declines.",0.0772
2025-08-01 15:38:41,"Stocks to watch next week: BP, Diageo, Disney, Uber and WPP",Earnings preview of key companies reporting next week and what to look out for.,Yahoo,https://finnhub.io/api/news?id=8f6d19339cc79d3a0f38348d569e04f911548737030e6518d7b7f19b9bc82e26,2025-08-01,"Stocks to watch next week: BP, Diageo, Disney, Uber and WPP. Earnings preview of key companies reporting next week and what to look out for.",0.0
2025-08-01 08:10:00,Should You Buy Rivian While It's Below $15?,"Rivian's stock is mired at a low level, but this EV maker could be on the cusp of an important inflection point.",Yahoo,https://finnhub.io/api/news?id=eeba6be1f319bfb9b9cbd1032ac2c7f026d4dc41da1a75fcaf3cd1c03ba834e6,2025-08-01,"Should You Buy Rivian While It's Below $15?. Rivian's stock is mired at a low level, but this EV maker could be on the cusp of an important inflection point.",0.1655
2025-07-31 21:50:03,Rivian Automotive (RIVN) Sees a More Significant Dip Than Broader Market: Some Facts to Know,"Rivian Automotive (RIVN) closed at $12.87 in the latest trading session, marking a -1.23% move from the prior day.",Yahoo,https://finnhub.io/api/news?id=40acc845f898452b247fcb9ab297c7f56a5a6d1393df4899687cc2154dd3f7a5,2025-07-31,"Rivian Automotive (RIVN) Sees a More Significant Dip Than Broader Market: Some Facts to Know. Rivian Automotive (RIVN) closed at $12.87 in the latest trading session, marking a -1.23% move from the prior day.",0.2716
2025-07-31 17:48:21,"Short Sellers Are Betting Against This EV Stock, and Shares Are Tearing Higher",FFAI’s slim liquidity and delivery woes spell caution.,Yahoo,https://finnhub.io/api/news?id=dfdccf0f8e06ef05ec6c9670e18f862d59973807ff2363fe3c8f75fb9ee8b02a,2025-07-31,"Short Sellers Are Betting Against This EV Stock, and Shares Are Tearing Higher. FFAI’s slim liquidity and delivery woes spell caution.",-0.1779
2025-07-31 16:49:15,Rivian Launches New East Coast Headquarters in Atlanta,"Rivian Automotive, Inc. (NASDAQ:RIVN) is among the 12 Best EV Charging Stocks to Buy According to Hedge Funds. Rivian Automotive, Inc. (NASDAQ:RIVN) has announced that it plans to set up its East Coast headquarters in Atlanta, Georgia, as part of its ongoing $5 billion investment in the state. It is anticipated that the office, which […]",Yahoo,https://finnhub.io/api/news?id=894212a7c6f86e203e0b05e137ee58ae4563c3a41819c1492922a8af8ce2e9ff,2025-07-31,"Rivian Launches New East Coast Headquarters in Atlanta. Rivian Automotive, Inc. (NASDAQ:RIVN) is among the 12 Best EV Charging Stocks to Buy According to Hedge Funds. Rivian Automotive, Inc. (NASDAQ:RIVN) has announced that it plans to set up its East Coast headquarters in Atlanta, Georgia, as part of its ongoing $5 billion investment in the state. It is anticipated that the office, which […]",0.6369
2025-07-31 16:31:15,Trump's EPA is targeting key vehicle pollution rules. What that means for carmakers,"The Environmental Protection Agency’s plan this week to relax rules aimed at cleaning up auto tailpipe emissions is the latest Trump administration move to undo incentives for automakers to go electric.  As part of a larger effort to undo climate-based governmental regulations, the EPA on Tuesday said it wants to revoke the 2009 finding that carbon dioxide and other greenhouse gases endanger public health and welfare.  President Donald Trump’s massive tax and spending law already targets EV ince",Yahoo,https://finnhub.io/api/news?id=fba33b1aa005a368acd240bf1a2c65ac3d494e896be84430d051316c843166f1,2025-07-31,"Trump's EPA is targeting key vehicle pollution rules. What that means for carmakers. The Environmental Protection Agency’s plan this week to relax rules aimed at cleaning up auto tailpipe emissions is the latest Trump administration move to undo incentives for automakers to go electric.  As part of a larger effort to undo climate-based governmental regulations, the EPA on Tuesday said it wants to revoke the 2009 finding that carbon dioxide and other greenhouse gases endanger public health and we",0.6369
2025-07-31 14:25:00,Figma Is Largest VC-Backed American Tech Company IPO in Years,"At more than $19 billion, the design-software company’s initial market cap priced well above its private valuation, a welcome scenario for venture investors",Yahoo,https://finnhub.io/api/news?id=d36465875575a129354eb4da98fc942e896ba9b1a233879ce61dedeb010d23f8,2025-07-31,"Figma Is Largest VC-Backed American Tech Company IPO in Years. At more than $19 billion, the design-software company’s initial market cap priced well above its private valuation, a welcome scenario for venture investors",0.6249
2025-07-31 14:14:24,Ford to reveal more about its new low-cost electric vehicles on August 11,"Jim Farley, Ford's CEO, has touted this as a ""Model T moment"" -- but the first of these new EVs won't come out until 2027.",Yahoo,https://finnhub.io/api/news?id=b31117346c897d673ba0514fd134d72c48c30c6690de4729ca4e617362202a62,2025-07-31,"Ford to reveal more about its new low-cost electric vehicles on August 11. Jim Farley, Ford's CEO, has touted this as a ""Model T moment"" -- but the first of these new EVs won't come out until 2027.",-0.0258
2025-07-30 14:55:13,Dirty Is The New Defensive: Fossil Fuel Stocks Get A Regulatory Lifeline,"Trump&#39;s EPA wants to cancel 2009 endangerment finding, potentially benefiting oil/gas, fossil fuels, and hurting renewable energy/ESG investments.",Benzinga,https://finnhub.io/api/news?id=d9401c6324ba721becb190b055a0a8e5ee3506b6129d417a093a921ce6b892a1,2025-07-30,"Dirty Is The New Defensive: Fossil Fuel Stocks Get A Regulatory Lifeline. Trump&#39;s EPA wants to cancel 2009 endangerment finding, potentially benefiting oil/gas, fossil fuels, and hurting renewable energy/ESG investments.",-0.7579
2025-07-29 19:40:46,"RXO, Universal Logistics, Werner, Rivian, and Custom Truck One Source Shares Plummet, What You Need To Know","A number of stocks fell in the afternoon session after bellwether United Parcel Service (UPS) reported weak earnings and withheld its full-year guidance, citing “macro-economic uncertainty” and low consumer sentiment.",Yahoo,https://finnhub.io/api/news?id=1849b2d9f8bdde481c85b4de403cc90767326dacc35b1fb55e5ce7232661169a,2025-07-29,"RXO, Universal Logistics, Werner, Rivian, and Custom Truck One Source Shares Plummet, What You Need To Know. A number of stocks fell in the afternoon session after bellwether United Parcel Service (UPS) reported weak earnings and withheld its full-year guidance, citing “macro-economic uncertainty” and low consumer sentiment.",0.0772
2025-07-29 14:42:58,"Faraday Future's Stock Story Isn't Over, Yet","Faraday Future faces financial hurdles, minimal revenue, and uncertain profitability.",SeekingAlpha,https://finnhub.io/api/news?id=6ecc914c1df276ce5d375299d4ef9eef56b47ecbf2dd725764031dc606386bcc,2025-07-29,"Faraday Future's Stock Story Isn't Over, Yet. Faraday Future faces financial hurdles, minimal revenue, and uncertain profitability.",-0.0258
2025-07-29 14:00:10,Rivian Automotive (RIVN) Expected to Beat Earnings Estimates: Can the Stock Move Higher?,Rivian Automotive (RIVN) possesses the right combination of the two key ingredients for a likely earnings beat in its upcoming report. Get prepared with the key expectations.,Yahoo,https://finnhub.io/api/news?id=b8968f2acfc39ae43a83f62e351ba55efee553d647b5c2eeac4755731e4deb7e,2025-07-29,Rivian Automotive (RIVN) Expected to Beat Earnings Estimates: Can the Stock Move Higher?. Rivian Automotive (RIVN) possesses the right combination of the two key ingredients for a likely earnings beat in its upcoming report. Get prepared with the key expectations.,0.2263
2025-07-28 11:21:48,US tariffs dent VW Group operating profit in H1 2025,US tariffs cost the company $1.3bn in the first half of the year.,Yahoo,https://finnhub.io/api/news?id=67e136fad65af4daae897c098110ac61c86a7abf5c9675a9ba4107cc80da311a,2025-07-28,US tariffs dent VW Group operating profit in H1 2025. US tariffs cost the company $1.3bn in the first half of the year.,0.4404
2025-07-28 01:54:00,Rivian vs. Lucid: 1 Reason Jim Cramer Likes One Stock Over the Other,Lucid's deal with Uber is promising. But a Rivian partnership looks superior.,Yahoo,https://finnhub.io/api/news?id=0614e6704ca8ba6ba57eb604d3179f6ad9c2f8fc957627fabd7c053589ffefa7,2025-07-28,Rivian vs. Lucid: 1 Reason Jim Cramer Likes One Stock Over the Other. Lucid's deal with Uber is promising. But a Rivian partnership looks superior.,0.8243
2025-07-27 22:04:00,Rivian vs. Lucid: Which EV Stock Is Winning in 2025?,Which of these out-of-juice EV stocks is the better buy?,Yahoo,https://finnhub.io/api/news?id=2106add7410bc0e5ba1cbf43848f6021c6d3cb816bd003143d36b7dad63a01cc,2025-07-27,Rivian vs. Lucid: Which EV Stock Is Winning in 2025?. Which of these out-of-juice EV stocks is the better buy?,0.7691
2025-07-27 11:15:00,Why Is Wall Street So Bearish on Rivian? There's 1 Key Reason.,Rivian and the rest of the EV industry are dealing with several challenging regulatory shifts.,Yahoo,https://finnhub.io/api/news?id=fca858bf3cb7e57dbc9cdfe3374a7135e6d1737e812e22fd143e4a13f6163ab3,2025-07-27,Why Is Wall Street So Bearish on Rivian? There's 1 Key Reason.. Rivian and the rest of the EV industry are dealing with several challenging regulatory shifts.,0.1531
2025-07-26 17:06:00,Is Rivian Stock a Buy Now?,"The electric vehicle maker's stock has been a losing investment for years, but it may be close to turning a corner.",Yahoo,https://finnhub.io/api/news?id=905554de084e4a0cec1f6b2bbf31bc7462ea4ec9d731c4f865c65f2dc4dd9316,2025-07-26,"Is Rivian Stock a Buy Now?. The electric vehicle maker's stock has been a losing investment for years, but it may be close to turning a corner.",-0.2023
2025-07-25 21:45:05,Rivian Automotive (RIVN) Beats Stock Market Upswing: What Investors Need to Know,"Rivian Automotive (RIVN) reached $14.01 at the closing of the latest trading day, reflecting a +1.37% change compared to its last close.",Yahoo,https://finnhub.io/api/news?id=2489326161725ed14b702cf0f29d27e536c97d56079dc401c76f717cb836bf00,2025-07-25,"Rivian Automotive (RIVN) Beats Stock Market Upswing: What Investors Need to Know. Rivian Automotive (RIVN) reached $14.01 at the closing of the latest trading day, reflecting a +1.37% change compared to its last close.",0.1027
2025-07-25 16:54:10,"Undercovered Dozen: Power Solutions, Porsche, B2Gold And More",Discover 12 overlooked stocks with bullish and bearish insights.,SeekingAlpha,https://finnhub.io/api/news?id=50c0602aff39ad75dacccf5ffa8944e833531f1074d7777687574c142f3b5f9f,2025-07-25,"Undercovered Dozen: Power Solutions, Porsche, B2Gold And More. Discover 12 overlooked stocks with bullish and bearish insights.",0.0865
2025-07-25 14:42:19,Tesla: Why I Am Willing To Continue To Pay The 'Tesla Premium',"Tesla, Inc.'s Q2 results disappoint with a sales drop, but Model Y sales in China and EV leadership signal potential to rebound. Click for my TSLA earnings update.",SeekingAlpha,https://finnhub.io/api/news?id=d6f9d5d1491a2f627bbdacbe17bad4afc1d5f8750ac946fdedb1670b21d281b3,2025-07-25,"Tesla: Why I Am Willing To Continue To Pay The 'Tesla Premium'. Tesla, Inc.'s Q2 results disappoint with a sales drop, but Model Y sales in China and EV leadership signal potential to rebound. Click for my TSLA earnings update.",-0.3818
2025-07-25 13:03:29,How High (or Low) Elon Musk’s Tesla Stock Could Go by Year’s End,Just what are experts predicting Tesla's stock performance will look like by the end of the year?,Yahoo,https://finnhub.io/api/news?id=ee9bf208f992f896c8f183b77b34cde8aee7ff1aace311ec6e10187d6ac341c2,2025-07-25,How High (or Low) Elon Musk’s Tesla Stock Could Go by Year’s End. Just what are experts predicting Tesla's stock performance will look like by the end of the year?,0.1027
2025-07-25 07:37:07,"Trump Tariffs Are Causing Decline In EV Battery Demand, Says Tesla, General Motors Supplier LG","LG Energy Solutions warns that Trump&#39;s tariffs and end to EV subsidies will slow down battery demand, shifts focus to Energy Storage.",Benzinga,https://finnhub.io/api/news?id=fcbc9d564ff444b6c7da8824a5d3d83b9a8a832bbb13c5a9d83113a045e8f5ef,2025-07-25,"Trump Tariffs Are Causing Decline In EV Battery Demand, Says Tesla, General Motors Supplier LG. LG Energy Solutions warns that Trump&#39;s tariffs and end to EV subsidies will slow down battery demand, shifts focus to Energy Storage.",0.3612
2025-07-24 21:50:03,Rivian Automotive (RIVN) Stock Falls Amid Market Uptick: What Investors Need to Know,"Rivian Automotive (RIVN) closed the most recent trading day at $13.82, moving 1.43% from the previous trading session.",Yahoo,https://finnhub.io/api/news?id=00276d9662bd880dc63868a5027ab078b327c6a69009bd253e98d3f930f62e02,2025-07-24,"Rivian Automotive (RIVN) Stock Falls Amid Market Uptick: What Investors Need to Know. Rivian Automotive (RIVN) closed the most recent trading day at $13.82, moving 1.43% from the previous trading session.",0.0
2025-07-24 13:00:06,"Here is What to Know Beyond Why Rivian Automotive, Inc. (RIVN) is a Trending Stock","Zacks.com users have recently been watching Rivian Automotive (RIVN) quite a bit. Thus, it is worth knowing the facts that could determine the stock's prospects.",Yahoo,https://finnhub.io/api/news?id=d4d9eb8ed6f5d580dcb73023973eb8b2da0ef88ad8e807c5ca196a51e9b41651,2025-07-24,"Here is What to Know Beyond Why Rivian Automotive, Inc. (RIVN) is a Trending Stock. Zacks.com users have recently been watching Rivian Automotive (RIVN) quite a bit. Thus, it is worth knowing the facts that could determine the stock's prospects.",0.4767
2025-07-24 08:30:00,Why Is Wall Street So Bearish on Tesla? There's 1 Key Reason.,"Tesla's market cap is once again above $1 trillion, with shares closing in on new all-time highs.",Yahoo,https://finnhub.io/api/news?id=49bf81b7adc4ae18e231880ced9459fdf46f0f5c7e7b82991992da3275ad36cf,2025-07-24,"Why Is Wall Street So Bearish on Tesla? There's 1 Key Reason.. Tesla's market cap is once again above $1 trillion, with shares closing in on new all-time highs.",0.296
2025-07-24 08:01:00,"EV Charging Station Industry Report 2025-2032 | Fixed Chargers Lead the Way in EV Charging Infrastructure, Offering Seamless and Secure Solutions in Public Spaces.","The global EV charging station market is projected to surge from USD 28.47 billion in 2025 to USD 76.31 billion by 2032, at a CAGR of 15.1%. OEM-led investments by Tesla, Rivian, and Hyundai drive infrastructure growth, supported by public funding for fast-charge networks. The rise of high-speed DC chargers enhances compatibility, while urbanization and smart cities foster integration in public spaces. Fleet electrification and battery swapping in Asia also boost the market. Fixed chargers domin",Yahoo,https://finnhub.io/api/news?id=963c7a92b3152fac6b467163c25a3dbb6faf042e6b3d49c40c387c732522e771,2025-07-24,"EV Charging Station Industry Report 2025-2032 | Fixed Chargers Lead the Way in EV Charging Infrastructure, Offering Seamless and Secure Solutions in Public Spaces.. The global EV charging station market is projected to surge from USD 28.47 billion in 2025 to USD 76.31 billion by 2032, at a CAGR of 15.1%. OEM-led investments by Tesla, Rivian, and Hyundai drive infrastructure growth, supported by public funding for fast-charge networks. The rise of high-speed DC chargers enhances compatibility, wh",0.7906
2025-07-24 04:03:02,3 Reasons RIVN is Risky and 1 Stock to Buy Instead,"Rivian has followed the market’s trajectory closely, rising in tandem with the S&P 500 over the past six months. The stock has climbed by 8.1% to $13.80 per share while the index has gained 4.3%.",Yahoo,https://finnhub.io/api/news?id=74338f7eebf3e5b601de5196fa7713460efa47af7f55b5d3bfffed140fe4520c,2025-07-24,"3 Reasons RIVN is Risky and 1 Stock to Buy Instead. Rivian has followed the market’s trajectory closely, rising in tandem with the S&P 500 over the past six months. The stock has climbed by 8.1% to $13.80 per share while the index has gained 4.3%.",0.4588
2025-07-23 16:49:44,Rivian Automotive Stock Sees Relative Strength Rating Jump To 73,A Relative Strength Rating upgrade for Rivian Automotive shows improving technical performance. Will it continue?,Yahoo,https://finnhub.io/api/news?id=03b07b4f6549cf3ceb4a6b4338df4231bfe5e796197165c1f691c01c4165516f,2025-07-23,Rivian Automotive Stock Sees Relative Strength Rating Jump To 73. A Relative Strength Rating upgrade for Rivian Automotive shows improving technical performance. Will it continue?,0.8481
2025-07-23 11:12:55,Rivian to expand autonomous driving efforts in London,"This move is aimed at harnessing the city's AI engineering talent to support the company's team in Palo Alto, California, US.",Yahoo,https://finnhub.io/api/news?id=757578d421241f44ea76a750710cad806b254fbec01b9c5e1c19e6706a18aeb3,2025-07-23,"Rivian to expand autonomous driving efforts in London. This move is aimed at harnessing the city's AI engineering talent to support the company's team in Palo Alto, California, US.",0.7783
2025-07-22 18:49:00,"Rivian, Wayfair, and 7 More Stocks That Could Join the Meme Trade","Kohl’s came into July with 53 million shares shorted, or about 47% of shares outstanding, according to FactSet.  It doesn’t require being Albert Einstein to suggest that Kohl’s stock is seeing a short-squeeze.  Retail traders often try to push heavily-shorted stocks higher, forcing short sellers to buy back shares, creating large gains.",Yahoo,https://finnhub.io/api/news?id=0bd216e7c35b19a09e3e652ba15a45977a4dc82ff9bb4fa43d861fc41e7acf3b,2025-07-22,"Rivian, Wayfair, and 7 More Stocks That Could Join the Meme Trade. Kohl’s came into July with 53 million shares shorted, or about 47% of shares outstanding, according to FactSet.  It doesn’t require being Albert Einstein to suggest that Kohl’s stock is seeing a short-squeeze.  Retail traders often try to push heavily-shorted stocks higher, forcing short sellers to buy back shares, creating large gains.",0.9371
2025-07-22 17:57:00,"Kohl’s Looks Like a Meme Stock Now. Rivian, Birkenstock, and Others Could Follow.","Kohl’s  stock has gone bonkers, and meme stocks look to be back in fashion.  Shares of Kohl’s almost doubled at the market’s open Tuesday morning, though its gain moderated to “only” 35% by midday.  Kohl’s came into July with 53 million shares shorted, or about 47% of shares outstanding, according to FactSet.",Yahoo,https://finnhub.io/api/news?id=ce51055f320e8482c9a5e58b1aec90d9d6f0144e7cc1e43107ba5d5f45c34a5f,2025-07-22,"Kohl’s Looks Like a Meme Stock Now. Rivian, Birkenstock, and Others Could Follow.. Kohl’s  stock has gone bonkers, and meme stocks look to be back in fashion.  Shares of Kohl’s almost doubled at the market’s open Tuesday morning, though its gain moderated to “only” 35% by midday.  Kohl’s came into July with 53 million shares shorted, or about 47% of shares outstanding, according to FactSet.",0.9382
2025-07-22 12:04:21,Lucid: Implications Of Uber Robotaxi Deal (Rating Upgrade),"Lucid Group, Inc. joins forces with Uber for 20,000 Gravity SUVs, aiming for robotaxi growth. Click for my updated look at LCID stock and why I'm upgrading it.",SeekingAlpha,https://finnhub.io/api/news?id=32f3234db87b3beae41d2f212f253c006ef5023ae505e126e02338da051672cb,2025-07-22,"Lucid: Implications Of Uber Robotaxi Deal (Rating Upgrade). Lucid Group, Inc. joins forces with Uber for 20,000 Gravity SUVs, aiming for robotaxi growth. Click for my updated look at LCID stock and why I'm upgrading it.",0.3818
2025-07-22 11:12:18,Tesla's easy money from regulatory credits set to dry up amid weakening sales,"SAN FRANCISCO (Reuters) -A key driver of Tesla's profit is disappearing fast as the U.S. government changes policies on an environmental asset known as regulatory credits.  Investors are likely to have a number of questions for Chief Executive Elon Musk when Tesla reports second-quarter results on Wednesday.  Among them are how fast the EV maker can turn a trial robotaxi program into a money-making business, how to avoid a decline in sales for the second year in a row, and Musk's possible politi",Yahoo,https://finnhub.io/api/news?id=ef4e401d30885055a6dc33f6177627bb4ab9efb32ef9f20d1c55f9e6c460df30,2025-07-22,"Tesla's easy money from regulatory credits set to dry up amid weakening sales. SAN FRANCISCO (Reuters) -A key driver of Tesla's profit is disappearing fast as the U.S. government changes policies on an environmental asset known as regulatory credits.  Investors are likely to have a number of questions for Chief Executive Elon Musk when Tesla reports second-quarter results on Wednesday.  Among them are how fast the EV maker can turn a trial robotaxi program into a money-making business, how to av",0.8834
2025-07-22 10:30:00,Why Is Wall Street So Bullish on Rivian? Here's the $1 Trillion Reason.,"Its upstart rival, Rivian Automotive, is preparing to replicate that success.  The average price target among Wall Street analysts for Rivian Automotive (NASDAQ: RIVN) stock is $14.72 per share.  Rivian, meanwhile, is valued at just $16 billion -- less than 1% of Tesla's size.",Yahoo,https://finnhub.io/api/news?id=526871cfabd2017ccdaf5ed98506924d23de39a56c3c6ca8c4f95aa69cfa5a69,2025-07-22,"Why Is Wall Street So Bullish on Rivian? Here's the $1 Trillion Reason.. Its upstart rival, Rivian Automotive, is preparing to replicate that success.  The average price target among Wall Street analysts for Rivian Automotive (NASDAQ: RIVN) stock is $14.72 per share.  Rivian, meanwhile, is valued at just $16 billion -- less than 1% of Tesla's size.",0.8316
2025-07-22 06:04:00,BUZZ Investing: Market Gains Broaden,,SeekingAlpha,https://finnhub.io/api/news?id=52c74254a48b2c07a9c32ccb5495ad89ef31530f0ede23d780e6e7f0dd79e586,2025-07-22,BUZZ Investing: Market Gains Broaden. ,0.34
2025-07-21 18:05:00,Auto seat supplier opening $8M Normal facility near Rivian’s EV plant,"As Rivian gears up to build the new midsize R2 SUV next year, the EV automaker is also building up its supply chain near its Normal plant to facilitate increased production. Adient, a leading global manufacturer of auto seats, is investing more than $8 million to repurpose an existing 85,000 square-foot-warehouse adjacent to the Rivian plant to make front and rear seats for the EVs. The ...",Yahoo,https://finnhub.io/api/news?id=a5c6682cc6c7c7afe34bea8fe0b62fe9fbf29b64a84605b4b847012e6a315a65,2025-07-21,"Auto seat supplier opening $8M Normal facility near Rivian’s EV plant. As Rivian gears up to build the new midsize R2 SUV next year, the EV automaker is also building up its supply chain near its Normal plant to facilitate increased production. Adient, a leading global manufacturer of auto seats, is investing more than $8 million to repurpose an existing 85,000 square-foot-warehouse adjacent to the Rivian plant to make front and rear seats for the EVs. The ...",0.2732
2025-07-21 17:04:36,"Rivian seating supplier Adient to bring operation to Normal, Ill.","Adient plans to invest more than $8 million and create at least 75 jobs, the state of Illinois says.",Yahoo,https://finnhub.io/api/news?id=83786a39cf346dfecf021e01bba3235a7538b392a62ff84be9bfcb56b6a6b3cf,2025-07-21,"Rivian seating supplier Adient to bring operation to Normal, Ill.. Adient plans to invest more than $8 million and create at least 75 jobs, the state of Illinois says.",-0.1779
2025-07-21 16:45:55,Porsche: Getting Lamborghini And Robotaxi Exposure Basically For Free,Porsche trades at a 27% NAV discount with undervalued holdings like Volkswagen. Click here to read an analysis of POAHY stock now.,SeekingAlpha,https://finnhub.io/api/news?id=86ffa544715299f0fd207f99c50e8e39048c175664b3d89fae6ff95775b4a15a,2025-07-21,Porsche: Getting Lamborghini And Robotaxi Exposure Basically For Free. Porsche trades at a 27% NAV discount with undervalued holdings like Volkswagen. Click here to read an analysis of POAHY stock now.,0.7003
2025-07-21 12:47:41,"Uber Technologies, Inc. (UBER)’s Deal With Lucid Is “A Dalliance,” Says Jim Cramer","We recently published Jim Cramer Discusses These 10 Stocks & AI-Led Disinflation. Uber Technologies, Inc. (NYSE:UBER) is one of the stocks Jim Cramer recently discussed. Uber Technologies, Inc. (NYSE:UBER) is the leading player in America’s ridesharing market. Its shares have gained 43% year-to-date after having enjoyed sizable catalysts from expanding its presence in the robotaxi […]",Yahoo,https://finnhub.io/api/news?id=df4ddf6d9bbbded3c6d006640c3dcf97c8b635b7ff4b207859b5a795c5fe023b,2025-07-21,"Uber Technologies, Inc. (UBER)’s Deal With Lucid Is “A Dalliance,” Says Jim Cramer. We recently published Jim Cramer Discusses These 10 Stocks & AI-Led Disinflation. Uber Technologies, Inc. (NYSE:UBER) is one of the stocks Jim Cramer recently discussed. Uber Technologies, Inc. (NYSE:UBER) is the leading player in America’s ridesharing market. Its shares have gained 43% year-to-date after having enjoyed sizable catalysts from expanding its presence in the robotaxi […]",0.7964
2025-07-21 12:47:17,"Lucid Group, Inc. (LCID)’s Deal With Uber Is “A Dalliance,” Says Jim Cramer","We recently published Jim Cramer Discusses These 10 Stocks & AI-Led Disinflation. Lucid Group, Inc. (NASDAQ:LCID) is one of the stocks Jim Cramer recently discussed. Lucid Group, Inc. (NASDAQ:LCID) is a pure-play electric vehicle manufacturer that primarily focuses on the high-end electric vehicle market. The firm’s shares are flat year-to-date. However, Lucid Group, Inc. (NASDAQ:LCID)’s […]",Yahoo,https://finnhub.io/api/news?id=793f981d6b90b5089fd6d40f84c59bebf5fc1f0c9b08c07e496d029f6f441876,2025-07-21,"Lucid Group, Inc. (LCID)’s Deal With Uber Is “A Dalliance,” Says Jim Cramer. We recently published Jim Cramer Discusses These 10 Stocks & AI-Led Disinflation. Lucid Group, Inc. (NASDAQ:LCID) is one of the stocks Jim Cramer recently discussed. Lucid Group, Inc. (NASDAQ:LCID) is a pure-play electric vehicle manufacturer that primarily focuses on the high-end electric vehicle market. The firm’s shares are flat year-to-date. However, Lucid Group, Inc. (NASDAQ:LCID)’s […]",0.296
2025-07-21 12:46:50,"Rivian Automotive, Inc. (RIVN) Isn’t A DeLorean, Says Jim Cramer","We recently published Jim Cramer Discusses These 10 Stocks & AI-Led Disinflation. Rivian Automotive, Inc. (NASDAQ:RIVN) is one of the stocks Jim Cramer recently discussed. Rivian Automotive, Inc. (NASDAQ:RIVN) is an electric vehicle company that works with electric cars and trucks. Its shares are flat year-to-date and have lost 21% since late May. The drop […]",Yahoo,https://finnhub.io/api/news?id=d8af460283045b3385332320dbff40f02600d5a995df79614da18799cd1446b1,2025-07-21,"Rivian Automotive, Inc. (RIVN) Isn’t A DeLorean, Says Jim Cramer. We recently published Jim Cramer Discusses These 10 Stocks & AI-Led Disinflation. Rivian Automotive, Inc. (NASDAQ:RIVN) is one of the stocks Jim Cramer recently discussed. Rivian Automotive, Inc. (NASDAQ:RIVN) is an electric vehicle company that works with electric cars and trucks. Its shares are flat year-to-date and have lost 21% since late May. The drop […]",-0.296
2025-07-20 11:00:00,1 Last Thing Lucid Needs to Prove to Wall Street,"The EV maker has poured money into its Advanced Driver-Assistance System (ADAS).  The company has leading technology, but no joint ventures yet with others.  A joint venture similar to Rivian and Volkswagen's could be a huge boost to business.",Yahoo,https://finnhub.io/api/news?id=9fb8344892024eeff8c277f4031f5f38939bd625f233118a4c4b3ac4c3840a0e,2025-07-20,"1 Last Thing Lucid Needs to Prove to Wall Street. The EV maker has poured money into its Advanced Driver-Assistance System (ADAS).  The company has leading technology, but no joint ventures yet with others.  A joint venture similar to Rivian and Volkswagen's could be a huge boost to business.",0.6369
2025-07-20 10:15:00,Where Will Rivian Stock Be in 3 Years?,"The EV industry is struggling, and Trump administration policies could make things worse.  The future of upstart EV maker Rivian will depend on its transition to lower-priced vehicles.  Rivian Automotive (NASDAQ: RIVN) was on top of the world when it went public in late 2021 at the height of electric vehicle (EV) industry optimism.",Yahoo,https://finnhub.io/api/news?id=e8441964485d54b236d6d5902cc24a0b32d74e7888de6a0af0f0f2b443985ed1,2025-07-20,"Where Will Rivian Stock Be in 3 Years?. The EV industry is struggling, and Trump administration policies could make things worse.  The future of upstart EV maker Rivian will depend on its transition to lower-priced vehicles.  Rivian Automotive (NASDAQ: RIVN) was on top of the world when it went public in late 2021 at the height of electric vehicle (EV) industry optimism.",-0.1531
2025-07-20 09:22:06,"Tech News (July 14–July 18): China Cuts US Debt, Fed Signals Rate Shift, Netflix And TSMC Lead Earnings Beat; Meta-AWS Push AI","Consumer tech surged ahead this week with strong earnings, bold AI shifts, and rising geopolitical tensions reshaping the global landscape.








",Benzinga,https://finnhub.io/api/news?id=9e8452e561968ad1227742462e87ecc14b608e5e22d9a18d6a26b9ec626ad695,2025-07-20,"Tech News (July 14–July 18): China Cuts US Debt, Fed Signals Rate Shift, Netflix And TSMC Lead Earnings Beat; Meta-AWS Push AI. Consumer tech surged ahead this week with strong earnings, bold AI shifts, and rising geopolitical tensions reshaping the global landscape.








",-0.128
2025-07-19 13:42:00,2 Reasons Why Now Is the Time to Buy Rivian Stock,"Rivian Automotive (NASDAQ: RIVN), meanwhile, has stayed in the shadows due to a lack of flashy milestones.  The Motley Fool Stock Advisor analyst team just identified what they believe are the 10 best stocks for investors to buy now… and Rivian Automotive wasn’t one of them.",Yahoo,https://finnhub.io/api/news?id=8e0e8c2002b8444567a6d7ffd3d0771daba587adc342cd5e16051a9f54bf3271,2025-07-19,"2 Reasons Why Now Is the Time to Buy Rivian Stock. Rivian Automotive (NASDAQ: RIVN), meanwhile, has stayed in the shadows due to a lack of flashy milestones.  The Motley Fool Stock Advisor analyst team just identified what they believe are the 10 best stocks for investors to buy now… and Rivian Automotive wasn’t one of them.",0.0
2025-07-19 13:25:00,This Opportunity Could Spell Huge Success for Tesla,"Tesla recently launched its robotaxi service in Texas.  Tesla (NASDAQ: TSLA) has been stealing headlines with its latest robotaxi launch in Austin, Texas.  Cathie Wood, CEO of Ark Investment Management, believes the robotaxi market will be huge.",Yahoo,https://finnhub.io/api/news?id=417cfabbcbfa25a7434b3f3b9afed6db68cb00869c2adb90dc24c8a35a5f7a49,2025-07-19,"This Opportunity Could Spell Huge Success for Tesla. Tesla recently launched its robotaxi service in Texas.  Tesla (NASDAQ: TSLA) has been stealing headlines with its latest robotaxi launch in Austin, Texas.  Cathie Wood, CEO of Ark Investment Management, believes the robotaxi market will be huge.",0.7845
2025-07-18 19:11:00,Why Are Rivian (RIVN) Shares Soaring Today,Shares of electric vehicle manufacturer Rivian (NASDAQ:RIVN) jumped 6% in the afternoon session after the company announced it will establish a new East Coast headquarters in Atlanta.,Yahoo,https://finnhub.io/api/news?id=5699c05a6e7a55cb0cfd90622c5b156619144787714b83da8329289e2a5b27a8,2025-07-18,Why Are Rivian (RIVN) Shares Soaring Today. Shares of electric vehicle manufacturer Rivian (NASDAQ:RIVN) jumped 6% in the afternoon session after the company announced it will establish a new East Coast headquarters in Atlanta.,0.5267
2025-07-18 14:23:16,Lucid: Uber Deal And Upside Breakout (Upgrade),"Lucid Group partners with Uber and Nuro to deploy Gravity EVs as robotaxis, boosting delivery scale and entering the autonomous market. Click for my LCID update.",SeekingAlpha,https://finnhub.io/api/news?id=1ec2f892e0e479074b0548807bf0834bbccc59d4bcb2d0b581367952cad4c769,2025-07-18,"Lucid: Uber Deal And Upside Breakout (Upgrade). Lucid Group partners with Uber and Nuro to deploy Gravity EVs as robotaxis, boosting delivery scale and entering the autonomous market. Click for my LCID update.",0.34
2025-07-18 14:15:00,"Prediction: Rivian's New R2 Truck Will Be a ""Tesla-Like"" Turning Point for the Company","Rivian is an EV maker trying to break into the big leagues of the auto industry.  Its next big move will be an introduction of the R2, a truck for the mass market.  Tesla (NASDAQ: TSLA) made a decision when it built its business to start with high-end vehicles.",Yahoo,https://finnhub.io/api/news?id=daf8436bd2e31086529e0855208ec19d2f778eabeeb371d0060edf906433ea5c,2025-07-18,"Prediction: Rivian's New R2 Truck Will Be a ""Tesla-Like"" Turning Point for the Company. Rivian is an EV maker trying to break into the big leagues of the auto industry.  Its next big move will be an introduction of the R2, a truck for the mass market.  Tesla (NASDAQ: TSLA) made a decision when it built its business to start with high-end vehicles.",0.0
2025-07-17 18:09:23,Rivian to open Atlanta ‘East Coast headquarters’ as it prepares for nearby factory construction in 2026,"Rivian's Georgia office opens late this year, supporting its plans to start construction on its second EV factory nearby in Stanton Springs.",Yahoo,https://finnhub.io/api/news?id=4d2030d2bc93da54a1afd03ffc6347b8d245353db58b3db1bd65f5c1578c1dec,2025-07-17,"Rivian to open Atlanta ‘East Coast headquarters’ as it prepares for nearby factory construction in 2026. Rivian's Georgia office opens late this year, supporting its plans to start construction on its second EV factory nearby in Stanton Springs.",0.4404
2025-07-17 17:38:48,Rivian Automotive (RIVN) Expands Canadian Operations With New Quebec Service Centre,"Rivian Automotive (RIVN) experienced a 6.81% price increase last quarter as it commenced the construction of a new service center in Quebec in collaboration with Montoni Group, targeting a key milestone in its Canadian expansion. The facility aims to support the future launch of its R2 model, integrate low-carbon materials, and promote community growth through job creation. Amidst a buoyant market where major indices such as the S&P 500 and Nasdaq reached record highs, Rivian’s actions...",Yahoo,https://finnhub.io/api/news?id=b7aaa0da3c6c3caf9d960788e7da873b3741d71768cef099b1d43295d0e2e42e,2025-07-17,"Rivian Automotive (RIVN) Expands Canadian Operations With New Quebec Service Centre. Rivian Automotive (RIVN) experienced a 6.81% price increase last quarter as it commenced the construction of a new service center in Quebec in collaboration with Montoni Group, targeting a key milestone in its Canadian expansion. The facility aims to support the future launch of its R2 model, integrate low-carbon materials, and promote community growth through job creation. Amidst a buoyant market where major in",0.9118
2025-07-17 16:45:00,Rivian Announces New East Coast Headquarters in Atlanta,"ATLANTA, July 17, 2025--Rivian, Georgia Governor Brian Kemp, and Atlanta Mayor Andre Dickens today announced the American electric vehicle company will establish a new East Coast Headquarters in Atlanta, Georgia as part of its landmark investment in the state. The office will open in late 2025, followed by further expansion in 2026 as construction accelerates at the company’s new manufacturing site in Social Circle, just outside the city.",Yahoo,https://finnhub.io/api/news?id=6092d5f9aa094081f0c554f047e71a07dfb3a4fd685d93ad1592e32eac120db3,2025-07-17,"Rivian Announces New East Coast Headquarters in Atlanta. ATLANTA, July 17, 2025--Rivian, Georgia Governor Brian Kemp, and Atlanta Mayor Andre Dickens today announced the American electric vehicle company will establish a new East Coast Headquarters in Atlanta, Georgia as part of its landmark investment in the state. The office will open in late 2025, followed by further expansion in 2026 as construction accelerates at the company’s new manufacturing site in Social Circle, just outside the city.",0.0772
2025-07-17 16:15:28,"Rivian restarting work on its Georgia factory, emails show",Emails obtained through a public records request show Rivian has resume the prep work for its planned factory in Georgia.,Yahoo,https://finnhub.io/api/news?id=099dd857526bde825260417dc9773832e44b253b30432d8eda908fd443499506,2025-07-17,"Rivian restarting work on its Georgia factory, emails show. Emails obtained through a public records request show Rivian has resume the prep work for its planned factory in Georgia.",0.0
2025-07-17 03:30:46,Rivian CEO Joins Bezos & Gates Divorce Club—Voting Power Slashed Before R2 Debut,Rivian Automotive (NASDAQ:RIVN) ownership looks different going forward as the company's founder RJ Scaringe had to transfer part of his stake in the electric vehicle company as part of a divorce settlement. What Happened: Ahead of the highly ...,Yahoo,https://finnhub.io/api/news?id=95d3f717864b19ee03f8348b50a15a0a27e0f41b8759c99b90c546620d007d30,2025-07-17,Rivian CEO Joins Bezos & Gates Divorce Club—Voting Power Slashed Before R2 Debut. Rivian Automotive (NASDAQ:RIVN) ownership looks different going forward as the company's founder RJ Scaringe had to transfer part of his stake in the electric vehicle company as part of a divorce settlement. What Happened: Ahead of the highly ...,-0.2263
2025-07-16 18:00:00,CONSTRUCTION BEGINS ON RIVIAN'S NEW QUÉBEC SERVICE CENTRE,"Electric-vehicle manufacturer Rivian, in partnership with Montoni Group, held a groundbreaking ceremony today marking the official start of construction on its new service centre in Québec. The event, held in Laval, was attended by the city's mayor, Stéphane Boyer. The planned facility is a key step in the expansion of Rivian's Canadian operations and speaks to the company's commitment to better serving its Québec customers.",Yahoo,https://finnhub.io/api/news?id=fe6221715c761b3672b7c3a4f551eef7e844827bd490ebf435fd9c291a216eb1,2025-07-16,"CONSTRUCTION BEGINS ON RIVIAN'S NEW QUÉBEC SERVICE CENTRE. Electric-vehicle manufacturer Rivian, in partnership with Montoni Group, held a groundbreaking ceremony today marking the official start of construction on its new service centre in Québec. The event, held in Laval, was attended by the city's mayor, Stéphane Boyer. The planned facility is a key step in the expansion of Rivian's Canadian operations and speaks to the company's commitment to better serving its Québec customers.",0.6705
2025-07-16 17:19:29,GMC Hummer EV outsold the Tesla Cybertruck last quarter,"As Elon Musk once said, ""We dug our own grave with Cybertruck.""",Yahoo,https://finnhub.io/api/news?id=4a30068969615b63ad851b95cd08c56dcfafecc636498c611598b2019a870586,2025-07-16,"GMC Hummer EV outsold the Tesla Cybertruck last quarter. As Elon Musk once said, ""We dug our own grave with Cybertruck.""",-0.3818
2025-07-16 13:04:07,"Rivian Unseats Lucid, DraftKings Ousts Plug Power In Russell 1000 Shake-Up",Here&#39;s a look at notable additions and exclusions from the Russell 1000 index. ,Benzinga,https://finnhub.io/api/news?id=3196b59077bd1307fff1edc2f9ff763a77ca7138c583160cd0349637ae83d7be,2025-07-16,"Rivian Unseats Lucid, DraftKings Ousts Plug Power In Russell 1000 Shake-Up. Here&#39;s a look at notable additions and exclusions from the Russell 1000 index. ",0.0
2025-07-16 11:11:22,Tesla is one of the three most shorted U.S. auto stocks,"Investing.com -- Tesla (NASDAQ:TSLA) ranks among the three most shorted U.S. auto stocks heading into the second-quarter earnings season, alongside Rivian (NASDAQ:RIVN) and Quantumscape Corp (NYSE:QS), according to UBS.",Yahoo,https://finnhub.io/api/news?id=23d354c5a9d824f77a77c67e2d38d070ea7d6d3b0a42efb54f6bd36aa9c77693,2025-07-16,"Tesla is one of the three most shorted U.S. auto stocks. Investing.com -- Tesla (NASDAQ:TSLA) ranks among the three most shorted U.S. auto stocks heading into the second-quarter earnings season, alongside Rivian (NASDAQ:RIVN) and Quantumscape Corp (NYSE:QS), according to UBS.",0.0
2025-07-16 09:46:23,Tesla (TSLA): UBS Says It’s Still Overvalued—Watch Musk’s Next Comments,"Tesla, Inc. (NASDAQ:TSLA) is one of the AI Stocks in the Spotlight Today. On July 14, UBS reiterated the stock as “Sell,” stating that the stock remains overvalued heading into its second-quarter results. This is despite expectations that there would be a sector-wide beat on production, and currency gains are offering near-term support for auto stocks. “We […]",Yahoo,https://finnhub.io/api/news?id=1ea9c9225d7feccbeb4d4722209ecb4c83d24bd1e8a1dc849a176d6776a651c6,2025-07-16,"Tesla (TSLA): UBS Says It’s Still Overvalued—Watch Musk’s Next Comments. Tesla, Inc. (NASDAQ:TSLA) is one of the AI Stocks in the Spotlight Today. On July 14, UBS reiterated the stock as “Sell,” stating that the stock remains overvalued heading into its second-quarter results. This is despite expectations that there would be a sector-wide beat on production, and currency gains are offering near-term support for auto stocks. “We […]",0.6249
2025-07-15 19:22:02,"As Rivian embraces Google with Maps integration, it shuts out Apple CarPlay","Rivian is tightening its relationship with Google, leaving Apple and CarPlay out in the cold.",Yahoo,https://finnhub.io/api/news?id=c1b8ff50aac988a9e66d261d3a853aa35ebe537b86a0ea2e6ef368b1b76f6f9f,2025-07-15,"As Rivian embraces Google with Maps integration, it shuts out Apple CarPlay. Rivian is tightening its relationship with Google, leaving Apple and CarPlay out in the cold.",0.0
2025-07-15 18:12:34,"Ford Is A Winner From Trump's New Tax Bill, But Not Because Of The EV Changes","Ford Motor's Q2 earnings will reveal tariff impacts, but tax changes are yet to be reflected; policy volatility clouds outlook. Click to read why F is a Hold.",SeekingAlpha,https://finnhub.io/api/news?id=6fabc490f8ff893360f5890899a329ab59a6346878b6bc30d7b0f90c59f35e95,2025-07-15,"Ford Is A Winner From Trump's New Tax Bill, But Not Because Of The EV Changes. Ford Motor's Q2 earnings will reveal tariff impacts, but tax changes are yet to be reflected; policy volatility clouds outlook. Click to read why F is a Hold.",0.34
2025-07-15 14:30:24,Rivian taps Google to bring custom maps into its EVs and app,"Rivian vehicles will soon replace its Mapbox-based maps with Google Maps. The integration will still see a lot of Rivian DNA in the new mapping system, though.",Yahoo,https://finnhub.io/api/news?id=e4dff4105039fb8c23d9bf03faee382e2405b8aee7781d78291e8742c05d96b8,2025-07-15,"Rivian taps Google to bring custom maps into its EVs and app. Rivian vehicles will soon replace its Mapbox-based maps with Google Maps. The integration will still see a lot of Rivian DNA in the new mapping system, though.",0.0
2025-07-15 13:00:37,"Stocks making big moves yesterday: CAVA, Victoria's Secret, Advance Auto Parts, Rocket Lab, and Rivian",Check out the companies making headlines yesterday:,Yahoo,https://finnhub.io/api/news?id=3bf91f453e5bcb9d7690e086d4e8744d7f85c7f0e5126c39ab855bd98223ca96,2025-07-15,"Stocks making big moves yesterday: CAVA, Victoria's Secret, Advance Auto Parts, Rocket Lab, and Rivian. Check out the companies making headlines yesterday:",0.0
2025-07-14 23:37:00,JPMorgan reveals 9 stocks with major problems,These surprising names look riskier than they seem,Yahoo,https://finnhub.io/api/news?id=0ea1148ffc1ccaf4cd528fe9efe0002d7efa351cd4cedf9bd5518448027d43fb,2025-07-14,JPMorgan reveals 9 stocks with major problems. These surprising names look riskier than they seem,-0.4641
2025-07-14 21:50:05,Rivian Automotive (RIVN) Stock Slides as Market Rises: Facts to Know Before You Trade,"Rivian Automotive (RIVN) concluded the recent trading session at $12.75, signifying a -2.15% move from its prior day's close.",Yahoo,https://finnhub.io/api/news?id=e54e921d0da224f911bca37ca9b1b2edd77b777530209ef5c1a8838859c56f7a,2025-07-14,"Rivian Automotive (RIVN) Stock Slides as Market Rises: Facts to Know Before You Trade. Rivian Automotive (RIVN) concluded the recent trading session at $12.75, signifying a -2.15% move from its prior day's close.",0.0
2025-07-14 20:46:49,"Procter & Rivian downgraded, Starbucks gets a new Sell rating","Evercore ISI downgraded Procter & Gamble (PG) to In Line from Outperform and cut its price target to $170 from $190, citing growing competition from Amazon and slowing growth. Guggenheim cut Rivian (RIVN) to Neutral from Buy and removed its price target on the stock amid reduced confidence in demand and the impact of weaker electric vehicle (EV) incentives. Melius initiated coverage on Starbucks (SBUX) with a Sell rating, warning that the path to a full turnaround may take longer than expected. ",Yahoo,https://finnhub.io/api/news?id=bd62e692c059bc2e0ef3d71926d480da40823cde087597e1a37ae4512ec47d9b,2025-07-14,"Procter & Rivian downgraded, Starbucks gets a new Sell rating. Evercore ISI downgraded Procter & Gamble (PG) to In Line from Outperform and cut its price target to $170 from $190, citing growing competition from Amazon and slowing growth. Guggenheim cut Rivian (RIVN) to Neutral from Buy and removed its price target on the stock amid reduced confidence in demand and the impact of weaker electric vehicle (EV) incentives. Melius initiated coverage on Starbucks (SBUX) with a Sell rating, warning tha",0.1531
2025-07-14 18:45:50,Why Rivian (RIVN) Shares Are Sliding Today,"Shares of electric vehicle manufacturer Rivian (NASDAQ:RIVN) fell 3.1% in the afternoon session after a downgrade from Guggenheim analyst Ronald Jewsikow, who moved the electric vehicle maker's rating to 'Neutral' from 'Buy'. The downgrade reflects growing concerns over weakening demand for Rivian's current R1T pickup and R1S SUV models. Guggenheim also pointed to headwinds from recent U.S. policy changes, including the elimination of the $7,500 federal EV tax credit, which could negatively impa",Yahoo,https://finnhub.io/api/news?id=b972b735aff7bd0fb9aa1d2f4ba012bcfcc049b7dc41c4eb96f016ed8c8df98b,2025-07-14,"Why Rivian (RIVN) Shares Are Sliding Today. Shares of electric vehicle manufacturer Rivian (NASDAQ:RIVN) fell 3.1% in the afternoon session after a downgrade from Guggenheim analyst Ronald Jewsikow, who moved the electric vehicle maker's rating to 'Neutral' from 'Buy'. The downgrade reflects growing concerns over weakening demand for Rivian's current R1T pickup and R1S SUV models. Guggenheim also pointed to headwinds from recent U.S. policy changes, including the elimination of the $7,500 federa",0.3182
2025-07-14 17:46:02,Rivian: Guggenheim sees fundamental and narrative risks to long-term bull thesis,"Investing.com -- Guggenheim downgraded Rivian (NASDAQ:RIVN) to Neutral from Buy in a note to clients on Monday, citing increased concerns about long-term demand, pricing, and U.S. policy headwinds that challenge its bullish outlook for the company’s future R2 and R3 models.",Yahoo,https://finnhub.io/api/news?id=826f4907330ea37545dc89708c8870912b418a18ebd3c10e3c5e92b0027a366c,2025-07-14,"Rivian: Guggenheim sees fundamental and narrative risks to long-term bull thesis. Investing.com -- Guggenheim downgraded Rivian (NASDAQ:RIVN) to Neutral from Buy in a note to clients on Monday, citing increased concerns about long-term demand, pricing, and U.S. policy headwinds that challenge its bullish outlook for the company’s future R2 and R3 models.",-0.0516
2025-07-14 16:19:22,"NIO pops on SUV demand, Rivian downgrade, McGraw Hill IPO","Yahoo Finance anchor Julie Hyman examines some of the top stories of the trading day on Yahoo Finance's Market Minute. NIO (NIO) stock rises on demand for the Chinese electric vehicle (EV) maker's new SUV after Morgan Stanley analysts reported 30,000 to 35,000 preorders for NIO's upcoming vehicle. Rivian (RIVN) stock is under pressure after Guggenheim analysts downgraded the stock to Hold from Buy on headwinds from Trump's tax legislation. McGraw Hill is set to raise $537 million in its initial ",Yahoo,https://finnhub.io/api/news?id=ec2515fc2320d82dadcbd809a4568556e214653d1249652936dc4cdceb8fb961,2025-07-14,"NIO pops on SUV demand, Rivian downgrade, McGraw Hill IPO. Yahoo Finance anchor Julie Hyman examines some of the top stories of the trading day on Yahoo Finance's Market Minute. NIO (NIO) stock rises on demand for the Chinese electric vehicle (EV) maker's new SUV after Morgan Stanley analysts reported 30,000 to 35,000 preorders for NIO's upcoming vehicle. Rivian (RIVN) stock is under pressure after Guggenheim analysts downgraded the stock to Hold from Buy on headwinds from Trump's tax legislatio",-0.34
2025-07-14 14:52:57,Rivian CEO RJ Scaringe’s voting control slips following divorce settlement,Rivian founder and CEO RJ Scaringe has transferred a portion of his ownership stake and voting power as part of a newly settled divorce proceeding.,Yahoo,https://finnhub.io/api/news?id=2e2a54369d86d04c381db353e9c62b1c04a3096d02a0b524f2b1fb732935a43e,2025-07-14,Rivian CEO RJ Scaringe’s voting control slips following divorce settlement. Rivian founder and CEO RJ Scaringe has transferred a portion of his ownership stake and voting power as part of a newly settled divorce proceeding.,0.0
2025-07-14 14:00:00,Rivian: Moving Beyond Survival Mode,"Rivian is making significant progress towards profitability due to major cost reductions, despite current sales challenges in the premium EV sector. Learn more on RIVN stock here.",SeekingAlpha,https://finnhub.io/api/news?id=33325bc7f8ea56a191061ec3f6516bf6d3866fb716b7541804e09bceb9448c57,2025-07-14,"Rivian: Moving Beyond Survival Mode. Rivian is making significant progress towards profitability due to major cost reductions, despite current sales challenges in the premium EV sector. Learn more on RIVN stock here.",0.6681
2025-07-14 13:55:00,"Rivian Stock Is Falling on a Downgrade. Yes, It’s President Trump.",Guggenheim analyst Ronald Jewsikow cut his Rivian rating to Hold from Buy. He also dropped his price target of $16.,Yahoo,https://finnhub.io/api/news?id=ef76f7fcca326f4e26ee0dcc783812de7dc2bb8c3846e2b587c021987bd2a627,2025-07-14,"Rivian Stock Is Falling on a Downgrade. Yes, It’s President Trump.. Guggenheim analyst Ronald Jewsikow cut his Rivian rating to Hold from Buy. He also dropped his price target of $16.",-0.0
2025-07-14 13:32:40,"Rivian downgraded, PayPal upgraded: Wall Street's top analyst calls","Rivian downgraded, PayPal upgraded: Wall Street's top analyst calls",Yahoo,https://finnhub.io/api/news?id=73315cdaed2baf2a7798b47538cee6066b93bb68981489b8236d8278fd1208a3,2025-07-14,"Rivian downgraded, PayPal upgraded: Wall Street's top analyst calls. Rivian downgraded, PayPal upgraded: Wall Street's top analyst calls",0.3818
2025-07-14 13:03:14,Rivian: Quantifying The Damage From The One Big Beautiful Bill Act,"Rivian faces $483 million in annual revenue headwinds and loss of regulatory credits, erasing >100% of its gross profit. Read why I continue to avoid RIVN stock.",SeekingAlpha,https://finnhub.io/api/news?id=88512f042614cc183d3a065f0795bd8a6434248b17a0d5df1232ac12a39b52e6,2025-07-14,"Rivian: Quantifying The Damage From The One Big Beautiful Bill Act. Rivian faces $483 million in annual revenue headwinds and loss of regulatory credits, erasing >100% of its gross profit. Read why I continue to avoid RIVN stock.",-0.128
2025-07-14 12:12:38,"UBS: Tesla still overvalued, Musk’s call may sway market","Investing.com -- UBS analysts told investors in a note Monday that Tesla (NASDAQ:TSLA) remains “fundamentally overvalued” heading into its second-quarter results, even as expectations of a sector-wide beat on production and FX gains provide near-term support for auto stocks.",Yahoo,https://finnhub.io/api/news?id=682040f1d086c587cb3419bd71536bdd27b76330aca81de69a6e43c7babbefcc,2025-07-14,"UBS: Tesla still overvalued, Musk’s call may sway market. Investing.com -- UBS analysts told investors in a note Monday that Tesla (NASDAQ:TSLA) remains “fundamentally overvalued” heading into its second-quarter results, even as expectations of a sector-wide beat on production and FX gains provide near-term support for auto stocks.",0.6249
2025-07-14 11:57:00,Wall Street Lunch: Copper Import Duties Could Disrupt U.S. Auto Market,Wells Fargo dove into the implications for the auto sector of the Trump Administration imposing a 50% tariff on copper imports from select countries.,SeekingAlpha,https://finnhub.io/api/news?id=99fa4fc3e375b96e6af3b143ca460128cd17e1e5e7140007e1719fad40dad073,2025-07-14,Wall Street Lunch: Copper Import Duties Could Disrupt U.S. Auto Market. Wells Fargo dove into the implications for the auto sector of the Trump Administration imposing a 50% tariff on copper imports from select countries.,0.1531
2025-07-14 05:00:00,"Tesla, Circle, and 6 Other Stocks to Short, According to J.P. Morgan","Wall Street analysts are often criticized for being preternaturally upbeat.  In fact, J.P. Morgan put out a report last week that highlighted some of the firm’s most “high-conviction” Underweight (meaning Sell) and Neutral (or Hold) recommendations, saying that they are “compelling structural and tactical short ideas.”  J.P. Morgan identified a group of 40 stocks that the bank’s analysts are bearish on at current prices.",Yahoo,https://finnhub.io/api/news?id=14395dbcf57599faa47e0918923a01140faccb0194c89e446f5513df08cd6a8a,2025-07-14,"Tesla, Circle, and 6 Other Stocks to Short, According to J.P. Morgan. Wall Street analysts are often criticized for being preternaturally upbeat.  In fact, J.P. Morgan put out a report last week that highlighted some of the firm’s most “high-conviction” Underweight (meaning Sell) and Neutral (or Hold) recommendations, saying that they are “compelling structural and tactical short ideas.”  J.P. Morgan identified a group of 40 stocks that the bank’s analysts are bearish on at current prices.",-0.3612
2025-07-13 14:00:00,Prediction: Rivian Could Lose This $325 Million Revenue Source That Is Nearly 100% Profit,"Rivian is set to lose automotive regulatory credits that it has been able to sell to other automakers.  Rivian Automotive (NASDAQ: RIVN) has an exciting future.  For years, EV manufacturers have relied on government subsidies to increase demand for their products and help offset the steep cost of scaling up a capital-intensive business.",Yahoo,https://finnhub.io/api/news?id=cccd93930cb48b2f9aeb8cc6527f030ff0a7701429a38f1f76e8a56680a86bfa,2025-07-13,"Prediction: Rivian Could Lose This $325 Million Revenue Source That Is Nearly 100% Profit. Rivian is set to lose automotive regulatory credits that it has been able to sell to other automakers.  Rivian Automotive (NASDAQ: RIVN) has an exciting future.  For years, EV manufacturers have relied on government subsidies to increase demand for their products and help offset the steep cost of scaling up a capital-intensive business.",0.7717
2025-09-10 18:03:18,"Rivian Automotive, Inc. (RIVN) Presents At Goldman Sachs Communacopia + Technology Conference 2025 Transcript","Discover Rivianâs strategy for the R2 launch, global expansion, advanced EV tech, and",SeekingAlpha,https://finnhub.io/api/news?id=e4d7967fa7d63b00678a030a70915451d59393f0a2ff70c23d9f7faf30946468,2025-09-10,"Rivian Automotive, Inc. (RIVN) Presents At Goldman Sachs Communacopia + Technology Conference 2025 Transcript. Discover Rivianâs strategy for the R2 launch, global expansion, advanced EV tech, and",0.25
2025-09-10 11:06:09,What's Going On With Rivian Stock Wednesday?,"Rivian and Volkswagen expanded their semiconductor partnership at IAA Mobility to cut costs, secure supply, and strengthen EV innovation.",Benzinga,https://finnhub.io/api/news?id=da5488682e03310c19c7fea4fced1fbb068e9d072a48e58de0187688d1257518,2025-09-10,"What's Going On With Rivian Stock Wednesday?. Rivian and Volkswagen expanded their semiconductor partnership at IAA Mobility to cut costs, secure supply, and strengthen EV innovation.",0.6369
2025-09-10 06:40:56,"Volkswagen Group, With Rivian, Unveils Semiconductor Procurement Model Covering 50+ Chip Categories To Cut Costs And Secure Supply For Future EVs",,Benzinga,https://finnhub.io/api/news?id=bebc1ea1a31fef4484c735ccde4fe52c7bdc4d2fa6001bff3f91cb76b22b6cec,2025-09-10,"Volkswagen Group, With Rivian, Unveils Semiconductor Procurement Model Covering 50+ Chip Categories To Cut Costs And Secure Supply For Future EVs. ",0.0772
2025-09-08 22:32:56,Rivian's Biggest Challenge Might Still Be Around The Corner,"Rivian continues to burn cash with automotive sales dropping and persistent losses, despite some improvement in margins. Read why RIVN stock is a Sell.",SeekingAlpha,https://finnhub.io/api/news?id=dd11befdd72676a7b7b62fc8c22178c1fd0803d2d2f2f4c8d3f4943337e3c318,2025-09-08,"Rivian's Biggest Challenge Might Still Be Around The Corner. Rivian continues to burn cash with automotive sales dropping and persistent losses, despite some improvement in margins. Read why RIVN stock is a Sell.",-0.5967
2025-09-08 20:54:36,Rivian lays off hundreds of employees ahead of the end of EV tax credits,"The electric vehicle tax credit is ending this month. Rivian is cutting costs by laying off about 200 employees last week and is still planning to release its new, afforable SUV next year.",Yahoo,https://finnhub.io/api/news?id=c3f5fbf15b2a84d4ac6690c2d757ee3d6473fb4fb801a1281ec345a7db37713f,2025-09-08,"Rivian lays off hundreds of employees ahead of the end of EV tax credits. The electric vehicle tax credit is ending this month. Rivian is cutting costs by laying off about 200 employees last week and is still planning to release its new, afforable SUV next year.",0.5574
2025-09-08 14:25:53,"Databricks closes $1 billion round, projects $4 billion in annualized revenue on surging AI demand","Data analytics firm Databricks said on Monday it was on track to hit $4 billion in annualized revenue on the back of booming demand for its artificial intelligence products, as it closed a $1 billion funding round.  The round was co-led by existing investors Andreessen Horowitz, Insight Partners, MGX, Thrive Capital and WCM Investment Management.  Databricks is targeting a net revenue retention above 140%, more than 650 customers with more than $1 million in annual spending and positive free cas",Yahoo,https://finnhub.io/api/news?id=0bba29a0b158ef7f972de15e809a7198e8e33de4ccd04facaf020d31552465af,2025-09-08,"Databricks closes $1 billion round, projects $4 billion in annualized revenue on surging AI demand. Data analytics firm Databricks said on Monday it was on track to hit $4 billion in annualized revenue on the back of booming demand for its artificial intelligence products, as it closed a $1 billion funding round.  The round was co-led by existing investors Andreessen Horowitz, Insight Partners, MGX, Thrive Capital and WCM Investment Management.  Databricks is targeting a net revenue retention ab",0.2732
2025-09-08 10:31:00,Rivian lays off workers from its commercial team,"The staff reduction impacted less than 1.5% of the company’s workforce of nearly 15,000, a spokesperson said.",Yahoo,https://finnhub.io/api/news?id=c5eb0ede9c1aff8e000d17ad7beb34ecfe110584093a2baf9086807210d51b0c,2025-09-08,"Rivian lays off workers from its commercial team. The staff reduction impacted less than 1.5% of the company’s workforce of nearly 15,000, a spokesperson said.",0.0
2025-09-08 06:41:29,EV Company News For The Month Of August 2025,Global EV sales surge 19% in July 2025 as China and Europe lead growth.,SeekingAlpha,https://finnhub.io/api/news?id=8f44dbf82f93201278a67a2841963f98e2a1b7c980544675c733c9deecb198d4,2025-09-08,EV Company News For The Month Of August 2025. Global EV sales surge 19% in July 2025 as China and Europe lead growth.,0.3818
2025-09-07 15:12:00,"Buy This, Not That: The Hazards Are Flashing for 1 EV Maker","Investing in electric vehicle makers can have massive upside, but not all EV investments are created equal.",Yahoo,https://finnhub.io/api/news?id=7ba5daa54fa18c916f506ea436227474e01692bf947870214b1b90392b3c61c9,2025-09-07,"Buy This, Not That: The Hazards Are Flashing for 1 EV Maker. Investing in electric vehicle makers can have massive upside, but not all EV investments are created equal.",0.3612
2025-09-06 11:32:56,Rivian (RIVN) Valuation in Focus as R2 SUV and Georgia Factory Drive New Growth Narrative,"If you’re trying to make sense of the latest action in Rivian Automotive (RIVN), you’re not alone. There’s plenty for investors to digest right now. Optimism is building around the company’s upcoming R2 mid-size SUV, a model set to reach a broader audience with a lower price point. Rivian just announced plans to break ground on a $5 billion Georgia factory on September 16, a move designed to support R2 production and, potentially, speed up delivery timelines. This comes as Rivian focuses on...",Yahoo,https://finnhub.io/api/news?id=1a1951124d519dbf7ed84cf1f00fdc228c7062a0cbf767aee2db1cf2b6281b4c,2025-09-06,"Rivian (RIVN) Valuation in Focus as R2 SUV and Georgia Factory Drive New Growth Narrative. If you’re trying to make sense of the latest action in Rivian Automotive (RIVN), you’re not alone. There’s plenty for investors to digest right now. Optimism is building around the company’s upcoming R2 mid-size SUV, a model set to reach a broader audience with a lower price point. Rivian just announced plans to break ground on a $5 billion Georgia factory on September 16, a move designed to support R2 pro",0.8146
2025-09-05 21:29:00,Rivian Is Laying Off Workers. The EV Pain Is Coming.,The company is trying to control costs to prepare for what Tesla CEO Elon Musk calls some “rough quarters” ahead.,Yahoo,https://finnhub.io/api/news?id=78e422b732905a70a7acd5299a312a5f8e7efe3b2a8fe512fdb2ff445cf67ff7,2025-09-05,Rivian Is Laying Off Workers. The EV Pain Is Coming.. The company is trying to control costs to prepare for what Tesla CEO Elon Musk calls some “rough quarters” ahead.,-0.5106
2025-09-05 17:46:51,Why Rivian (RIVN) Stock Is Trading Up Today,Shares of electric vehicle manufacturer Rivian (NASDAQ:RIVN) jumped 3.6% in the morning session after the company announced it was cutting less than 1.5% of its workforce as part of a strategic plan to streamline operations ahead of its R2 SUV launch. The job cuts are part of the company's efforts to enhance efficiency and lower costs as it prepares for the highly anticipated launch of its more affordable R2 model in 2026.,Yahoo,https://finnhub.io/api/news?id=8b0fd79c8365dd23d0fdf677b0a841dab5786d607d825913aee8d380bad068d6,2025-09-05,Why Rivian (RIVN) Stock Is Trading Up Today. Shares of electric vehicle manufacturer Rivian (NASDAQ:RIVN) jumped 3.6% in the morning session after the company announced it was cutting less than 1.5% of its workforce as part of a strategic plan to streamline operations ahead of its R2 SUV launch. The job cuts are part of the company's efforts to enhance efficiency and lower costs as it prepares for the highly anticipated launch of its more affordable R2 model in 2026.,-0.0516
2025-09-05 15:30:18,BC-Most Active Stocks,"td class=""col-issue"">Next Technology Holding Inc.",Yahoo,https://finnhub.io/api/news?id=c14a23b1ca87c7705dc0cb2cac3c65303432f9328f9e97fffc476260cf050fb0,2025-09-05,"BC-Most Active Stocks. td class=""col-issue"">Next Technology Holding Inc.",0.4019
2025-09-05 13:35:29,10 Consumer Discretionary Stocks Whale Activity In Today's Session, ,Benzinga,https://finnhub.io/api/news?id=7e2ddd373d9934dfb6ec3394a70def1451052aa70eda23f6d4cab21ad28404ae,2025-09-05,10 Consumer Discretionary Stocks Whale Activity In Today's Session.  ,0.0
2025-09-05 00:35:18,"Rivian lays off 200 workers, joins GM and VW in EV pullback from tax credit repeal","Rivian, along with the rest of the industry, expects lower EV sales in the fourth quarter because of the repeal of the U.S. tax credit on Sept. 30.",Yahoo,https://finnhub.io/api/news?id=27dd1ac315be9b64fc253ce4618ba5a2c4be9ad685332661ae3711ecc3c950f6,2025-09-05,"Rivian lays off 200 workers, joins GM and VW in EV pullback from tax credit repeal. Rivian, along with the rest of the industry, expects lower EV sales in the fourth quarter because of the repeal of the U.S. tax credit on Sept. 30.",0.4588
2025-09-05 00:03:34,Rivian makes its second small workforce cut of the year ahead of R2 SUV launch,The company previously laid off around 140 workers in its manufacturing division in June.,Yahoo,https://finnhub.io/api/news?id=4ad9c1d2ba1485542a37182e1ecdac0183350acf6cbe6de11e0f28fc9aad7d1d,2025-09-05,Rivian makes its second small workforce cut of the year ahead of R2 SUV launch. The company previously laid off around 140 workers in its manufacturing division in June.,-0.2732
2025-09-04 21:45:41,"Rivian (RIVN) Stock Trades Down, Here Is Why",Shares of electric vehicle manufacturer Rivian (NASDAQ:RIVN) fell 6.5% in the afternoon session after a broader slowdown in the electric vehicle market and significant U.S. regulatory headwinds.,Yahoo,https://finnhub.io/api/news?id=c8557432d854bc6eb59db357b3c793a32178c9056ede138ccd3bbecf6301383e,2025-09-04,"Rivian (RIVN) Stock Trades Down, Here Is Why. Shares of electric vehicle manufacturer Rivian (NASDAQ:RIVN) fell 6.5% in the afternoon session after a broader slowdown in the electric vehicle market and significant U.S. regulatory headwinds.",0.4588
2025-09-04 20:30:32,Rivian Automotive (RIVN) Jumps Ahead of 2 Conferences,"We recently published 10 Stocks Leaving the Market in the Dust. Rivian Automotive, Inc. (NASDAQ:RIVN) is one of the best performers on Wednesday. Rivian Automotive grew its share price by 4.11 percent on Wednesday to finish at $14.44 apiece as investors repositioned portfolios ahead of two conferences that it is slated to attend next week. […]",Yahoo,https://finnhub.io/api/news?id=a85e1ecaefc4a52bb9326cf9d84ab6185a6424c8ea1f769c6a70750ecc3a72e4,2025-09-04,"Rivian Automotive (RIVN) Jumps Ahead of 2 Conferences. We recently published 10 Stocks Leaving the Market in the Dust. Rivian Automotive, Inc. (NASDAQ:RIVN) is one of the best performers on Wednesday. Rivian Automotive grew its share price by 4.11 percent on Wednesday to finish at $14.44 apiece as investors repositioned portfolios ahead of two conferences that it is slated to attend next week. […]",0.7506
2025-09-04 19:31:00,EV Maker Rivian Lays Off Workers as It Preps Launch of Cheaper SUV,The EV maker had been facing pressure as the U.S. market outlook has cooled to electric-only cars and trucks.,Yahoo,https://finnhub.io/api/news?id=7ab72db72159974b1f24c00cccb7338f40eacf4b1a8fcd59702aaf95a579a95a,2025-09-04,EV Maker Rivian Lays Off Workers as It Preps Launch of Cheaper SUV. The EV maker had been facing pressure as the U.S. market outlook has cooled to electric-only cars and trucks.,-0.296
2025-09-04 18:14:15,"Needham Reiterates a Buy Rating on Rivian Automotive (RIVN), Sets a $14 PT","Rivian Automotive, Inc. (NASDAQ:RIVN) is one of the best automotive stocks to buy according to hedge funds. In a report released on August 30, Chris Pierce from Needham reiterated a Buy rating on Rivian Automotive, Inc. (NASDAQ:RIVN) with a price target of $14.00. Rivian Automotive, Inc. (NASDAQ:RIVN) reported its fiscal Q2 2025 results on August […]",Yahoo,https://finnhub.io/api/news?id=af5ced9cfbe44405eae158bbc16dd711b1e628bf15444fb474fb6daa1bd4749e,2025-09-04,"Needham Reiterates a Buy Rating on Rivian Automotive (RIVN), Sets a $14 PT. Rivian Automotive, Inc. (NASDAQ:RIVN) is one of the best automotive stocks to buy according to hedge funds. In a report released on August 30, Chris Pierce from Needham reiterated a Buy rating on Rivian Automotive, Inc. (NASDAQ:RIVN) with a price target of $14.00. Rivian Automotive, Inc. (NASDAQ:RIVN) reported its fiscal Q2 2025 results on August […]",0.6369
2025-09-03 23:05:00,1 Reason Now Is a Great Time to Buy Rivian Stock,2026 will be a transformational year for Rivian.,Yahoo,https://finnhub.io/api/news?id=9912b30d6755fa01021a9133cd0c76dc224cf7b1394e05db5079359b1c4eca88,2025-09-03,1 Reason Now Is a Great Time to Buy Rivian Stock. 2026 will be a transformational year for Rivian.,0.6249
2025-09-03 17:36:41,Why Are Rivian (RIVN) Shares Soaring Today,"Shares of electric vehicle manufacturer Rivian (NASDAQ:RIVN) jumped 7.4% in the afternoon session after the company confirmed the upcoming integration of Apple CarKey support and as analysts anticipate strong demand for its R2 SUV. The Apple CarKey feature will allow owners to use their iPhones and Apple Watches as vehicle keys, enhancing user convenience. This news adds to the positive sentiment surrounding the electric vehicle maker's upcoming R2 SUV, for which analysts foresee strong demand.",Yahoo,https://finnhub.io/api/news?id=d2a05980ae85cd55efc9bc89a302959a7c542e469111800a2b6931634392eb8b,2025-09-03,"Why Are Rivian (RIVN) Shares Soaring Today. Shares of electric vehicle manufacturer Rivian (NASDAQ:RIVN) jumped 7.4% in the afternoon session after the company confirmed the upcoming integration of Apple CarKey support and as analysts anticipate strong demand for its R2 SUV. The Apple CarKey feature will allow owners to use their iPhones and Apple Watches as vehicle keys, enhancing user convenience. This news adds to the positive sentiment surrounding the electric vehicle maker's upcoming R2 SUV",0.9246
2025-09-03 11:49:00,Rivian to Participate in Morgan Stanley’s 13th Annual Laguna Conference,"IRVINE, Calif., September 03, 2025--Rivian Automotive, Inc. (NASDAQ: RIVN) today announced that on Thursday 11th September at 4:50pm PT, Rivian’s founder and CEO, RJ Scaringe, will participate in a fireside chat at Morgan Stanley’s 13th Annual Laguna Conference.",Yahoo,https://finnhub.io/api/news?id=c8e00feff40195a4842be0de716fb2ac14921f19fe3c0244131131ac5ec59681,2025-09-03,"Rivian to Participate in Morgan Stanley’s 13th Annual Laguna Conference. IRVINE, Calif., September 03, 2025--Rivian Automotive, Inc. (NASDAQ: RIVN) today announced that on Thursday 11th September at 4:50pm PT, Rivian’s founder and CEO, RJ Scaringe, will participate in a fireside chat at Morgan Stanley’s 13th Annual Laguna Conference.",0.0
2025-09-03 11:41:00,Rivian to Participate in the Goldman Sachs Communacopia + Technology Conference,"IRVINE, Calif., September 03, 2025--Rivian Automotive, Inc. (NASDAQ: RIVN) has today announced that on Wednesday, September 10, 2025, at 12:25pm PT Rivian’s Founder and CEO, RJ Scaringe will participate in a fireside chat at the 2025 Goldman Sachs Communacopia + Technology Conference.",Yahoo,https://finnhub.io/api/news?id=204759ce12a55e751d254791e5315badfb74d9d6cf10e17a2bb5995afa1c2e6b,2025-09-03,"Rivian to Participate in the Goldman Sachs Communacopia + Technology Conference. IRVINE, Calif., September 03, 2025--Rivian Automotive, Inc. (NASDAQ: RIVN) has today announced that on Wednesday, September 10, 2025, at 12:25pm PT Rivian’s Founder and CEO, RJ Scaringe will participate in a fireside chat at the 2025 Goldman Sachs Communacopia + Technology Conference.",0.0
2025-09-03 06:25:12,Rivian Short Interest Jumps Again,"While Rivian slightly beat Q2 revenue estimates, losses were larger than expected even with gross margin improvements.",SeekingAlpha,https://finnhub.io/api/news?id=7924e9797b3c116117908b54c32cea01b6b8d57d8ad152284e63994edd8ed101,2025-09-03,"Rivian Short Interest Jumps Again. While Rivian slightly beat Q2 revenue estimates, losses were larger than expected even with gross margin improvements.",-0.128
2025-09-02 21:56:16,Why it's 'impossible' for pure EV makers to continue growing,"The federal tax credit for electric vehicle (EV) purchases is expiring on Sept. 30, causing a shift in the EV landscape and putting pressure on EV makers like Tesla (TSLA), Rivian (RIVN), and Lucid (LCID). iSeeCars.com executive analyst Karl Brauer joins Market Catalysts with Julie Hyman to discuss EV demand and what the future looks like for these automakers. To watch more expert insights and analysis on the latest market action, check out more Market Catalysts.",Yahoo,https://finnhub.io/api/news?id=0bc6b3543023e877374bde78b8e336d8d3b64cb81b8f6aa26a83de53ee701102,2025-09-02,"Why it's 'impossible' for pure EV makers to continue growing. The federal tax credit for electric vehicle (EV) purchases is expiring on Sept. 30, causing a shift in the EV landscape and putting pressure on EV makers like Tesla (TSLA), Rivian (RIVN), and Lucid (LCID). iSeeCars.com executive analyst Karl Brauer joins Market Catalysts with Julie Hyman to discuss EV demand and what the future looks like for these automakers. To watch more expert insights and analysis on the latest market action, che",0.6808
2025-09-02 14:30:00,This Stock Could Pay Off Better Than a Lottery Ticket -- If You Hold Long Enough,Stocks like this can turn small sums into sizable wealth.,Yahoo,https://finnhub.io/api/news?id=50dc7ff0e47cf2b4ceb203a9b081ac07c0084db122020a701ca77e151a9328ca,2025-09-02,This Stock Could Pay Off Better Than a Lottery Ticket -- If You Hold Long Enough. Stocks like this can turn small sums into sizable wealth.,0.802
2025-09-01 10:30:00,EV Deals Are Booming Ahead of Tax-Credit Expiration,"DENVER—At a  Kia  dealership here on the city’s south side, a steady stream of shoppers navigate around noisy renovation work in search of electric vehicles with supercheap lease deals.  As of last week, Emich Kia offered to lease the small Niro EV for $40 a month before taxes.  The EV6 lease was being marketed for less than $100 a month, while a $65,000 three-row EV9 could be had for $189 a month before taxes.",Yahoo,https://finnhub.io/api/news?id=a55b7234413bb24ced523935a6740c307c2a39d5d335ac743e7ea9adcf35f9dd,2025-09-01,"EV Deals Are Booming Ahead of Tax-Credit Expiration. DENVER—At a  Kia  dealership here on the city’s south side, a steady stream of shoppers navigate around noisy renovation work in search of electric vehicles with supercheap lease deals.  As of last week, Emich Kia offered to lease the small Niro EV for $40 a month before taxes.  The EV6 lease was being marketed for less than $100 a month, while a $65,000 three-row EV9 could be had for $189 a month before taxes.",-0.8779
2025-09-01 08:31:00,EVs Are Entering Their Model T Moment,"Located at the western edge of Massachusetts, Berkshire County is today, as it has always been, a popular place to spend the summer.  Banded by Williamstown in the north and Sheffield in the south, the region’s farm and conservation lands conjure up a bygone era, even as the appearance of modern cars and trucks on its roads reminds us of the here and now.  Not surprisingly, I’ve noticed firsthand that electric vehicles from  Tesla Ford Rivian  and others have crept their way into the Berkshire c",Yahoo,https://finnhub.io/api/news?id=40a3655446ff6dacef24034364e55b8176e6dc93d4e95dcbcd1815f6c5b80b1c,2025-09-01,"EVs Are Entering Their Model T Moment. Located at the western edge of Massachusetts, Berkshire County is today, as it has always been, a popular place to spend the summer.  Banded by Williamstown in the north and Sheffield in the south, the region’s farm and conservation lands conjure up a bygone era, even as the appearance of modern cars and trucks on its roads reminds us of the here and now.  Not surprisingly, I’ve noticed firsthand that electric vehicles from  Tesla Ford Rivian  and others ha",0.5126
2025-08-29 17:35:05,Rivian Automotive (RIVN) Reports Earnings Improvement in Q2 2025,"Rivian Automotive (RIVN) reported a significant improvement in its financial performance, with increased revenues and reduced net losses for Q2 and the first half of 2025. This positive trajectory appears to have supported its stock price with a 13% gain over the past week. Despite broader market declines, particularly in the technology sector, Rivian's price move was contrary to the tech-heavy Nasdaq Composite's 1.1% decrease. This suggests that while Rivian's earnings report added weight to...",Yahoo,https://finnhub.io/api/news?id=5570bd2e2c96874def274096e4661384ca2e918feae80b55e71d58dc703aedf0,2025-08-29,"Rivian Automotive (RIVN) Reports Earnings Improvement in Q2 2025. Rivian Automotive (RIVN) reported a significant improvement in its financial performance, with increased revenues and reduced net losses for Q2 and the first half of 2025. This positive trajectory appears to have supported its stock price with a 13% gain over the past week. Despite broader market declines, particularly in the technology sector, Rivian's price move was contrary to the tech-heavy Nasdaq Composite's 1.1% decrease. Th",0.9446
2025-08-29 15:47:01,Henrik Fisker quietly wound down his nonprofit after his EV startup went bankrupt,The brief existence of the Fiskers' foundation is another example of how the boom of electric vehicle startups in the 2020s helped fuel a rush of wide-eyed optimism.,Yahoo,https://finnhub.io/api/news?id=8ca2c3368f2709ef0f02970deb3947bcc4fd2f54d74510f27d7c98e41654fb4f,2025-08-29,Henrik Fisker quietly wound down his nonprofit after his EV startup went bankrupt. The brief existence of the Fiskers' foundation is another example of how the boom of electric vehicle startups in the 2020s helped fuel a rush of wide-eyed optimism.,-0.0258
2025-08-29 15:40:18,A comprehensive list of 2025 tech layoffs,"A complete list of all the known layoffs in tech, from Big Tech to startups, broken down by month throughout 2024.",Yahoo,https://finnhub.io/api/news?id=5aef7fa665de98c714590d9ed6c0a595d1921347d307993e873bfb10d23b0597,2025-08-29,"A comprehensive list of 2025 tech layoffs. A complete list of all the known layoffs in tech, from Big Tech to startups, broken down by month throughout 2024.",-0.2732
2025-08-29 11:29:34,Cantor Fitzgerald Keeps a Neutral Rating on Rivian (RIVN) Heading into Earnings Week,"Rivian Automotive, Inc. (NASDAQ:RIVN) is one of the best meme stocks. On August 4, Cantor Fitzgerald maintained a Neutral rating on RIVN as the EV manufacturer prepares to report Q2 earnings. Rivian delivered 10,661 vehicles in Q2 2025, almost the same as analysts’ forecast of 10,670 units, but less than the 13,790 it delivered in […]",Yahoo,https://finnhub.io/api/news?id=cf4568d5c56910537505a05da34e64f9ea0878af7e41c25ef0850860569ced63,2025-08-29,"Cantor Fitzgerald Keeps a Neutral Rating on Rivian (RIVN) Heading into Earnings Week. Rivian Automotive, Inc. (NASDAQ:RIVN) is one of the best meme stocks. On August 4, Cantor Fitzgerald maintained a Neutral rating on RIVN as the EV manufacturer prepares to report Q2 earnings. Rivian delivered 10,661 vehicles in Q2 2025, almost the same as analysts’ forecast of 10,670 units, but less than the 13,790 it delivered in […]",0.3818
2025-08-29 10:17:35,Rivian Automotive (RIVN) Is Up 12.5% After Volkswagen Investment and R2 SUV Demand Strength,"Rivian Automotive recently reported second-quarter revenues that exceeded expectations and announced an expanded partnership with Volkswagen, featuring a US$1 billion equity investment and plans to integrate Rivian’s technology into Volkswagen models by 2027. The launch of Rivian’s more affordable R2 mid-size SUV has gained attention due to strong consumer demand signals, highlighting the company’s growth potential even as broader industry shifts raise questions for electric vehicle...",Yahoo,https://finnhub.io/api/news?id=caeae7d5ae7fde24af586f46f8f0881c556fceba33a323dc45fd586e17c02cd6,2025-08-29,"Rivian Automotive (RIVN) Is Up 12.5% After Volkswagen Investment and R2 SUV Demand Strength. Rivian Automotive recently reported second-quarter revenues that exceeded expectations and announced an expanded partnership with Volkswagen, featuring a US$1 billion equity investment and plans to integrate Rivian’s technology into Volkswagen models by 2027. The launch of Rivian’s more affordable R2 mid-size SUV has gained attention due to strong consumer demand signals, highlighting the company’s growt",0.7964
2025-08-28 18:36:00,Tesla Stock Could Be Headed for a Breakout Despite Weak Europe Sales,"Tesla  has once again attracted significant attention—and not in a good way—when the most recent data showed sales dropping by 40% in July.  Going back to Friday, Tesla stock gained 6% amid a broad-market rally and then rose 2% on Monday, even though the  S&P 500 fell 0.4%.  With the stock down 1.6% at $344.05, Tesla still has some work to do.",Yahoo,https://finnhub.io/api/news?id=57ec20ce35c63570fa595a64175c917a93bf60854f9c96a4bae3910d1dbf92f7,2025-08-28,"Tesla Stock Could Be Headed for a Breakout Despite Weak Europe Sales. Tesla  has once again attracted significant attention—and not in a good way—when the most recent data showed sales dropping by 40% in July.  Going back to Friday, Tesla stock gained 6% amid a broad-market rally and then rose 2% on Monday, even though the  S&P 500 fell 0.4%.  With the stock down 1.6% at $344.05, Tesla still has some work to do.",0.7351
2025-08-28 13:39:17,"1 Reason to Be Very, Very Excited About Rivian Stock Right Now",Competition in the EV space should be much lower in the years to come.,Yahoo,https://finnhub.io/api/news?id=5da2c77c11406766c5aed47749197b59788b627c213ce76cbf3af4f617bc375d,2025-08-28,"1 Reason to Be Very, Very Excited About Rivian Stock Right Now. Competition in the EV space should be much lower in the years to come.",0.1953
2025-08-28 11:25:00,1 Incredible Reason to Buy Rivian Stock Before Nov. 11,This could be one of the most important quarters in Rivian's history.,Yahoo,https://finnhub.io/api/news?id=868fadcc75ff967e138c8ae9818333c3afe47d774852dd0308c9405f867460ae,2025-08-28,1 Incredible Reason to Buy Rivian Stock Before Nov. 11. This could be one of the most important quarters in Rivian's history.,0.2716
2025-08-28 04:00:06,‘Full of bugs’: how the world’s biggest carmakers fell behind in software,"A decade ago, when Toyota began hiring dozens of experts from Google and other tech giants to pivot its development efforts from hardware into...",Yahoo,https://finnhub.io/api/news?id=c1ee48dd95a9add5c904596c01852c2f68e122838d778a8d444673d1e1174816,2025-08-28,"‘Full of bugs’: how the world’s biggest carmakers fell behind in software. A decade ago, when Toyota began hiring dozens of experts from Google and other tech giants to pivot its development efforts from hardware into...",0.0
2025-08-27 19:07:36,Rivian (RIVN) Price Target Reaffirmed — Here’s What Analysts See,"Rivian Automotive, Inc. (NASDAQ:RIVN) is one of the AI Stocks Analysts Say You Shouldn’t Ignore. On August 25, Needham analyst Chris Pierce reiterated a Buy rating on the stock with a $14.00 price target. The rating affirmation comes ahead of the company’s R2 launch supported by end-market diligence and a consumer survey. According to the firm, […]",Yahoo,https://finnhub.io/api/news?id=1792c8e6dba7b59d04c76be36b3452618f5f16f2650ac947fcf0dbd918d8243d,2025-08-27,"Rivian (RIVN) Price Target Reaffirmed — Here’s What Analysts See. Rivian Automotive, Inc. (NASDAQ:RIVN) is one of the AI Stocks Analysts Say You Shouldn’t Ignore. On August 25, Needham analyst Chris Pierce reiterated a Buy rating on the stock with a $14.00 price target. The rating affirmation comes ahead of the company’s R2 launch supported by end-market diligence and a consumer survey. According to the firm, […]",-0.0516
2025-08-27 19:00:00,Why Cracker Barrel is on its way to meme stock status,"Retail traders and meme stocks have played a significant role in recent market rallies this year. S3 Partners head of predictive analytics, Ihor Dusaniwsky, explains how most meme stocks are what he refers to as ""battleground stocks."" The analyst also discusses how Cracker Barrel (CBRL) is on its way to becoming a meme stock, given recent volatility fueled by its now-rescinded logo change. To watch more expert insights and analysis on the latest market action, check out more Market Catalysts.",Yahoo,https://finnhub.io/api/news?id=a8944e4463a3244ffc7bccf96e0621d265b13861bebac2ca42fd8786cd408aa8,2025-08-27,"Why Cracker Barrel is on its way to meme stock status. Retail traders and meme stocks have played a significant role in recent market rallies this year. S3 Partners head of predictive analytics, Ihor Dusaniwsky, explains how most meme stocks are what he refers to as ""battleground stocks."" The analyst also discusses how Cracker Barrel (CBRL) is on its way to becoming a meme stock, given recent volatility fueled by its now-rescinded logo change. To watch more expert insights and analysis on the la",0.128
2025-08-27 14:37:00,Lucid vs. Rivian: Which EV Stock Holds the Upper Hand After Q2?,"LCID's rising deliveries, Gravity momentum and Uber deal give it an edge over RIVN's slowing volumes and expected widening losses.",Yahoo,https://finnhub.io/api/news?id=dbcf21a0fce8dece3c734d73bc8ded31d5e98e296d1e4a7dce7e4f9cb35a9cb4,2025-08-27,"Lucid vs. Rivian: Which EV Stock Holds the Upper Hand After Q2?. LCID's rising deliveries, Gravity momentum and Uber deal give it an edge over RIVN's slowing volumes and expected widening losses.",0.128
2025-08-27 08:46:00,Rivian vs. Lucid: Which EV Stock Is Winning in 2025?,Rivian and Lucid are facing an uphill battle as the EV industry comes under pressure from rising costs and receding government incentives. But Rivian could come out ahead of Lucid if it stays the course.,Yahoo,https://finnhub.io/api/news?id=ccecc87863d11aed6039054017532bc39425782ba2c03b528092fe1f5398cb26,2025-08-27,Rivian vs. Lucid: Which EV Stock Is Winning in 2025?. Rivian and Lucid are facing an uphill battle as the EV industry comes under pressure from rising costs and receding government incentives. But Rivian could come out ahead of Lucid if it stays the course.,0.1154
2025-08-26 16:31:28,"Stellantis paid $190.6 million in US fuel economy penalties this year, agency says","The National Highway Traffic Safety Administration said in an annual report that Stellantis paid $112.3 million in June and $78.3 million in March in payments for shortfalls from the 2019 and 2020 model years.  In total, Stellantis has paid $773.5 million since 2018.  Last month, NHTSA told automakers they face no fines for failures to meet fuel efficiency rules dating back to the 2022 model year under a law signed by President Donald Trump.",Yahoo,https://finnhub.io/api/news?id=f2f49e8df1cc06fb2b4a0626863c18e19752525e717f6282d08094322c98b8cf,2025-08-26,"Stellantis paid $190.6 million in US fuel economy penalties this year, agency says. The National Highway Traffic Safety Administration said in an annual report that Stellantis paid $112.3 million in June and $78.3 million in March in payments for shortfalls from the 2019 and 2020 model years.  In total, Stellantis has paid $773.5 million since 2018.  Last month, NHTSA told automakers they face no fines for failures to meet fuel efficiency rules dating back to the 2022 model year under a law sign",0.0258
2025-08-26 16:20:00,More Volatility Ahead In This AI Bull Market,"Gary Vaughan from Daily Stock PicksÂ on buying the dip, crypto long-term and why bonds might now be a once in a lifetime buy.",SeekingAlpha,https://finnhub.io/api/news?id=02e88f1c840a10605837aa875c0e48f3a5667a8415226907fb48b5338249b884,2025-08-26,"More Volatility Ahead In This AI Bull Market. Gary Vaughan from Daily Stock PicksÂ on buying the dip, crypto long-term and why bonds might now be a once in a lifetime buy.",0.0
2025-08-26 08:38:00,Rivian readies for next evolution with R2 launch,"With lessons learned from its first generation vehicles, the EV maker is banking on scale to reduce costs and drive profits.",Yahoo,https://finnhub.io/api/news?id=1ec0a79bbfd9fb92aee9d8b3a572b85d7acf0acd03197e6f038e82086dfd26dc,2025-08-26,"Rivian readies for next evolution with R2 launch. With lessons learned from its first generation vehicles, the EV maker is banking on scale to reduce costs and drive profits.",0.4404
2025-08-25 20:14:19,EV tax credit: Buyers get some extra wiggle room,"Want to buy an electric vehicle before the tax credit expires? New IRS guidance may give buyers a little extra breathing room to make the purchase. Yahoo Finance Senior Autos Reporter Pras Subramanian explains in the video above. To watch more expert insights and analysis on the latest market action, check out more Market Domination.",Yahoo,https://finnhub.io/api/news?id=d0f91a8b0d8dd071ff45df455e1c65372ad328d448f4ec4c6ca46cc9ff7ec5a2,2025-08-25,"EV tax credit: Buyers get some extra wiggle room. Want to buy an electric vehicle before the tax credit expires? New IRS guidance may give buyers a little extra breathing room to make the purchase. Yahoo Finance Senior Autos Reporter Pras Subramanian explains in the video above. To watch more expert insights and analysis on the latest market action, check out more Market Domination.",0.6151
2025-08-25 17:40:47,"Rivian's Affordable R2 May Unlock Massive Market Potential, Analyst Says","Rivian Automotive’s (NASDAQ:RIVN) upcoming R2 SUV could drive significant growth, with Needham analyst Chris Pierce projecting strong demand and a larger market reach. Pierce said Rivian’s $50,000 R2, supported by high brand awareness and positive consumer sentiment, is well-placed to beat modest 2026 estimates. He reiterated Rivian with a Buy and a $14 price forecast. Pierce said Rivian is well-positioned to capture market share with the upcoming R2 mid-size SUV, projecting significant growth p",Yahoo,https://finnhub.io/api/news?id=412135d0b482174c45ed3360cccc4858d303828a25f5e4cb11a8a612ba6e5e9f,2025-08-25,"Rivian's Affordable R2 May Unlock Massive Market Potential, Analyst Says. Rivian Automotive’s (NASDAQ:RIVN) upcoming R2 SUV could drive significant growth, with Needham analyst Chris Pierce projecting strong demand and a larger market reach. Pierce said Rivian’s $50,000 R2, supported by high brand awareness and positive consumer sentiment, is well-placed to beat modest 2026 estimates. He reiterated Rivian with a Buy and a $14 price forecast. Pierce said Rivian is well-positioned to capture marke",0.9042
2025-08-25 16:17:59,"Tesla, GM, Ford EV buyers get extra breathing room ahead of tax credit expiration","Prospective buyers of EVs from Tesla, GM, Ford, and others have a little extra time to complete an EV purchase as the Sept. 30 deadline approaches.",Yahoo,https://finnhub.io/api/news?id=8950546b8d236ac39cadab6300cfe5cbfaaab6bf2e0d41ea563751b57691139a,2025-08-25,"Tesla, GM, Ford EV buyers get extra breathing room ahead of tax credit expiration. Prospective buyers of EVs from Tesla, GM, Ford, and others have a little extra time to complete an EV purchase as the Sept. 30 deadline approaches.",0.3818
2025-08-25 11:15:00,Is Rivian Stock a Buy Now?,"Rivian provided a negative revision to its 2025 guidance, but the underlying business remains on track.",Yahoo,https://finnhub.io/api/news?id=01c0d7c8d71143f83ebd646ec4d8e9af5512d7ecb150ba9a1845a3f835c685c4,2025-08-25,"Is Rivian Stock a Buy Now?. Rivian provided a negative revision to its 2025 guidance, but the underlying business remains on track.",-0.3291
2025-08-24 09:15:00,Prediction: Rivian Sales Will Soar 300%-Plus Over the Next 3 Years If This Happens,2026 will be a transformational year for Rivian's sales growth.,Yahoo,https://finnhub.io/api/news?id=4b00ea7ce9957a04bbd5999b2399bcf265d8e3d0af0c543774c7515e50ff2212,2025-08-24,Prediction: Rivian Sales Will Soar 300%-Plus Over the Next 3 Years If This Happens. 2026 will be a transformational year for Rivian's sales growth.,0.3818
2025-08-23 16:05:00,Better EV Stock: Rivian vs. Tesla,"Tesla has been the EV market leader, but Rivian has a big opportunity with the R2.",Yahoo,https://finnhub.io/api/news?id=04cc6bb357dd406ca9e41c3123cef8def8b943648b87bcf15ba3b546feeb641f,2025-08-23,"Better EV Stock: Rivian vs. Tesla. Tesla has been the EV market leader, but Rivian has a big opportunity with the R2.",0.6858
2025-08-23 14:33:28,Think Lucid Group Stock Is Expensive? This 1 Prediction Might Change Your Mind.,Lucid Group is targeting a $10 trillion opportunity.,Yahoo,https://finnhub.io/api/news?id=770c3d50100d8c2498222106be6b6472e14016da9a06b9cefcad0597f0223181,2025-08-23,Think Lucid Group Stock Is Expensive? This 1 Prediction Might Change Your Mind.. Lucid Group is targeting a $10 trillion opportunity.,0.4215
2025-08-23 07:12:00,Rivian Shares Sink on Cautious Outlook. Is This a Buying Opportunity or Should Investors Run for the Hills?,The R2 remains the key for the EV maker.,Yahoo,https://finnhub.io/api/news?id=0e79681f78d47fd2fde319d2ebb1332f799ba98fb082cf90c2abd6286ac26ba9,2025-08-23,Rivian Shares Sink on Cautious Outlook. Is This a Buying Opportunity or Should Investors Run for the Hills?. The R2 remains the key for the EV maker.,0.5574
2025-08-23 01:00:00,I Drove an EV Deep Into the Wilderness. I Never Feared Running Out of Juice.,Charging deserts are going away. It’s now possible to embark on a Great American Road Trip in an electric vehicle.,Yahoo,https://finnhub.io/api/news?id=0a1d3456edcc0190815f7657482ab7e08f8f250760d3b54b24906086c4981978,2025-08-23,I Drove an EV Deep Into the Wilderness. I Never Feared Running Out of Juice.. Charging deserts are going away. It’s now possible to embark on a Great American Road Trip in an electric vehicle.,0.7736
2025-08-22 19:31:12,"Rivian (RIVN) Shares Skyrocket, What You Need To Know","Shares of electric vehicle manufacturer Rivian (NASDAQ:RIVN) jumped 6.6% in the afternoon session after a broad market rally fueled by hopes for potential interest rate cuts. The positive sentiment swept through Wall Street, with the S&P 500 and Dow Jones Industrial Average soaring after the head of the U.S. Federal Reserve hinted that rate cuts may be on the way. This news often benefits growth-oriented companies like Rivian, which are sensitive to interest rate changes. Lower rates can reduce",Yahoo,https://finnhub.io/api/news?id=c9f54dcc59a143e197724c601648c4d01c07fbb82f65db1d298b3a26a4e67a05,2025-08-22,"Rivian (RIVN) Shares Skyrocket, What You Need To Know. Shares of electric vehicle manufacturer Rivian (NASDAQ:RIVN) jumped 6.6% in the afternoon session after a broad market rally fueled by hopes for potential interest rate cuts. The positive sentiment swept through Wall Street, with the S&P 500 and Dow Jones Industrial Average soaring after the head of the U.S. Federal Reserve hinted that rate cuts may be on the way. This news often benefits growth-oriented companies like Rivian, which are sens",0.926
2025-08-22 15:34:49,"Top Stock Movers Now: Enphase Energy, Zoom, Intuit, and More",U.S. equities took off at midday as Fed Chair Jerome Powell indicated interest-rate cuts may be appropriate now.,Yahoo,https://finnhub.io/api/news?id=53feea184e777e75b5daf27a8d1c6877901689eeaa6ffb9aa9e13327c917a616,2025-08-22,"Top Stock Movers Now: Enphase Energy, Zoom, Intuit, and More. U.S. equities took off at midday as Fed Chair Jerome Powell indicated interest-rate cuts may be appropriate now.",0.1779
2025-08-22 13:00:05,"Investors Heavily Search Rivian Automotive, Inc. (RIVN): Here is What You Need to Know","Zacks.com users have recently been watching Rivian Automotive (RIVN) quite a bit. Thus, it is worth knowing the facts that could determine the stock's prospects.",Yahoo,https://finnhub.io/api/news?id=ded4c567faad8eab9127c491f48e2bf36c482aaeee2d9e996eb8a8013407c957,2025-08-22,"Investors Heavily Search Rivian Automotive, Inc. (RIVN): Here is What You Need to Know. Zacks.com users have recently been watching Rivian Automotive (RIVN) quite a bit. Thus, it is worth knowing the facts that could determine the stock's prospects.",0.4767
2025-08-21 18:41:13,"As Zero-Emission Credit Revenue Dries Up, What Does That Mean for Tesla Stock?","As Tesla loses its regulatory credit revenue stream, the company now faces growing pressure to sustain profitability through core operations amid cooling EV demand and intensifying competition.",Yahoo,https://finnhub.io/api/news?id=d2f81ce3865c8a87819e28d53e33cbffd483e4a39fdd76602a2e28c02a11fad1,2025-08-21,"As Zero-Emission Credit Revenue Dries Up, What Does That Mean for Tesla Stock?. As Tesla loses its regulatory credit revenue stream, the company now faces growing pressure to sustain profitability through core operations amid cooling EV demand and intensifying competition.",0.4588
2025-08-21 15:16:00,Will the Gravity X Give Lucid an Edge Over Its Competitors?,"LCID's Gravity X concept blends rugged off-road design with luxury EV flair, signaling a bold push into adventure-ready electric SUVs.",Yahoo,https://finnhub.io/api/news?id=aec8fe9aace3e0f33508ea0203ed66c397ec507aa7024d05b69dfe36e270f8ba,2025-08-21,"Will the Gravity X Give Lucid an Edge Over Its Competitors?. LCID's Gravity X concept blends rugged off-road design with luxury EV flair, signaling a bold push into adventure-ready electric SUVs.",0.3818
2025-08-21 10:14:11,Is Now the Right Moment to Reassess Rivian After $100M Revenue Setback?,"Deciding what to do with Rivian Automotive stock these days can feel a bit like driving one of its electric trucks at night, navigating through rapid twists and turns. If you have been following the ticker, you have likely noticed its share price has been on a bumpy ride lately, down about 12% in the last month and off a staggering 24% over the last three months. This rollercoaster is not happening in a vacuum. In the past few weeks alone, Rivian lost out on $100 million in expected revenue...",Yahoo,https://finnhub.io/api/news?id=544273d20a2f60dcd2202eac9a96ada2a193300dd075425509066c66c6cff086,2025-08-21,"Is Now the Right Moment to Reassess Rivian After $100M Revenue Setback?. Deciding what to do with Rivian Automotive stock these days can feel a bit like driving one of its electric trucks at night, navigating through rapid twists and turns. If you have been following the ticker, you have likely noticed its share price has been on a bumpy ride lately, down about 12% in the last month and off a staggering 24% over the last three months. This rollercoaster is not happening in a vacuum. In the past ",0.5719
2025-08-20 17:21:30,Rivian: Starting To Look Like Lucid 2.0,Discover why Rivian may be better as a trading opportunity than a long-term investment.,SeekingAlpha,https://finnhub.io/api/news?id=ffedba0133cc4a8e6c6e4f90e5a7f6faab1c400dc41b7bbdfff1100f62a90cd4,2025-08-20,Rivian: Starting To Look Like Lucid 2.0. Discover why Rivian may be better as a trading opportunity than a long-term investment.,0.802
2025-08-20 14:43:00,Think It's Too Late to Buy Rivian? Here's the No. 1 Reason Why There's Still Time.,Rivian stock still trades at a discount to the competition.,Yahoo,https://finnhub.io/api/news?id=80b2751e9945959f4f6934b037742b0cf9298d886fd8a9bdbabdd309be9a5a44,2025-08-20,Think It's Too Late to Buy Rivian? Here's the No. 1 Reason Why There's Still Time.. Rivian stock still trades at a discount to the competition.,0.0
2025-08-20 12:42:00,Silent Thunder 2025: Gas vs. Electric Motorsports Showdown Comes to Atlanta,"Silent Thunder Events is bringing the ultimate Gas vs. Electric motorsports battle to Caffeine & Octane's Lanier Raceway for an all-day spectacle of speed, competition, and family fun.",Yahoo,https://finnhub.io/api/news?id=67adf4823ab5c2dd9edf060ab9251f6587b4a28363dc24111f37bc9d5f189712,2025-08-20,"Silent Thunder 2025: Gas vs. Electric Motorsports Showdown Comes to Atlanta. Silent Thunder Events is bringing the ultimate Gas vs. Electric motorsports battle to Caffeine & Octane's Lanier Raceway for an all-day spectacle of speed, competition, and family fun.",0.1779
2025-08-19 23:06:42,Rivian (RIVN) Stock Backed by $18 Target After Investor Call,"Rivian Automotive, Inc. (NASDAQ:RIVN) is one of the AI Stocks In The Spotlight For Investors. On August 14, Benchmark analyst Mickey Legg reiterated a Buy rating on the stock with a $18.00 price target. The affirmation follows an investor call with the company’s VP of Finance, Derek Mulvey. The firm came away optimistic about Rivian’s growth […]",Yahoo,https://finnhub.io/api/news?id=9d55fac98fdb904847092f773a9e72dbcadf7799ce2fd5f504e086f19e6cb0d2,2025-08-19,"Rivian (RIVN) Stock Backed by $18 Target After Investor Call. Rivian Automotive, Inc. (NASDAQ:RIVN) is one of the AI Stocks In The Spotlight For Investors. On August 14, Benchmark analyst Mickey Legg reiterated a Buy rating on the stock with a $18.00 price target. The affirmation follows an investor call with the company’s VP of Finance, Derek Mulvey. The firm came away optimistic about Rivian’s growth […]",0.6124
2025-08-19 15:06:00,Rivian moving forward on $5B Georgia EV plant,The battery electric vehicle maker will host two events next month to mark the restart of construction in 2026.,Yahoo,https://finnhub.io/api/news?id=dae415d634a4bfb707adfe0a05f95641715a32ef25903431bb5c31681b4b5b48,2025-08-19,Rivian moving forward on $5B Georgia EV plant. The battery electric vehicle maker will host two events next month to mark the restart of construction in 2026.,0.0
2025-08-19 10:13:12,Databricks eyes over $100 billion valuation as investors back AI growth plans,"The San Francisco, California-based company — with 15,000 customers, including payments firm Block, energy giant Shell and electric-vehicle maker Rivian — said it has signed a term sheet for a Series K round, but did not disclose the amount it was raising.  Late last year, Databricks had raised $10 billion in one of the largest venture capital funding rounds in history, which valued it at $62 billion.",Yahoo,https://finnhub.io/api/news?id=2c5f8e38f92c07b7d44894f6050c5ecd54641f57390b3de8873bd0b53ee60713,2025-08-19,"Databricks eyes over $100 billion valuation as investors back AI growth plans. The San Francisco, California-based company — with 15,000 customers, including payments firm Block, energy giant Shell and electric-vehicle maker Rivian — said it has signed a term sheet for a Series K round, but did not disclose the amount it was raising.  Late last year, Databricks had raised $10 billion in one of the largest venture capital funding rounds in history, which valued it at $62 billion.",0.6428
2025-08-19 04:01:50,D.A. Davidson Maintains a Hold on Rivian Automotive (RIVN),"Rivian Automotive, Inc. (NASDAQ:RIVN) is one of the most buzzing stocks to invest in right now. In a report released on August 8, Michael Shlisky from D.A. Davidson maintained a Hold rating on Rivian Automotive, Inc. (NASDAQ:RIVN), setting a price target of $13.00. Rivian Automotive, Inc. (NASDAQ:RIVN) announced its fiscal Q2 2025 results on August […]",Yahoo,https://finnhub.io/api/news?id=68461ece1f68418efe23f82b64e52c41286a3a542781b651317fe52898abbba4,2025-08-19,"D.A. Davidson Maintains a Hold on Rivian Automotive (RIVN). Rivian Automotive, Inc. (NASDAQ:RIVN) is one of the most buzzing stocks to invest in right now. In a report released on August 8, Michael Shlisky from D.A. Davidson maintained a Hold rating on Rivian Automotive, Inc. (NASDAQ:RIVN), setting a price target of $13.00. Rivian Automotive, Inc. (NASDAQ:RIVN) announced its fiscal Q2 2025 results on August […]",0.0
2025-08-18 19:43:53,EV Pickups Are a Bust for US Carmakers,"It's not just Tesla struggling to sell its Cybertruck. Ford, General Motors and Rivian have had a hard time convincing US customers to buy electric pick-up trucks. Bloomberg's Detroit Bureau Chief David Welch explains why.",Yahoo,https://finnhub.io/api/news?id=df5fac0dd961f96e307185cf967b50b1c609db33649a713c3bb1aa99801b4615,2025-08-18,"EV Pickups Are a Bust for US Carmakers. It's not just Tesla struggling to sell its Cybertruck. Ford, General Motors and Rivian have had a hard time convincing US customers to buy electric pick-up trucks. Bloomberg's Detroit Bureau Chief David Welch explains why.",0.5621
2025-08-18 17:28:09,Tesla Stock Recharges – Flashing These Three Telltale Clues,"Joining fellow Magnificent Seven member Nvidia on the IBD Leaderboard, Tesla stock looks to energize a new breakout.",Yahoo,https://finnhub.io/api/news?id=a76e09a5cf418c07fc4d12d52744bb83ea142c8edee351fbca1112e2820eeb4d,2025-08-18,"Tesla Stock Recharges – Flashing These Three Telltale Clues. Joining fellow Magnificent Seven member Nvidia on the IBD Leaderboard, Tesla stock looks to energize a new breakout.",0.7906
2025-08-18 15:22:00,"Lucid Stock Plunges 22.7% in a Month: Should You Buy, Sell or Hold?","LCID shares decline 22.7% in a month despite record deliveries and a new Uber robotaxi deal, raising tough questions for investors.",Yahoo,https://finnhub.io/api/news?id=2203b2c5e330967a69bb822e943382f43050ce54e08e6b5143441e4f02f59ba9,2025-08-18,"Lucid Stock Plunges 22.7% in a Month: Should You Buy, Sell or Hold?. LCID shares decline 22.7% in a month despite record deliveries and a new Uber robotaxi deal, raising tough questions for investors.",0.1779
2025-08-17 10:39:14,Rivian's High-Growth Start-Up Headwinds Priced In - Maintain Buy,"Rivian trades sideways amid macro headwinds and margin pressure, but long-term growth from R2 and strong backing support future upside. See why RIVN stock is a buy.",SeekingAlpha,https://finnhub.io/api/news?id=108cd84cc9d467bf0f3dc5c521233fc8403431a40894424b4cd2f16be9bb5f62,2025-08-17,"Rivian's High-Growth Start-Up Headwinds Priced In - Maintain Buy. Rivian trades sideways amid macro headwinds and margin pressure, but long-term growth from R2 and strong backing support future upside. See why RIVN stock is a buy.",0.899
2025-08-15 23:29:55,Rivian (RIVN) Price Target Cut to $12 on EV Demand Concerns,"Rivian Automotive, Inc. (NASDAQ:RIVN) is one of the AI Stocks Investors Are Watching Closely. On August 12, Morgan Stanley analyst Adam Jonas lowered the price target on the stock to $12.00 (from $13.00) while maintaining an Equal Weight rating. The price target cut comes amid concerns about the upcoming R2 vehicle launch amidst challenging demand conditions […]",Yahoo,https://finnhub.io/api/news?id=f52d2a7871348c70aa28d08a8c62cc33bb4160b7879d90b5a89b59aee9316b74,2025-08-15,"Rivian (RIVN) Price Target Cut to $12 on EV Demand Concerns. Rivian Automotive, Inc. (NASDAQ:RIVN) is one of the AI Stocks Investors Are Watching Closely. On August 12, Morgan Stanley analyst Adam Jonas lowered the price target on the stock to $12.00 (from $13.00) while maintaining an Equal Weight rating. The price target cut comes amid concerns about the upcoming R2 vehicle launch amidst challenging demand conditions […]",-0.6249
2025-08-15 20:16:00,Tesla Stock Drops. This Sales Stream Is Drying Up.,"EV makers are struggling to get paperwork to finalize zero-emission credit sales, The Wall Street Journal says.",Yahoo,https://finnhub.io/api/news?id=db9602129ac584ad0d9589cf2c9c4bcee91abf5e7814743cf462276ce9c8fa90,2025-08-15,"Tesla Stock Drops. This Sales Stream Is Drying Up.. EV makers are struggling to get paperwork to finalize zero-emission credit sales, The Wall Street Journal says.",-0.0516
2025-08-15 18:46:00,Update: Market Chatter: Rivian Flags $100 Million Revenue Hole After Trump Eases Fuel Economy Rules,(Updates with NHTSA's comment and Rivian's petition in the last three paragraphs.) Rivian Automo,Yahoo,https://finnhub.io/api/news?id=ea7f457a67efe732c55528ba85fc44e908c40938be3e89a5527ea0f9b027faf2,2025-08-15,Update: Market Chatter: Rivian Flags $100 Million Revenue Hole After Trump Eases Fuel Economy Rules. (Updates with NHTSA's comment and Rivian's petition in the last three paragraphs.) Rivian Automo,0.3182
2025-08-15 17:17:53,"Intel & Trump, Opendoor CEO resigns, EV makers & EV tax credits","Yahoo Finance's John Hyland tracks Friday's top moving stocks and biggest market stories in this Market Minute. Intel (INTC) stock is climbing following reports that the US government may take a stake in the company. Opendoor (OPEN) CEO Carrie Wheeler has stepped down, effective immediately. Electric vehicle (EV) makers, like Tesla (TSLA) and Rivian (RIVN), are in focus as the US officially ends EV tax credits. Rivian is reportedly facing a $100 million loss, according to the Wall Street Journal",Yahoo,https://finnhub.io/api/news?id=163d93540226d15b0719c966ebd1812a637817a226880325177e8fcda363357d,2025-08-15,"Intel & Trump, Opendoor CEO resigns, EV makers & EV tax credits. Yahoo Finance's John Hyland tracks Friday's top moving stocks and biggest market stories in this Market Minute. Intel (INTC) stock is climbing following reports that the US government may take a stake in the company. Opendoor (OPEN) CEO Carrie Wheeler has stepped down, effective immediately. Electric vehicle (EV) makers, like Tesla (TSLA) and Rivian (RIVN), are in focus as the US officially ends EV tax credits. Rivian is reportedly",0.8442
2025-08-15 16:06:00,Where Will Rivian Be in 5 Years?,Investors will have to be patient.,Yahoo,https://finnhub.io/api/news?id=ba1cf637d30ba20cfa522456ed07eeab17ca0a0fb773aa64255fdb51b5aceeb4,2025-08-15,Where Will Rivian Be in 5 Years?. Investors will have to be patient.,0.0
2025-08-15 14:00:02,How Trump's Rollback of Fuel-Economy Rules Is Stalling EV Makers,$100 million That's the revenue hole that Rivian says it's facing since the rollback of fuel-economy standards in the U.S. The electric-truck maker and its rivals have generated hundreds of millions of dollars in revenue selling credits tied to the standards.,Yahoo,https://finnhub.io/api/news?id=18a4a8988059a1af36696a5b81b7ee7223a5f0e69fd5f40524eea2deef8f6c0b,2025-08-15,How Trump's Rollback of Fuel-Economy Rules Is Stalling EV Makers. $100 million That's the revenue hole that Rivian says it's facing since the rollback of fuel-economy standards in the U.S. The electric-truck maker and its rivals have generated hundreds of millions of dollars in revenue selling credits tied to the standards.,0.1779
2025-08-15 12:21:50,"Stocks to Watch Friday: UnitedHealth, Intel, Apple","↗️ UnitedHealth (UNH): Warren Buffett’s Berkshire Hathaway (BRK.B) sold shares in Apple (AAPL) last quarter, while adding UnitedHealth to its portfolio. Shares in the embattled health insurer surged 10% in off-hours trading.",Yahoo,https://finnhub.io/api/news?id=d84653c0dc1e40f3d3728451d5bc0dc920f3c4e8179770cd6167fa1bcf958d7c,2025-08-15,"Stocks to Watch Friday: UnitedHealth, Intel, Apple. ↗️ UnitedHealth (UNH): Warren Buffett’s Berkshire Hathaway (BRK.B) sold shares in Apple (AAPL) last quarter, while adding UnitedHealth to its portfolio. Shares in the embattled health insurer surged 10% in off-hours trading.",0.5267
2025-08-15 13:30:00,"Rivian's Q2 Earnings Miss Expectations, Revenues Rise Y/Y","RIVN's Q2 loss misses forecasts despite revenue gains from booming software and services, as the 2025 EBITDA loss outlook widens.",Yahoo,https://finnhub.io/api/news?id=9062ea5fdab2d95f8b2ba08a64bfaf0d91c24dab7bf41ae8de11be19a03fdf17,2025-08-15,"Rivian's Q2 Earnings Miss Expectations, Revenues Rise Y/Y. RIVN's Q2 loss misses forecasts despite revenue gains from booming software and services, as the 2025 EBITDA loss outlook widens.",-0.7984
2025-08-15 11:40:00,Tesla Stock Rises. This Sales Stream Is Drying Up.,"EV makers are struggling to get paperwork to finalize zero-emission credit sales, The Wall Street Journal says.",Yahoo,https://finnhub.io/api/news?id=7b95124e69c0e658bfb4727c171d8c9c784fb5cfd5c46178de8b25fe755cf087,2025-08-15,"Tesla Stock Rises. This Sales Stream Is Drying Up.. EV makers are struggling to get paperwork to finalize zero-emission credit sales, The Wall Street Journal says.",-0.0516
2025-08-15 08:06:10,Rivian warns of $100 million revenue hit after Trump eases fuel economy rules,"Investing.com -- Rivian (NASDAQ:RIVN) says a Trump administration rollback of U.S. fuel economy rules has left it unable to collect about $100 million in revenue, underscoring the growing impact of policy changes on electric vehicle (EV) makers.",Yahoo,https://finnhub.io/api/news?id=7e5ac1b6eba745f7b13023c7f51ae9100eee1b8dcec35541e26dd6b914462288,2025-08-15,"Rivian warns of $100 million revenue hit after Trump eases fuel economy rules. Investing.com -- Rivian (NASDAQ:RIVN) says a Trump administration rollback of U.S. fuel economy rules has left it unable to collect about $100 million in revenue, underscoring the growing impact of policy changes on electric vehicle (EV) makers.",0.3818
2025-08-15 06:03:58,Volkswagen Expands XPeng Partnership To Speed Software Upgrades Across All Car Types,"XPeng and Volkswagen expand partnership to include ICE and PHEV platforms in China, accelerating software-defined vehicle strategy and boosting product competitiveness.",Benzinga,https://finnhub.io/api/news?id=3600445eddd78e84748393dc7c55ac96b68ecfee2b01e41ef43bd1ef0d0e960f,2025-08-15,"Volkswagen Expands XPeng Partnership To Speed Software Upgrades Across All Car Types. XPeng and Volkswagen expand partnership to include ICE and PHEV platforms in China, accelerating software-defined vehicle strategy and boosting product competitiveness.",0.6249
2025-08-15 01:00:00,Rivian Says It Faces $100 Million Hole After Relaxation of Fuel Economy Rules,The admission is a sign of how changes to automotive policy under the Trump administration are starting to hurt the electric-vehicle industry.,Yahoo,https://finnhub.io/api/news?id=a59703939653e9e0c89174d4ff1cb3414aae6e71b8f5dfdf92aab307fb4cd03f,2025-08-15,Rivian Says It Faces $100 Million Hole After Relaxation of Fuel Economy Rules. The admission is a sign of how changes to automotive policy under the Trump administration are starting to hurt the electric-vehicle industry.,0.0
2025-08-14 20:51:50,QCLN: High Valuations In The Clean Tech Rally,QCLN offers growth in semiconductors and EVs but faces valuation concerns and underperformance vs. peers. See why CNRG may be a better choice.,SeekingAlpha,https://finnhub.io/api/news?id=381e1b8a5fdada7df0f06d4ab3026c3c8861d181e8e3fdbe757ee2e7133e42fa,2025-08-14,QCLN: High Valuations In The Clean Tech Rally. QCLN offers growth in semiconductors and EVs but faces valuation concerns and underperformance vs. peers. See why CNRG may be a better choice.,0.7579
2025-08-14 16:19:11,Monterey Car Week 2025: 3 things to watch,"Monterey Car Week, which is now the largest in the world, is here once again.",Yahoo,https://finnhub.io/api/news?id=e241422753efdbaea456c6af2a378a97ec6bbe27fb1664bc1a4a63e91fc5a110,2025-08-14,"Monterey Car Week 2025: 3 things to watch. Monterey Car Week, which is now the largest in the world, is here once again.",0.0
2025-08-14 16:13:17,Rivian: Improving Unit Economics,"Rivian narrows vehicle losses & strengthens finances, showing promise in unit economics & growth potential. Click here to read my most recent analysis.",SeekingAlpha,https://finnhub.io/api/news?id=9e765babbf7b12e7b8dba9c0dd5ee49fcbd2cd0047b1b89376b6bf101573b852,2025-08-14,"Rivian: Improving Unit Economics. Rivian narrows vehicle losses & strengthens finances, showing promise in unit economics & growth potential. Click here to read my most recent analysis.",0.7906
2025-08-14 11:31:22,Rivian: The Path To R2 Is Secure,Rivian stock has strong liquidity and the R2 launch in 2026 to help drive long-term growth. Here's what investors need to know about the automaker.,SeekingAlpha,https://finnhub.io/api/news?id=7d287363e7bd9266dea4cfae364a5b1a194b44592000faa1957e070cc7bb3c7b,2025-08-14,Rivian: The Path To R2 Is Secure. Rivian stock has strong liquidity and the R2 launch in 2026 to help drive long-term growth. Here's what investors need to know about the automaker.,0.875
2025-08-14 09:14:17,Rivian Automotive: It's Risky To Upgrade This Car Play,"Rivian Automotive is an interesting play in the EV space, but the business continues to struggle with profitability. Read why I maintain a sell rating on RIVN.",SeekingAlpha,https://finnhub.io/api/news?id=b36160d51e68c7e413c3eb2620caec369aff701ad214551cdb0acfdc199044c0,2025-08-14,"Rivian Automotive: It's Risky To Upgrade This Car Play. Rivian Automotive is an interesting play in the EV space, but the business continues to struggle with profitability. Read why I maintain a sell rating on RIVN.",0.3716
2025-08-13 17:15:13,Lucid vs. Rivian: Which EV Challenger Is the Better Stock to Buy Now?,"Both EV challengers are aggressively working on their growth strategies to stand out, but which is the better option right now?",Yahoo,https://finnhub.io/api/news?id=0209a9fda9e450d05ba132df0d7467a02fd34852d05e3f4624778fad94bf6dc9,2025-08-13,"Lucid vs. Rivian: Which EV Challenger Is the Better Stock to Buy Now?. Both EV challengers are aggressively working on their growth strategies to stand out, but which is the better option right now?",0.7757
2025-08-13 15:42:00,Is Lucid Ready to Deliver on Its 2026 Midsize EV Launch?,"LCID targets late-2026 production for its midsize EV platform, aiming for lower costs, faster timelines, and a $50K entry price.",Yahoo,https://finnhub.io/api/news?id=12f700f14cacd5a8b41207da1af81411ec9c5d659cad23ecdec850471d768a90,2025-08-13,"Is Lucid Ready to Deliver on Its 2026 Midsize EV Launch?. LCID targets late-2026 production for its midsize EV platform, aiming for lower costs, faster timelines, and a $50K entry price.",0.0772
2025-08-13 11:35:53,Lucid: Investors Are Overreacting To Q2,"Explore Lucid Group, Inc.'s Q2 delivery growth, revenue gains, and challenges with profitability. Click for key LCID catalysts like the Gravity SUV & Saudi backing.",SeekingAlpha,https://finnhub.io/api/news?id=e3a4a2250e3a0dcb0a86064b9d0e87330fb3d1b62de81d0f22d395f5e9e98854,2025-08-13,"Lucid: Investors Are Overreacting To Q2. Explore Lucid Group, Inc.'s Q2 delivery growth, revenue gains, and challenges with profitability. Click for key LCID catalysts like the Gravity SUV & Saudi backing.",0.8402
2025-08-13 10:30:00,Electric Light Commercial Vehicle Market worth $116.60 billion by 2032 | MarketsandMarkets,"The electric light commercial vehicle market is projected to reach USD 116.60 billion by 2032 from USD 24.49 billion in 2025 at a CAGR of 25.0% during 2025–2032, according to a new report by MarketsandMarkets. The growth in the electric light commercial vehicle (eLCV) market can be attributed to the rising demand for efficient urban delivery and service vehicles, driven by e-commerce expansion and small business needs. Leading OEMs such as Ford (E-Transit), Stellantis (Citroën ë-Jumpy, Opel Viva",Yahoo,https://finnhub.io/api/news?id=6e236f7f0f4a4719975cb3cd707826ca36854224a932b6f1398fdbb2bdec4d89,2025-08-13,"Electric Light Commercial Vehicle Market worth $116.60 billion by 2032 | MarketsandMarkets. The electric light commercial vehicle market is projected to reach USD 116.60 billion by 2032 from USD 24.49 billion in 2025 at a CAGR of 25.0% during 2025–2032, according to a new report by MarketsandMarkets. The growth in the electric light commercial vehicle (eLCV) market can be attributed to the rising demand for efficient urban delivery and service vehicles, driven by e-commerce expansion and small b",0.7096
2025-08-13 10:17:00,Rivian announces new Atlanta headquarters,The automaker’s East Coast office is expected to open by year’s end and will initially house around 100 workers.,Yahoo,https://finnhub.io/api/news?id=528d0d49e495f78a5fac21caf51e2516374918fd103a926d24f9c7549cd95fa6,2025-08-13,Rivian announces new Atlanta headquarters. The automaker’s East Coast office is expected to open by year’s end and will initially house around 100 workers.,0.0
2025-08-13 10:01:32,What Does It Cost To Charge a Rivian Monthly Compared To Gas for Other Luxury Cars?,"As electric vehicles gain traction in the luxury market, many consumers are weighing the financial benefits of going electric. With volatile gas prices and growing environmental concerns, the question...",Yahoo,https://finnhub.io/api/news?id=dc5b23625c1bf71bf27a9fd6bc7dbab30d762210558259bbef87fcffa2797f39,2025-08-13,"What Does It Cost To Charge a Rivian Monthly Compared To Gas for Other Luxury Cars?. As electric vehicles gain traction in the luxury market, many consumers are weighing the financial benefits of going electric. With volatile gas prices and growing environmental concerns, the question...",0.7717
2025-08-13 04:12:54,The Top 5 Analyst Questions From Rivian’s Q2 Earnings Call,"Rivian’s second quarter was marked by a negative market reaction, reflecting investor concerns about profitability despite modest revenue growth. Management attributed the performance to lower production volumes caused by supply chain issues and shifts in trade policy, which led to weaker fixed cost absorption and higher unit costs. CFO Claire McDonough highlighted that, “the largest driver…was driven by the lower production volume and therefore, the lack of fixed cost leverage,” while CEO RJ Sc",Yahoo,https://finnhub.io/api/news?id=bf32f4cbdea470fe09dc78707e7913e8d5398f03b39054859a899285712391f0,2025-08-13,"The Top 5 Analyst Questions From Rivian’s Q2 Earnings Call. Rivian’s second quarter was marked by a negative market reaction, reflecting investor concerns about profitability despite modest revenue growth. Management attributed the performance to lower production volumes caused by supply chain issues and shifts in trade policy, which led to weaker fixed cost absorption and higher unit costs. CFO Claire McDonough highlighted that, “the largest driver…was driven by the lower production volume and ",-0.8513
2025-08-13 04:10:26,"RIVN Q2 Deep Dive: Tariff and Policy Headwinds Offset Growth in Software, Services and R2 Progress","Electric vehicle manufacturer Rivian (NASDAQ:RIVN) reported revenue ahead of Wall Street’s expectations in Q2 CY2025, with sales up 12.5% year on year to $1.30 billion. Its non-GAAP loss of $0.80 per share was 25.4% below analysts’ consensus estimates.",Yahoo,https://finnhub.io/api/news?id=0b09ccee38c15dbc7b2459179a9d82a5a048b4e629632c3755824cd90d015dbb,2025-08-13,"RIVN Q2 Deep Dive: Tariff and Policy Headwinds Offset Growth in Software, Services and R2 Progress. Electric vehicle manufacturer Rivian (NASDAQ:RIVN) reported revenue ahead of Wall Street’s expectations in Q2 CY2025, with sales up 12.5% year on year to $1.30 billion. Its non-GAAP loss of $0.80 per share was 25.4% below analysts’ consensus estimates.",0.6486
2025-08-13 00:12:31,Rivian Stock Slips as Morgan Stanley Slashes Price Target to $12,"Rivian Price Target Cut to $12 on Capital Needs, Weak Demand",Yahoo,https://finnhub.io/api/news?id=cd3055644598df92d89cd1182e55093c16afc692013d17e8ad6a96a990fc2b9b,2025-08-13,"Rivian Stock Slips as Morgan Stanley Slashes Price Target to $12. Rivian Price Target Cut to $12 on Capital Needs, Weak Demand",-0.743
2025-08-12 10:46:05,"Elon Musk Reacts To Rivian, Lucid Accruing Cash Burn Of $88 Billion As Tesla Remains Only Free Cash Flow Generating Company: 'Harder Than It Looks'","Elon Musk says that achieving free cash flow with Tesla Inc. (NASDAQ:TSLA), when its company rivals like Lucid Group Inc. (NASDAQ:LCID), Rivian Technologies Inc. (NASDAQ:RIVN) are burning through cash, is difficult. ‘Harder Than It Looks,' Says Elon ...",Yahoo,https://finnhub.io/api/news?id=836958afcafd1fd8acfd2a8d72b1efa2ff1785dbe48637833baa12e31976e90c,2025-08-12,"Elon Musk Reacts To Rivian, Lucid Accruing Cash Burn Of $88 Billion As Tesla Remains Only Free Cash Flow Generating Company: 'Harder Than It Looks'. Elon Musk says that achieving free cash flow with Tesla Inc. (NASDAQ:TSLA), when its company rivals like Lucid Group Inc. (NASDAQ:LCID), Rivian Technologies Inc. (NASDAQ:RIVN) are burning through cash, is difficult. ‘Harder Than It Looks,' Says Elon ...",0.765
2025-10-10 15:33:40,"Shares of auto and auto-related companies are trading lower amid overall market weakness after President Trump, on a social media post, said that he is considering an increase in tariffs on Chinese products.",,Benzinga,https://finnhub.io/api/news?id=7ff87a697d00c5ceabe6c6e6aaf620eb9d96be6ddc60944a55b22e9f577ca46b,2025-10-10,"Shares of auto and auto-related companies are trading lower amid overall market weakness after President Trump, on a social media post, said that he is considering an increase in tariffs on Chinese products.. ",-0.128
2025-10-10 04:49:16,1 Unprofitable Stock for Long-Term Investors and 2 We Find Risky,"Unprofitable companies face headwinds as they struggle to keep operating expenses under control. Some may be investing heavily, but the majority fail to convert spending into sustainable growth.",Yahoo,https://finnhub.io/api/news?id=deaf0f031a4df16e57e8dbe9479cb1ee2c9fe19215e022830480c4e62497face,2025-10-10,"1 Unprofitable Stock for Long-Term Investors and 2 We Find Risky. Unprofitable companies face headwinds as they struggle to keep operating expenses under control. Some may be investing heavily, but the majority fail to convert spending into sustainable growth.",-0.5267
2025-10-09 16:05:00,Agillence to Provide Inbound Logistics Optimization Software to Rivian Automotive,"Agillence, Inc., an optimization company, today announced that Rivian Automotive, Inc. (NASDAQ: RIVN) has selected it to provide proprietary optimization software to support the planning of parts logistics networks.",Yahoo,https://finnhub.io/api/news?id=65c5ba8473fdde0fb1b8003f14f47bab4fe171c12e7a32684b67b9097f0f2fe0,2025-10-09,"Agillence to Provide Inbound Logistics Optimization Software to Rivian Automotive. Agillence, Inc., an optimization company, today announced that Rivian Automotive, Inc. (NASDAQ: RIVN) has selected it to provide proprietary optimization software to support the planning of parts logistics networks.",0.8591
2025-10-09 13:35:28,10 Consumer Discretionary Stocks With Whale Alerts In Today's Session, ,Benzinga,https://finnhub.io/api/news?id=c9253b615d92c134ff95f8a87af0c05aac550604b5866a0b20065862ae538561,2025-10-09,10 Consumer Discretionary Stocks With Whale Alerts In Today's Session.  ,0.0
2025-10-09 12:00:00,Where Will Rivian Stock Be in 5 Years?,Have shares in this electric automaker finally bottomed out?,Yahoo,https://finnhub.io/api/news?id=b4971eaabdc4535139bc10e4e938e6fe434fbbf7bd230dffc7939747beeff23a,2025-10-09,Where Will Rivian Stock Be in 5 Years?. Have shares in this electric automaker finally bottomed out?,0.3736
2025-10-09 08:00:12,Amazon: Don't Discount The Seemingly Forgotten #1 Hyperscaler,Amazon has over $93 billion in cash equivalents and has excellent opportunities to monetize AI across its platform. Learn why AMZN stock is a Buy.,SeekingAlpha,https://finnhub.io/api/news?id=8f28652fca39f4c9a9e58354088fcd494e4dda43ccce5059784a1d4d34d9dd9f,2025-10-09,Amazon: Don't Discount The Seemingly Forgotten #1 Hyperscaler. Amazon has over $93 billion in cash equivalents and has excellent opportunities to monetize AI across its platform. Learn why AMZN stock is a Buy.,0.7783
2025-10-09 02:31:39,EV Company News For The Month Of September 2025,Global electric car sales in August 2025 were up 14% YoY to a 27% share. Check out key August 2025 electric car sales trends here.,SeekingAlpha,https://finnhub.io/api/news?id=c3886b2713d7981f35fc5c00ff61fa9ddb7061f50075327c7d95196740abf77f,2025-10-09,EV Company News For The Month Of September 2025. Global electric car sales in August 2025 were up 14% YoY to a 27% share. Check out key August 2025 electric car sales trends here.,0.296
2025-10-08 19:43:31,Trump's trade war could cost automakers around the world $30B,"President Trump's trade wars could cost global automakers up to $30 billion in combined profit, according to a report from Moody's Ratings. Yahoo Finance senior autos reporter Pras Subramanian assesses this report's findings on how the Trump administration's tariffs will weigh on auto company's operating margins. Also check out Yahoo Finance's full interviews with Ford (F) CEO Jim Farley and General Motors (GM) Buick and GMC global vice president Jaclyn McQuaid. To watch more expert insights and",Yahoo,https://finnhub.io/api/news?id=91eef3c51223a05d7daee887e76a38d71da231ef6234ef5840e859d62cbbfd96,2025-10-08,"Trump's trade war could cost automakers around the world $30B. President Trump's trade wars could cost global automakers up to $30 billion in combined profit, according to a report from Moody's Ratings. Yahoo Finance senior autos reporter Pras Subramanian assesses this report's findings on how the Trump administration's tariffs will weigh on auto company's operating margins. Also check out Yahoo Finance's full interviews with Ford (F) CEO Jim Farley and General Motors (GM) Buick and GMC global v",-0.6808
2025-10-08 13:13:09,Rivian (RIVN) Is Down 9.7% After Narrowed Guidance and Expansion Plans - What's Changed,"Rivian Automotive recently announced it produced 10,720 vehicles and delivered 13,201 in the third quarter of 2025, while also narrowing its full-year delivery guidance and providing updates on regulatory challenges, partnerships, and upcoming product launches. Along with news of an expanded Georgia factory and a future joint venture with Volkswagen, Rivian’s latest results reveal both operational headwinds and the potential for growth as the company accelerates plans for affordable models...",Yahoo,https://finnhub.io/api/news?id=27c3987d17ff4e83a11cceb8fb48bd55ca73f75db5fe6382ae901494cf2f46d5,2025-10-08,"Rivian (RIVN) Is Down 9.7% After Narrowed Guidance and Expansion Plans - What's Changed. Rivian Automotive recently announced it produced 10,720 vehicles and delivered 13,201 in the third quarter of 2025, while also narrowing its full-year delivery guidance and providing updates on regulatory challenges, partnerships, and upcoming product launches. Along with news of an expanded Georgia factory and a future joint venture with Volkswagen, Rivian’s latest results reveal both operational headwinds ",0.0772
2025-10-07 14:31:10,"Tesla stock slumps after initial jump on X posts teasing product launch, reported to be cheaper Model Y",Shares in Tesla gained slumped Tuesday after a gain of more than 5% in Monday's trading session when a teased product was reported to be a cheaper version of the Model Y SUV.,Yahoo,https://finnhub.io/api/news?id=9ce1de07eb910ba7e9b6fd74360c62e34818be01c14307fbf2fe6ed822ccf592,2025-10-07,"Tesla stock slumps after initial jump on X posts teasing product launch, reported to be cheaper Model Y. Shares in Tesla gained slumped Tuesday after a gain of more than 5% in Monday's trading session when a teased product was reported to be a cheaper version of the Model Y SUV.",0.6908
2025-10-07 12:30:00,Is Rivian Stock a Millionaire Maker?,Rivian has achieved important milestones and will soon launch new vehicles -- but the EV industry's future looks cloudy.,Yahoo,https://finnhub.io/api/news?id=c3c74749bcf84943805b2f2867f9e6d1d73255f846347951d5b0361acd2a9213,2025-10-07,Is Rivian Stock a Millionaire Maker?. Rivian has achieved important milestones and will soon launch new vehicles -- but the EV industry's future looks cloudy.,0.1027
2025-10-07 01:51:59,"Rivian CEO RJ Scaringe Says Chinese Competitors Benefit From Lower Costs Amid Trump Tariffs, Defends Apple CarPlay Omission","Rivian CEO defends decision to omit Apple&#39;s CarPlay, shares updates on R2 deliveries and China&#39;s cost benefits and tariff environment",Benzinga,https://finnhub.io/api/news?id=d1dd3060cc291c14420c998bdac32ad0d471b79fbce9cab5be08974575a1a0a5,2025-10-07,"Rivian CEO RJ Scaringe Says Chinese Competitors Benefit From Lower Costs Amid Trump Tariffs, Defends Apple CarPlay Omission. Rivian CEO defends decision to omit Apple&#39;s CarPlay, shares updates on R2 deliveries and China&#39;s cost benefits and tariff environment",0.6808
2025-10-06 21:50:06,Rivian Automotive (RIVN) Stock Sinks As Market Gains: What You Should Know,"Rivian Automotive (RIVN) reached $13.48 at the closing of the latest trading day, reflecting a -1.25% change compared to its last close.",Yahoo,https://finnhub.io/api/news?id=29e6c93a703dd089a31dfdbb21f9475183ddb0f7017e6d64797796e70242ae77,2025-10-06,"Rivian Automotive (RIVN) Stock Sinks As Market Gains: What You Should Know. Rivian Automotive (RIVN) reached $13.48 at the closing of the latest trading day, reflecting a -1.25% change compared to its last close.",0.4215
2025-10-06 21:00:33,Lucid Motors sets record as Gravity sales pick up and tax credit expires,"The company has seen EV deliveries increase for seven straight quarters, even though it's still way off the ambitious goals it promoted when it went public in 2021.",Yahoo,https://finnhub.io/api/news?id=48dab4fca995e4fac6496a9aead1a0db4665547bfa25fabd124301a716e1f026,2025-10-06,"Lucid Motors sets record as Gravity sales pick up and tax credit expires. The company has seen EV deliveries increase for seven straight quarters, even though it's still way off the ambitious goals it promoted when it went public in 2021.",0.8934
2025-10-06 14:56:12,Tesla stock jumps after X posts tease product launch,Shares in Tesla jumped in Monday's trading session after X posts teasing a product launch.,Yahoo,https://finnhub.io/api/news?id=2ebb05e2006b2e067912c9dabbcf1b244c956618c74be5bbb03e6fb5b786484d,2025-10-06,Tesla stock jumps after X posts tease product launch. Shares in Tesla jumped in Monday's trading session after X posts teasing a product launch.,-0.1027
2025-10-06 11:57:18,How the Story Behind Rivian Is Shifting Amid Analyst Updates and Industry Changes,"Rivian Automotive's stock has seen a subtle uptick in analyst sentiment, with the consensus price target inching up from $14.04 to $14.26 per share following recent Street research. This shift reflects a complex landscape of both bullish and bearish factors. These include expectations of higher U.S. electric vehicle demand and measured industry responses to tariffs, balanced against concerns about long-term sales growth and policy headwinds. Stay tuned to learn how ongoing market developments...",Yahoo,https://finnhub.io/api/news?id=ffd8fd2fe96927f66b1ba77b815b2ae20085f7401f34ea678043cec705b2a6ac,2025-10-06,"How the Story Behind Rivian Is Shifting Amid Analyst Updates and Industry Changes. Rivian Automotive's stock has seen a subtle uptick in analyst sentiment, with the consensus price target inching up from $14.04 to $14.26 per share following recent Street research. This shift reflects a complex landscape of both bullish and bearish factors. These include expectations of higher U.S. electric vehicle demand and measured industry responses to tariffs, balanced against concerns about long-term sales ",0.1779
2025-10-06 01:05:00,Did Rivian Stock Finally Bottom?,The stock is slowly mounting a comeback.,Yahoo,https://finnhub.io/api/news?id=790d8e5064a77a4be0fe79413f1ad1a55d6bbf27f9c952e2c494e1fb2d5492ac,2025-10-06,Did Rivian Stock Finally Bottom?. The stock is slowly mounting a comeback.,0.0
2025-10-05 17:50:00,Rivian vs. Lucid: Which EV Stock is Winning in 2025?,Rivian and Lucid went after different niches of the electric vehicle market. One made the wrong choice.,Yahoo,https://finnhub.io/api/news?id=925f0588c5df60028ceb42eedd1124cfb3fd0a5bac295d04411ced5c72d5a3b4,2025-10-05,Rivian vs. Lucid: Which EV Stock is Winning in 2025?. Rivian and Lucid went after different niches of the electric vehicle market. One made the wrong choice.,0.0772
2025-10-05 17:05:00,Could Buying Rivian Stock Today Set You Up for Life?,The electric car disruptor is still off from all-time highs.,Yahoo,https://finnhub.io/api/news?id=0c946698e37ae8da874b2ff7eb351b695782b3e3fb1bfcddc3c3519fe3ff3585,2025-10-05,Could Buying Rivian Stock Today Set You Up for Life?. The electric car disruptor is still off from all-time highs.,0.0
2025-10-05 16:29:00,Should You Buy Rivian Stock While It's Below $21?,One Wall Street analyst recently set a highly bullish price target on the electric vehicle maker.,Yahoo,https://finnhub.io/api/news?id=28e75fc700ce56d580f8e3631efebfd64a55932ccb35241dce6b9648a215102d,2025-10-05,Should You Buy Rivian Stock While It's Below $21?. One Wall Street analyst recently set a highly bullish price target on the electric vehicle maker.,0.0
2025-10-05 10:00:50,Used EVs are an 'amazing bargain' for car buyers,"Kelley Blue Book executive editor Brian Moody comes on Market Catalysts to discuss the average price for used cars and EVs, as well as the rate of depreciation for electric vehicles. Also hear Brian Moody's thoughts on the performance of top EV makers going forward after the expiration of the electric vehicle tax credit. To watch more expert insights and analysis on the latest market action, check out more Market Catalysts.",Yahoo,https://finnhub.io/api/news?id=9b5335bb5cd3b8b4dc989aab97193ae4c242e77a372c379151afde28305626a9,2025-10-05,"Used EVs are an 'amazing bargain' for car buyers. Kelley Blue Book executive editor Brian Moody comes on Market Catalysts to discuss the average price for used cars and EVs, as well as the rate of depreciation for electric vehicles. Also hear Brian Moody's thoughts on the performance of top EV makers going forward after the expiration of the electric vehicle tax credit. To watch more expert insights and analysis on the latest market action, check out more Market Catalysts.",0.8225
2025-10-05 08:30:57,Here's How Major Automakers Reacted To The End of The Federal EV Credit,"As the EV credit has officially ended, here&#39;s a look at how major automakers reacted to the development following September 30 deadline.",Benzinga,https://finnhub.io/api/news?id=7379ac0c0fb4c8100a02bf6a8432f8fe90b874b3720658be6509eeffe5ced4ee,2025-10-05,"Here's How Major Automakers Reacted To The End of The Federal EV Credit. As the EV credit has officially ended, here&#39;s a look at how major automakers reacted to the development following September 30 deadline.",0.6369
2025-10-04 22:35:00,Is Rivian Stock a Buy After Its Recent Pullback?,A guidance cut has investors on edge -- but the latest numbers tell a more nuanced story.,Yahoo,https://finnhub.io/api/news?id=335b2a0465a51aea95d5ffc4646329131e8214786fb366cc8b5b3fd8aa656dfe,2025-10-04,Is Rivian Stock a Buy After Its Recent Pullback?. A guidance cut has investors on edge -- but the latest numbers tell a more nuanced story.,-0.1406
2025-10-04 17:05:00,"2 Problems Rivian, Lucid, and Tesla Will Face After the EV Tax Credit Expiration",Electric car stocks face a more difficult 2026.,Yahoo,https://finnhub.io/api/news?id=482e475f04d5adfe9e0446a063ee0fa5986acd02e527f4db7aaa72fdd27aeec9,2025-10-04,"2 Problems Rivian, Lucid, and Tesla Will Face After the EV Tax Credit Expiration. Electric car stocks face a more difficult 2026.",-0.4391
2025-10-04 14:25:00,"Experts: Rivian's Sales May Be ""Dreadful"" in 2026",Rivian just lost a key driver for sales growth next year.,Yahoo,https://finnhub.io/api/news?id=d00d348c07738deac56cb162deed6e77ce7abf6bb7d552f4487a0769c06f55b8,2025-10-04,"Experts: Rivian's Sales May Be ""Dreadful"" in 2026. Rivian just lost a key driver for sales growth next year.",-0.3818
2025-10-04 12:00:00,2 Reasons to Buy Rivian Stock Before Nov. 6,Rivian is looking at a potentially major transformation in its business over the coming months.,Yahoo,https://finnhub.io/api/news?id=a8078ec5c6589feb80ae3a422ccd85bbe986febe4501ee5eef5f22075032eb92,2025-10-04,2 Reasons to Buy Rivian Stock Before Nov. 6. Rivian is looking at a potentially major transformation in its business over the coming months.,0.0
2025-10-04 07:23:00,My Top Value Stock to Buy for 2026 (and It's Not Even Close),It's not often that you can buy a growth stock at a value price.,Yahoo,https://finnhub.io/api/news?id=0d29735862e006c7920639d90413603fdd36a08af910116db72f2a4bac1240ad,2025-10-04,My Top Value Stock to Buy for 2026 (and It's Not Even Close). It's not often that you can buy a growth stock at a value price.,0.802
2025-10-03 19:49:17,Sector Update: Consumer Stocks Mixed Late Afternoon,"Consumer stocks were mixed late Friday afternoon, with the Consumer Staples Select Sector SPDR Fund",Yahoo,https://finnhub.io/api/news?id=8115ceebd5642629fac44b084d76021b59fccac95529beb73ad10db687461acd,2025-10-03,"Sector Update: Consumer Stocks Mixed Late Afternoon. Consumer stocks were mixed late Friday afternoon, with the Consumer Staples Select Sector SPDR Fund",0.0
2025-10-03 17:33:00,Sector Update: Consumer Stocks Mixed in Afternoon Trading,"Consumer stocks were mixed Friday afternoon, with the Consumer Staples Select Sector SPDR Fund (XLP)",Yahoo,https://finnhub.io/api/news?id=df0dbe80aca1df178a8b905a745b24c46d315f9be4aa2fb6ef8606943594820c,2025-10-03,"Sector Update: Consumer Stocks Mixed in Afternoon Trading. Consumer stocks were mixed Friday afternoon, with the Consumer Staples Select Sector SPDR Fund (XLP)",0.0
2025-10-03 15:46:47,Top Midday Stories: Army Flags Security Concerns in Palantir-Anduril Battlefield Comms System; Nvidia to Work With Fujitsu on AI in Japan,"All three major US stock indexes were up in late-morning trading Friday, as investors looked to clos",Yahoo,https://finnhub.io/api/news?id=6e04f631b79ac95034f578b748fbff42127e0dae06d75b2b2b82519b5631c09d,2025-10-03,"Top Midday Stories: Army Flags Security Concerns in Palantir-Anduril Battlefield Comms System; Nvidia to Work With Fujitsu on AI in Japan. All three major US stock indexes were up in late-morning trading Friday, as investors looked to clos",0.1531
2025-10-03 15:27:28,Update: Market Chatter: Rivian Automotive to Redesign EV Door Handles,"(Updates with additional details in the third, fourth paragraphs and Rivian spokesperson statement i",Yahoo,https://finnhub.io/api/news?id=1b7a66cc37172da7c8811665dbb67d9f5af6901d6d8d30b320f1e6c5dc50bbd9,2025-10-03,"Update: Market Chatter: Rivian Automotive to Redesign EV Door Handles. (Updates with additional details in the third, fourth paragraphs and Rivian spokesperson statement i",0.0
2025-10-03 13:12:32,Rivian Stock Tanks -- Here's What Driving the Drop,Rivian Stock Falls Hard As Delivery Outlook Disappoints Traders,Yahoo,https://finnhub.io/api/news?id=b8a8cfaaab247e373e71ab9846e454f5062c2ebf56deff060438336e14a9239c,2025-10-03,Rivian Stock Tanks -- Here's What Driving the Drop. Rivian Stock Falls Hard As Delivery Outlook Disappoints Traders,-0.6249
2025-10-03 11:19:02,Rivian Tumbles On Weak Output And Narrowed Outlook,EV maker also hit by $100 million emissions credit loss,Yahoo,https://finnhub.io/api/news?id=8d86b3d02cc336d3f11c59a3daacfc1b03e2d53c34f17954e8c34ca7788ea5f6,2025-10-03,Rivian Tumbles On Weak Output And Narrowed Outlook. EV maker also hit by $100 million emissions credit loss,-0.3818
2025-10-03 10:44:00,Musk ​Goes Head-to-Head With Altman. But This AI Stock Is the Winner.,"Tesla deliveries jump, OpenAI’s market value is $500 billion, Trump’s tariffs hit farmers hard, and more news to start your day.",Yahoo,https://finnhub.io/api/news?id=1fa6a7f441ccb4b4810fbb748a821130419c5189ea7b7aaec2950add3b6734a9,2025-10-03,"Musk ​Goes Head-to-Head With Altman. But This AI Stock Is the Winner.. Tesla deliveries jump, OpenAI’s market value is $500 billion, Trump’s tariffs hit farmers hard, and more news to start your day.",0.8271
2025-10-03 10:32:00,"These Stocks Are Moving the Most Today: Tesla, Applied Materials, Boeing, Rumble, and More","Stock futures were rising Friday, pointing to fresh record highs, as investors continued to shrug off the government shutdown.  Tesla  was rising 1.2% in premarket trading after falling 5.1% on Thursday even as the electric-vehicle maker reported third-quarter deliveries of 497,099 cars, a record for any quarter.  The stock drop Thursday ended a four-session winning streak.",Yahoo,https://finnhub.io/api/news?id=cbd58f32b628f43e8d160ea3f14aab9f725880dda77babd8539315ed044e2a6b,2025-10-03,"These Stocks Are Moving the Most Today: Tesla, Applied Materials, Boeing, Rumble, and More. Stock futures were rising Friday, pointing to fresh record highs, as investors continued to shrug off the government shutdown.  Tesla  was rising 1.2% in premarket trading after falling 5.1% on Thursday even as the electric-vehicle maker reported third-quarter deliveries of 497,099 cars, a record for any quarter.  The stock drop Thursday ended a four-session winning streak.",0.4588
2025-10-03 10:00:56,"Tesla's tax credits are ending, but the AI benefit is only beginning","As Tesla says farewell to EV tax breaks, its most optimistic forecasts rely on another kind of special government assistance.",Yahoo,https://finnhub.io/api/news?id=b51dc7115cf84e36ee000d4483a61901703c9999634e8c6406cade97c1c87937,2025-10-03,"Tesla's tax credits are ending, but the AI benefit is only beginning. As Tesla says farewell to EV tax breaks, its most optimistic forecasts rely on another kind of special government assistance.",0.9052
2025-10-03 09:55:13,Rivian's Sales Problems Continue,"Rivian Automotive, Inc. shares currently trade at a substantial premium to most other electric vehicle names. Click here to read why RIVN stock is a Sell.",SeekingAlpha,https://finnhub.io/api/news?id=72521345fa74e41b9c7d959f8e0638080fee7e419031c0f290d07908fe25c658,2025-10-03,"Rivian's Sales Problems Continue. Rivian Automotive, Inc. shares currently trade at a substantial premium to most other electric vehicle names. Click here to read why RIVN stock is a Sell.",0.0772
2025-10-03 09:02:15,"Trending tickers: Tesla, Alibaba, Occidental, Asahi, Wetherspoon","Tesla sales, a petroleum deal and Wetherspoons results were driving market moves on Friday.",Yahoo,https://finnhub.io/api/news?id=b02529a8b40c40337a36cc417b5f2c8262c790da4f4190ac91248afadc1a19dd,2025-10-03,"Trending tickers: Tesla, Alibaba, Occidental, Asahi, Wetherspoon. Tesla sales, a petroleum deal and Wetherspoons results were driving market moves on Friday.",0.0
2025-10-03 07:22:20,Tesla sales jump after months of boycotts: Can the momentum continue?,"Tesla stock rose sharply on the sales news, but closed the day down 5% amid scepticism that the new number really signals a turnaround.View on euronews",Yahoo,https://finnhub.io/api/news?id=76f628c208e5e15c7691e28c11e2648c75725ec663fd215eb7441079f827a54d,2025-10-03,"Tesla sales jump after months of boycotts: Can the momentum continue?. Tesla stock rose sharply on the sales news, but closed the day down 5% amid scepticism that the new number really signals a turnaround.View on euronews",-0.3506
2025-10-02 10:12:00,Auto & Transport Roundup: Market Talk,"Find insight on Daimler Truck, Aston Martin, and more in the latest Market Talks covering the auto and transport sector..",Yahoo,https://finnhub.io/api/news?id=0d895fa67056f4245b70d3d19ddf31aeee9f23f9f5ae5db4e7b98bff5d87faa4,2025-10-02,"Auto & Transport Roundup: Market Talk. Find insight on Daimler Truck, Aston Martin, and more in the latest Market Talks covering the auto and transport sector..",0.0
2025-10-02 20:16:00,"These Stocks Moved the Most Today: Tesla, Rivian, Occidental, Fair Isaac, Fermi, Kodiak AI, Bullish, Rigetti, and More","Tesla posts strong third-quarter deliveries, while Equifax and TransUnion tumble after credit score provider Fair Isaac unveils new models that would bypass credit bureaus. Fair Isaac shares surge.",Yahoo,https://finnhub.io/api/news?id=f689a748f211e0a5d1d518a279f53be6825596f2eb0460b91491031a7f1f7bf9,2025-10-02,"These Stocks Moved the Most Today: Tesla, Rivian, Occidental, Fair Isaac, Fermi, Kodiak AI, Bullish, Rigetti, and More. Tesla posts strong third-quarter deliveries, while Equifax and TransUnion tumble after credit score provider Fair Isaac unveils new models that would bypass credit bureaus. Fair Isaac shares surge.",0.9419
2025-10-02 19:29:00,Where Will Quantum Computing Inc. Be in 1 Year?,Hope and hype could last longer than you think with this popular quantum computing play.,Yahoo,https://finnhub.io/api/news?id=4371fa7f3b96225ba2b3ce6056799f96011848e5222b8c0f67815a9135b2dcdc,2025-10-02,Where Will Quantum Computing Inc. Be in 1 Year?. Hope and hype could last longer than you think with this popular quantum computing play.,0.8201
2025-10-02 18:45:00,Tesla: What the end of the EV tax credit means for automakers,"Tesla (TSLA) reported record third quarter EV deliveries — 497,099 (vs. expectations of 439,612) — on Thursday as the electric vehicle tax credit expired on September 30. Additionally, US automakers Ford (F) and General Motors (GM) saw notable gains in their own vehicle sales, propped up by EVs. Kelley Blue Book executive editor Brian Moody speaks with Allie Canal about what these sales figures signal for the EV market and Tesla heading into the fourth quarter. To watch more expert insights and ",Yahoo,https://finnhub.io/api/news?id=ef56a7d415ea63eb42905a342c81631ac9d83272866f5281bf6eb8b3497c642e,2025-10-02,"Tesla: What the end of the EV tax credit means for automakers. Tesla (TSLA) reported record third quarter EV deliveries — 497,099 (vs. expectations of 439,612) — on Thursday as the electric vehicle tax credit expired on September 30. Additionally, US automakers Ford (F) and General Motors (GM) saw notable gains in their own vehicle sales, propped up by EVs. Kelley Blue Book executive editor Brian Moody speaks with Allie Canal about what these sales figures signal for the EV market and Tesla head",0.6249
2025-10-02 16:36:00,Rivian Deliveries Are Solid. Why the Stock Is Falling.,The company reports strong third-quarter electric-vehicle deliveries but narrows its full-year guidance.,Yahoo,https://finnhub.io/api/news?id=4c3d7734c8f073be62c9dc0fbde6124809ab9cb34bc2eb8ef4b9e1454e1e73f9,2025-10-02,Rivian Deliveries Are Solid. Why the Stock Is Falling.. The company reports strong third-quarter electric-vehicle deliveries but narrows its full-year guidance.,0.2846
2025-10-02 16:12:04,"Mortgage rates higher, chips rally on OpenAI news, Rivian plunges","Yahoo Finance Senior Reporter Allie Canal tracks Thursday's top moving stocks and biggest market stories in this Market Minute. Mortgage rates are ticking higher, with the 30-year fixed rate at 6.34%, according to data from Freddie Mac (FMCC). Chip stocks are rallying, with Nvidia (NVDA) momentarily touching an intraday high. Rivian (RIVN) stock is under pressure despite strong delivery numbers last quarter. Stay up to date on the latest market action, minute-by-minute, with Yahoo Finance's Mark",Yahoo,https://finnhub.io/api/news?id=1d653fd66942f703d57c399e3c0fe07f31b23359b3a7c39a7784383a94779446,2025-10-02,"Mortgage rates higher, chips rally on OpenAI news, Rivian plunges. Yahoo Finance Senior Reporter Allie Canal tracks Thursday's top moving stocks and biggest market stories in this Market Minute. Mortgage rates are ticking higher, with the 30-year fixed rate at 6.34%, according to data from Freddie Mac (FMCC). Chip stocks are rallying, with Nvidia (NVDA) momentarily touching an intraday high. Rivian (RIVN) stock is under pressure despite strong delivery numbers last quarter. Stay up to date on th",-0.477
2025-10-02 16:09:36,Rivian Stock Tumbles After EV Maker Cuts Delivery Forecast,Rivian stock gapped down Thursday after the electric-vehicle maker reported September deliveries and narrowed its full-year delivery forecast.,Yahoo,https://finnhub.io/api/news?id=cc5165569fae516d8189095ef3cc7454b2424110b8cc430f000fcd06927d411c,2025-10-02,Rivian Stock Tumbles After EV Maker Cuts Delivery Forecast. Rivian stock gapped down Thursday after the electric-vehicle maker reported September deliveries and narrowed its full-year delivery forecast.,-0.296
2025-10-02 15:50:46,Is Rivian Still Priced for Growth After Workforce Cuts and New SUV Plans in 2025?,"Thinking about what to do with Rivian Automotive stock right now? You are not alone. After all, it has been a dramatic journey for this young EV maker, and figuring out if now is the right time to buy, hold, or steer clear is not as straightforward as it seems. In the last week, the stock took a dip of 7.5%, but zoom out a little and you see gains of 7.7% over the past month and 10.3% so far this year. Looking even further back, Rivian’s one-year return stands at a strong 37.3%. However, over...",Yahoo,https://finnhub.io/api/news?id=ea1f450ca83c32083d2d01ffe17f66e2f6dc7fe0d2654d0064e1ff2642f5d0c8,2025-10-02,"Is Rivian Still Priced for Growth After Workforce Cuts and New SUV Plans in 2025?. Thinking about what to do with Rivian Automotive stock right now? You are not alone. After all, it has been a dramatic journey for this young EV maker, and figuring out if now is the right time to buy, hold, or steer clear is not as straightforward as it seems. In the last week, the stock took a dip of 7.5%, but zoom out a little and you see gains of 7.7% over the past month and 10.3% so far this year. Looking eve",0.7032
2025-10-02 15:36:01,Why Rivian (RIVN) Shares Are Sliding Today,Shares of electric vehicle manufacturer Rivian (NASDAQ:RIVN) fell 7.2% in the morning session after the company narrowed its full-year 2025 delivery forecast.,Yahoo,https://finnhub.io/api/news?id=57be39278db24fd392aa2f7e3f403bb34604a20febc78eed70a95dd2fe282bde,2025-10-02,Why Rivian (RIVN) Shares Are Sliding Today. Shares of electric vehicle manufacturer Rivian (NASDAQ:RIVN) fell 7.2% in the morning session after the company narrowed its full-year 2025 delivery forecast.,0.5267
2025-10-02 15:19:14,Rivian’s best-case guess for 2025 sales is a 16% drop from last year,"The company will likely sell fewer EVs this year than in both 2024 and 2023, making next year's launch of the R2 SUV even more important.",Yahoo,https://finnhub.io/api/news?id=b15e5914070a09c27717f490b067bafa327089d5f1d621357bc156f9df26022f,2025-10-02,"Rivian’s best-case guess for 2025 sales is a 16% drop from last year. The company will likely sell fewer EVs this year than in both 2024 and 2023, making next year's launch of the R2 SUV even more important.",-0.0018
2025-10-02 13:23:27,Tesla reports blowout Q3 deliveries as buyers plow in before federal tax credit expires,"Tesla reported blowout third quarter global deliveries, as the expiration of the $7,500 federal tax credit in the US likely juiced sales.",Yahoo,https://finnhub.io/api/news?id=e05390482b8585bb8f4e425986fcd681cb890442e19f2f76d9d8c9e38ca155a3,2025-10-02,"Tesla reports blowout Q3 deliveries as buyers plow in before federal tax credit expires. Tesla reported blowout third quarter global deliveries, as the expiration of the $7,500 federal tax credit in the US likely juiced sales.",0.6369
2025-10-02 11:21:00,"These Stocks Are Moving the Most Today: Tesla, Occidental, Fair Isaac, Experian, Fermi, Nvidia, and More","Tesla is rising ahead of third-quarter deliveries from the electric-vehicle maker, while Equifax and TransUnion tumble after credit score provider Fair Isaac unveils new models that would bypass credit bureaus.",Yahoo,https://finnhub.io/api/news?id=b57e892dbd96be2b0bf7c1d5d8667f5753456c74a325abba00fc48a8bf78cfc3,2025-10-02,"These Stocks Are Moving the Most Today: Tesla, Occidental, Fair Isaac, Experian, Fermi, Nvidia, and More. Tesla is rising ahead of third-quarter deliveries from the electric-vehicle maker, while Equifax and TransUnion tumble after credit score provider Fair Isaac unveils new models that would bypass credit bureaus.",0.8316
2025-10-02 13:51:36,Rivian Narrows 2025 Delivery Targets As Market Pressures Mount,"Rivian Automotive (NASDAQ:RIVN) announced on Thursday that it produced 10,720 vehicles and delivered 13,201 during the third quarter ended September 30, 2025, from its Normal, Illinois, factory. These figures align with the company’s internal expectations, prompting management to narrow its full-year 2025 delivery guidance to 41,500-43,500 vehicles, a slight refinement from the prior range of 40,000 to 46,000 units. Despite the stable output and the anticipation surrounding its upcoming R2 SUV l",Yahoo,https://finnhub.io/api/news?id=539d52bad6d4110a43bc72a8f48c9ff5124a7287bffdee1134350b5d242f8a9d,2025-10-02,"Rivian Narrows 2025 Delivery Targets As Market Pressures Mount. Rivian Automotive (NASDAQ:RIVN) announced on Thursday that it produced 10,720 vehicles and delivered 13,201 during the third quarter ended September 30, 2025, from its Normal, Illinois, factory. These figures align with the company’s internal expectations, prompting management to narrow its full-year 2025 delivery guidance to 41,500-43,500 vehicles, a slight refinement from the prior range of 40,000 to 46,000 units. Despite the stab",0.1955
2025-10-02 13:50:00,Rivian Automotive Narrows 2025 Delivery Guidance as Third-Quarter Production Slips,Rivian Automotive narrowed its delivery target for the year and reported lower production in the third quarter than a year ago.,Yahoo,https://finnhub.io/api/news?id=1638653d32bee792781cdb353f8c823e99778f0337de4cf48b6ada80b8ad3137,2025-10-02,Rivian Automotive Narrows 2025 Delivery Guidance as Third-Quarter Production Slips. Rivian Automotive narrowed its delivery target for the year and reported lower production in the third quarter than a year ago.,-0.296
2025-10-02 13:33:27,"Musk reports Tesla sales jump after months of boycotts, but experts suspect more pain is in store","Months after Elon Musk left the Trump administration to the relief of Tesla investors worried about boycotts, the world's richest man has announced some good news: Sales of Tesla cars are back.  The electric vehicle maker run by Musk reported Thursday that car sales jumped 7% in the three months through September after plunging for most of the year as people turned off by his embrace of President Donald Trump and far-right politicians in Europe balked at buying his cars.  In fact, many Tesla riv",Yahoo,https://finnhub.io/api/news?id=e52660463c126acabf9023e05b87f6c559a1f63f5182c8a6fbde0e5f82ae9eb6,2025-10-02,"Musk reports Tesla sales jump after months of boycotts, but experts suspect more pain is in store. Months after Elon Musk left the Trump administration to the relief of Tesla investors worried about boycotts, the world's richest man has announced some good news: Sales of Tesla cars are back.  The electric vehicle maker run by Musk reported Thursday that car sales jumped 7% in the three months through September after plunging for most of the year as people turned off by his embrace of President D",0.3095
2025-10-02 13:06:37,12 Consumer Discretionary Stocks Moving In Thursday's Intraday Session, ,Benzinga,https://finnhub.io/api/news?id=f1808654775f36f93188722ca8e4a62fa89c185aa279306ae2d17fc3ac64708c,2025-10-02,12 Consumer Discretionary Stocks Moving In Thursday's Intraday Session.  ,0.0
2025-10-02 12:30:00,Rivian Releases Q3 2025 Production and Delivery Figures and Sets Date for Third Quarter 2025 Financial Results,"IRVINE, Calif., October 02, 2025--Rivian Automotive, Inc. (NASDAQ: RIVN) today announced production and delivery totals for the quarter ending September 30, 2025. The company produced 10,720 vehicles at its manufacturing facility in Normal, Illinois and delivered 13,201 vehicles during the same period.",Yahoo,https://finnhub.io/api/news?id=5ff21c5c38222933725daa3f4a44688354288371cb2165b1ad841524bfe0afbd,2025-10-02,"Rivian Releases Q3 2025 Production and Delivery Figures and Sets Date for Third Quarter 2025 Financial Results. IRVINE, Calif., October 02, 2025--Rivian Automotive, Inc. (NASDAQ: RIVN) today announced production and delivery totals for the quarter ending September 30, 2025. The company produced 10,720 vehicles at its manufacturing facility in Normal, Illinois and delivered 13,201 vehicles during the same period.",0.0
2025-10-01 14:40:48,"Ford sales surge 8.2% in Q3, led by trucks and EVs","Ford’s US sales surged in the third quarter, led by its trucks and electrified vehicles. Ford said it was the seventh consecutive month of sales gains for the automaker.",Yahoo,https://finnhub.io/api/news?id=b94ceab59cda1daba8fec577b6c4d37ea06f82797a7a776717b86fb0c13e0f14,2025-10-01,"Ford sales surge 8.2% in Q3, led by trucks and EVs. Ford’s US sales surged in the third quarter, led by its trucks and electrified vehicles. Ford said it was the seventh consecutive month of sales gains for the automaker.",0.34
2025-10-01 11:31:14,Tesla Roadster Booking Canceled by Popular YouTuber MKBHD: 'Tesla Has Been Sitting With My 50 Grand For Eight Years',"Popular tech and electric vehicle reviewer Marques Brownlee, also known as MKBHD, may have shocked the EV community by announcing he has cancelled one of two reservations he had for a yet-to-be-released Tesla Roadster from Tesla Inc ...",Yahoo,https://finnhub.io/api/news?id=7e233ed0e2308d5b006fcbe99845ee1e9451ebd66c4ea1addde3cce139332b4e,2025-10-01,"Tesla Roadster Booking Canceled by Popular YouTuber MKBHD: 'Tesla Has Been Sitting With My 50 Grand For Eight Years'. Popular tech and electric vehicle reviewer Marques Brownlee, also known as MKBHD, may have shocked the EV community by announcing he has cancelled one of two reservations he had for a yet-to-be-released Tesla Roadster from Tesla Inc ...",0.6486
2025-10-01 04:41:35,1 Industrials Stock with Impressive Fundamentals and 2 That Underwhelm,"Even if they go mostly unnoticed, industrial businesses are the backbone of our country. Their momentum is also rising as lower interest rates have incentivized higher capital spending. As a result, the industry has posted a 28.1% gain over the past six months, beating the S&P 500 by 9.3 percentage points.",Yahoo,https://finnhub.io/api/news?id=476393b5f8822130b78975875252c397915c14695c6aee396636ecdf84d8ce4f,2025-10-01,"1 Industrials Stock with Impressive Fundamentals and 2 That Underwhelm. Even if they go mostly unnoticed, industrial businesses are the backbone of our country. Their momentum is also rising as lower interest rates have incentivized higher capital spending. As a result, the industry has posted a 28.1% gain over the past six months, beating the S&P 500 by 9.3 percentage points.",0.6705
2025-09-30 21:00:50,"Nextracker, DXP, Rivian, SmartRent, and FTAI Infrastructure Shares Are Falling, What You Need To Know",A number of stocks fell in the afternoon session after a weaker-than-expected U.S. consumer confidence report for September sparked concerns about the economic outlook.,Yahoo,https://finnhub.io/api/news?id=8d7cfe76290e294b31416b19cf852af2019a00fd89b1e1e85878cdabb13b1db1,2025-09-30,"Nextracker, DXP, Rivian, SmartRent, and FTAI Infrastructure Shares Are Falling, What You Need To Know. A number of stocks fell in the afternoon session after a weaker-than-expected U.S. consumer confidence report for September sparked concerns about the economic outlook.",0.6369
2025-09-30 19:34:55,2 Warren Buffett Quotes That Make Me Excited to Buy Rivian Stock,Warren Buffett wasn't afraid to buy when others were selling.,Yahoo,https://finnhub.io/api/news?id=47f94180bd0144da52695732d93583e06e0a74a88e82ef3f6edcfa7e99d68456,2025-09-30,2 Warren Buffett Quotes That Make Me Excited to Buy Rivian Stock. Warren Buffett wasn't afraid to buy when others were selling.,0.34
2025-09-30 07:06:00,"Tesla, Rivian, and Lucid Will Have Their Fortunes Changed Forever Today, Sept. 30, Courtesy of President Donald Trump","President Trump's ""Big, Beautiful Bill"" is reshaping the electric-vehicle (EV) landscape.",Yahoo,https://finnhub.io/api/news?id=79364e87e08b58ddaf49ddbbb5b9c131fd6b632e50615f8ddffd240b0b37fa87,2025-09-30,"Tesla, Rivian, and Lucid Will Have Their Fortunes Changed Forever Today, Sept. 30, Courtesy of President Donald Trump. President Trump's ""Big, Beautiful Bill"" is reshaping the electric-vehicle (EV) landscape.",0.7506
2025-09-29 21:50:06,Rivian Automotive (RIVN) Stock Declines While Market Improves: Some Information for Investors,"The latest trading day saw Rivian Automotive (RIVN) settling at $15.25, representing a -2.18% change from its previous close.",Yahoo,https://finnhub.io/api/news?id=50f85d7fba8a2de87463cd44ec2d77635849f156ab9435498ebeb99676abde5e,2025-09-29,"Rivian Automotive (RIVN) Stock Declines While Market Improves: Some Information for Investors. The latest trading day saw Rivian Automotive (RIVN) settling at $15.25, representing a -2.18% change from its previous close.",0.4215
2025-09-29 13:35:35,10 Consumer Discretionary Stocks Whale Activity In Today's Session,"This whale alert can help traders discover the next big trading opportunities.
Whales are entities with large sums of money and we track their transactions here at Benzinga on our options activity scanner.",Benzinga,https://finnhub.io/api/news?id=ee1dea0eebcc2ddc7d719f77fb2db8a33fd3c92fa990528d37e61eb34c483e50,2025-09-29,"10 Consumer Discretionary Stocks Whale Activity In Today's Session. This whale alert can help traders discover the next big trading opportunities.
Whales are entities with large sums of money and we track their transactions here at Benzinga on our options activity scanner.",0.7579
2025-09-29 04:35:11,3 Hyped Up  Stocks We Approach with Caution,"The stocks featured in this article are seeing some big returns. Over the past month, they’ve outpaced the market due to some combination of positive news, upbeat results, or supportive macro developments. As such, investors are taking notice and bidding up shares.",Yahoo,https://finnhub.io/api/news?id=12b8e55c1b4eb0a6c5712e384fdc6d754d3a647abafcfc36fca5d559425d33cc,2025-09-29,"3 Hyped Up  Stocks We Approach with Caution. The stocks featured in this article are seeing some big returns. Over the past month, they’ve outpaced the market due to some combination of positive news, upbeat results, or supportive macro developments. As such, investors are taking notice and bidding up shares.",0.7906
2025-09-28 14:45:00,Better Electric Vehicle (EV) Stock: Lucid vs. Rivian,Both Rivian and Lucid have exciting growth journeys ahead.,Yahoo,https://finnhub.io/api/news?id=b5398b3972fbd47dd8277c956d7bad5390c9d13aa757819b9ea6b5a5fd3ea412,2025-09-28,Better Electric Vehicle (EV) Stock: Lucid vs. Rivian. Both Rivian and Lucid have exciting growth journeys ahead.,0.8271
2025-09-28 12:00:37,Lightship's electric RVs are bringing campgrounds into the future,"Welcome to the campgrounds of tomorrow! Lightship RV is bringing outdoorsmen and road warriors the next generation of electric-powered recreational vehicles. Lightship Co-Founder and CPO (chief product officer) Ben Parker sits down with Asking for a Trend's Josh Lipton for a conversation on their vehicles' EV batteries and solar-powered modules, pricing, and its other features. Parker previously worked as a senior mechanical design engineer for Tesla's (TSLA) battery design team. To watch more e",Yahoo,https://finnhub.io/api/news?id=1a8712bb59e472cf130945f3c7aff475a0cf1ee22ff1c64b904e2af7eff7f371,2025-09-28,"Lightship's electric RVs are bringing campgrounds into the future. Welcome to the campgrounds of tomorrow! Lightship RV is bringing outdoorsmen and road warriors the next generation of electric-powered recreational vehicles. Lightship Co-Founder and CPO (chief product officer) Ben Parker sits down with Asking for a Trend's Josh Lipton for a conversation on their vehicles' EV batteries and solar-powered modules, pricing, and its other features. Parker previously worked as a senior mechanical desi",0.5093
2025-09-27 22:14:00,1 Electric Vehicle Stock to Buy Hand Over Fist and 2 to Avoid Like the Plague,"Rivian, Tesla, and Lucid all have exciting potential.",Yahoo,https://finnhub.io/api/news?id=e1eeff044fdae66405493311bb530aa16aa20ebe950315e2b3f9139737ddde0e,2025-09-27,"1 Electric Vehicle Stock to Buy Hand Over Fist and 2 to Avoid Like the Plague. Rivian, Tesla, and Lucid all have exciting potential.",0.7717
2025-09-27 14:29:05,Evaluating Rivian (RIVN): Is the Recent Stock Pause a Signal for Its Current Valuation?,"If you have Rivian Automotive (RIVN) on your radar, you might be wondering if this auto innovator’s latest stock move is more than just a blip. With shares drifting modestly lower after a stretch of gains, some investors are weighing whether this pause is signaling a shift in market sentiment, or if it is simply par for the course in a sector that is always in flux. The recent drop is not linked to dramatic news, but instead feels like a breather after a run-up that naturally raises questions...",Yahoo,https://finnhub.io/api/news?id=fc9c00a5584c6253bddfd4f7e400a716d22beaa036e3ee522e78d19be09808b3,2025-09-27,"Evaluating Rivian (RIVN): Is the Recent Stock Pause a Signal for Its Current Valuation?. If you have Rivian Automotive (RIVN) on your radar, you might be wondering if this auto innovator’s latest stock move is more than just a blip. With shares drifting modestly lower after a stretch of gains, some investors are weighing whether this pause is signaling a shift in market sentiment, or if it is simply par for the course in a sector that is always in flux. The recent drop is not linked to dramatic ",0.0772
2025-09-26 21:10:48,EV sales surge ahead of Sept. 30 tax credit expiration,"Electric vehicle (EV) sales rose in August compared to the month prior, just ahead of the expiration of the EV tax credit on Sept. 30. CarGurus director of economic and market intelligence Kevin Roberts discusses the sales increase and the state of the EV industry. To watch more expert insights and analysis on the latest market action, check out more Asking for a Trend.",Yahoo,https://finnhub.io/api/news?id=7b74d8fa99d930d88182ff0a85492b5c11c335d3991354cf293ba88f661a7693,2025-09-26,"EV sales surge ahead of Sept. 30 tax credit expiration. Electric vehicle (EV) sales rose in August compared to the month prior, just ahead of the expiration of the EV tax credit on Sept. 30. CarGurus director of economic and market intelligence Kevin Roberts discusses the sales increase and the state of the EV industry. To watch more expert insights and analysis on the latest market action, check out more Asking for a Trend.",0.8625
2025-09-26 13:00:00,Battery startup Moxion went bankrupt. Now its founder is back to ‘finish what we started’,"Anode Technology Company wants to build mobile battery generators for construction sites, live events, and EV fleets. But first it has to avoid the pitfalls that claimed its predecessor, Moxion.",Yahoo,https://finnhub.io/api/news?id=4899ff74f0312213fd0ed9d8af9d0c5f51f6be2fcfb4367ae69f82bc6ff6d416,2025-09-26,"Battery startup Moxion went bankrupt. Now its founder is back to ‘finish what we started’. Anode Technology Company wants to build mobile battery generators for construction sites, live events, and EV fleets. But first it has to avoid the pitfalls that claimed its predecessor, Moxion.",-0.6249
2025-09-26 07:05:00,Is Rivian Stock Your Ticket to Becoming a Millionaire?,"Rivian looks increasingly like it will be a successful EV start-up, but don't get overexcited by the Tesla similarities.",Yahoo,https://finnhub.io/api/news?id=f0d5ce976adc5c58d1cdc30a529a4d81437caf8d33b69a2f93332af27271a6ea,2025-09-26,"Is Rivian Stock Your Ticket to Becoming a Millionaire?. Rivian looks increasingly like it will be a successful EV start-up, but don't get overexcited by the Tesla similarities.",0.4854
2025-09-26 04:34:58,1 Unpopular Stock That Deserves a Second Chance and 2 That Underwhelm,"When Wall Street turns bearish on a stock, it’s worth paying attention. These calls stand out because analysts rarely issue grim ratings on companies for fear their firms will lose out in other business lines such as M&A advisory.",Yahoo,https://finnhub.io/api/news?id=e89d21b612155af60fe1cf5db32d9b773d285d5c7acbf647fc6dfc91ea505b18,2025-09-26,"1 Unpopular Stock That Deserves a Second Chance and 2 That Underwhelm. When Wall Street turns bearish on a stock, it’s worth paying attention. These calls stand out because analysts rarely issue grim ratings on companies for fear their firms will lose out in other business lines such as M&A advisory.",-0.0005
2025-09-25 17:12:47,Jim Cramer on Rivian: “Don’t Pull the Trigger Here”,"Rivian Automotive, Inc. (NASDAQ:RIVN) is one of the stocks Jim Cramer shared his opinions on. During the lightning round, when a caller asked about the stock, Cramer said: “Here’s the problem… They spent a lot of money on that factory. I think that if we’re, if we have a slowdown, and the Fed doesn’t bail […]",Yahoo,https://finnhub.io/api/news?id=b8d061812a0865a1fa7ccd0c37febdb76dc2036185377e98a66b6062daf852c3,2025-09-25,"Jim Cramer on Rivian: “Don’t Pull the Trigger Here”. Rivian Automotive, Inc. (NASDAQ:RIVN) is one of the stocks Jim Cramer shared his opinions on. During the lightning round, when a caller asked about the stock, Cramer said: “Here’s the problem… They spent a lot of money on that factory. I think that if we’re, if we have a slowdown, and the Fed doesn’t bail […]",0.34
2025-09-25 10:40:08,Tesla: A Turnaround Story Priced To Perfection,"Tesla faces declining EV sales, shrinking margins, increased competition, and fading regulatory credit revenue. See why I rate TSLA stock a Sell.",SeekingAlpha,https://finnhub.io/api/news?id=4bf083d49231a528fc01cbdf4d57abd1426344fa153ff13a8551300c8f084461,2025-09-25,"Tesla: A Turnaround Story Priced To Perfection. Tesla faces declining EV sales, shrinking margins, increased competition, and fading regulatory credit revenue. See why I rate TSLA stock a Sell.",0.8126
2025-09-25 07:46:00,Is It Time to Buy Rivian Stock?,"The electric SUV maker's future hinges on scaling R2 production, even as widening losses test investors' patience.",Yahoo,https://finnhub.io/api/news?id=09f90d8b1f738ef83abf97b9c38f8ca6c7696683874ec1b5aa4ae0a533aca162,2025-09-25,"Is It Time to Buy Rivian Stock?. The electric SUV maker's future hinges on scaling R2 production, even as widening losses test investors' patience.",-0.4019
2025-09-25 04:02:37,3 Reasons RIVN is Risky and 1 Stock to Buy Instead,"Over the past six months, Rivian has been a great trade, beating the S&P 500 by 12.9%. Its stock price has climbed to $15.80, representing a healthy 27.8% increase. This performance may have investors wondering how to approach the situation.",Yahoo,https://finnhub.io/api/news?id=485c8a1f46176b8d84b335266a21bebce8b1830e1510587f4653677bfb3ebf64,2025-09-25,"3 Reasons RIVN is Risky and 1 Stock to Buy Instead. Over the past six months, Rivian has been a great trade, beating the S&P 500 by 12.9%. Its stock price has climbed to $15.80, representing a healthy 27.8% increase. This performance may have investors wondering how to approach the situation.",0.6486
2025-09-24 14:49:53,"Freeport mining, Rivian probe, US new home sales surge in August","Market Catalysts host Julie Hyman tracks several of the day's top trending stock tickers and stories, including mining operator Freeport-McMoRan (FCX) declaring force majeure on contracted supplies from its giant Grasberg mine in Indonesia after an accident, American regulators conducting a safety probe on Rivian (RIVN) delivery van seatbelts, and US new home sales surging by over 20% in August. To watch more expert insights and analysis on the latest market action, check out more Market Catalys",Yahoo,https://finnhub.io/api/news?id=c7aa96fa34e595ec5fad2c48e2a60cfda61d39e9c2232938db36e98b68fd51b9,2025-09-24,"Freeport mining, Rivian probe, US new home sales surge in August. Market Catalysts host Julie Hyman tracks several of the day's top trending stock tickers and stories, including mining operator Freeport-McMoRan (FCX) declaring force majeure on contracted supplies from its giant Grasberg mine in Indonesia after an accident, American regulators conducting a safety probe on Rivian (RIVN) delivery van seatbelts, and US new home sales surging by over 20% in August. To watch more expert insights and a",0.128
2025-09-23 16:55:45,Telo raises $20 million to build tiny electric trucks for cities,"The round was co-led by designer Yves Béhar and Tesla co-founder Marc Tarpenning, who helped get Telo off the ground in 2022.",Yahoo,https://finnhub.io/api/news?id=43dfbd9904a23091704d9d3311fe4474a63a777497f893717ddcfce1e2dfb07a,2025-09-23,"Telo raises $20 million to build tiny electric trucks for cities. The round was co-led by designer Yves Béhar and Tesla co-founder Marc Tarpenning, who helped get Telo off the ground in 2022.",0.0
2025-09-23 11:37:15,Tesla To Rally Around 4%? Here Are 10 Top Analyst Forecasts For Tuesday, ,Benzinga,https://finnhub.io/api/news?id=6c38722b71c908f992780e98f57de012d00e822220b33dc229ea2cd4b4b0f496,2025-09-23,Tesla To Rally Around 4%? Here Are 10 Top Analyst Forecasts For Tuesday.  ,0.2023
2025-09-23 11:00:00,Better EV Stock: Rivian vs. Tesla,"As Tesla stumbles, Rivian is expanding its lineup and improving its manufacturing efficiencies.",Yahoo,https://finnhub.io/api/news?id=f9b6556837625f0a03915e710c6bac460c2c5ffaad7e03f7d212ebe0a84036bd,2025-09-23,"Better EV Stock: Rivian vs. Tesla. As Tesla stumbles, Rivian is expanding its lineup and improving its manufacturing efficiencies.",0.8074
2025-09-23 07:52:48,"Jim Cramer Says 'No' To Ambarella, But Gilat Satellite Is Still A 'Buy'","On CNBC&#39;s &#34;Mad Money Lightning Round,&#34; Jim Cramer discusses Rivian, Energy Fuels, Gilat Satellite, Ambarella and AST SpaceMobile.",Benzinga,https://finnhub.io/api/news?id=24dde91fde2e25243e84057859f9c4e181b1a429af591e75d18f2719867a79f6,2025-09-23,"Jim Cramer Says 'No' To Ambarella, But Gilat Satellite Is Still A 'Buy'. On CNBC&#39;s &#34;Mad Money Lightning Round,&#34; Jim Cramer discusses Rivian, Energy Fuels, Gilat Satellite, Ambarella and AST SpaceMobile.",0.3919
2025-09-22 21:37:49,"Nvidia, Kenvue, Rivian, MicroCloud Hologram And Opendoor: Why These 5 Stocks Are On Investors' Radars Today","U.S. stocks closed higher on Monday, with the Dow Jones Industrial Average edging up 0.14% to 46,381.54.",Benzinga,https://finnhub.io/api/news?id=39c36ab541aa0fae293eb647a1a87a3912086b5b09f8dc79b03ce80d206e0b55,2025-09-22,"Nvidia, Kenvue, Rivian, MicroCloud Hologram And Opendoor: Why These 5 Stocks Are On Investors' Radars Today. U.S. stocks closed higher on Monday, with the Dow Jones Industrial Average edging up 0.14% to 46,381.54.",0.0
2025-09-22 07:34:00,Tesla Stock Continues to Climb. This 1 Catalyst Makes Its Growth Path Sustainable,Tesla's stock price relies on the fate of one key growth opportunity.,Yahoo,https://finnhub.io/api/news?id=cd2835554a9d2ad9ad3949016a070eb5fcbbda07d0abe340be5717dd48b6dfd0,2025-09-22,Tesla Stock Continues to Climb. This 1 Catalyst Makes Its Growth Path Sustainable. Tesla's stock price relies on the fate of one key growth opportunity.,0.7906
2025-09-21 20:00:00,"Rivian: Thank You, Georgia","Rivian Automotive is expanding manufacturing capacity by nearly 200% with a new Georgia plant, signaling strong future demand. Read why RIVN stock is a Strong Buy.",SeekingAlpha,https://finnhub.io/api/news?id=6b4548b1f753637825b7c5e06479d4b7ef66396655b431441f600640067736ae,2025-09-21,"Rivian: Thank You, Georgia. Rivian Automotive is expanding manufacturing capacity by nearly 200% with a new Georgia plant, signaling strong future demand. Read why RIVN stock is a Strong Buy.",0.8225
2025-09-21 19:00:42,Only 3 Detroit vehicles make IIHS safety list for rear passengers,"Minivans and trucks are the least safe for rear passengers, an IIHS study found. See which three Motor City models made the cut.",Yahoo,https://finnhub.io/api/news?id=9db2e11204dfb58db7170ca71a82ccdc51fd58b7a09f4ca1462f45b24de0c61d,2025-09-21,"Only 3 Detroit vehicles make IIHS safety list for rear passengers. Minivans and trucks are the least safe for rear passengers, an IIHS study found. See which three Motor City models made the cut.",-0.1793
2025-09-21 14:00:00,"1 Reason to Be Very, Very Excited About Rivian Stock Right Now",Next year could transform Rivian's entire business.,Yahoo,https://finnhub.io/api/news?id=6cce000504a28928bc1454e953963307a6e897b8bfc67cfda2bec9a63b64f09e,2025-09-21,"1 Reason to Be Very, Very Excited About Rivian Stock Right Now. Next year could transform Rivian's entire business.",0.4536
2025-09-21 09:30:00,Is Rivian Stock a Buy Now?,"Rivian's stock is trading way down from its high, but well off its lows. Whether it is worth buying depends on your risk profile.",Yahoo,https://finnhub.io/api/news?id=867b6377ec2f12e3fe1dfc156f77866a17ee37d278f3b469085ff8234e993f6d,2025-09-21,"Is Rivian Stock a Buy Now?. Rivian's stock is trading way down from its high, but well off its lows. Whether it is worth buying depends on your risk profile.",0.0387
2025-09-20 13:00:38,Rivian (RIVN) Is Up 6.8% After $5 Billion Georgia Factory Groundbreaking—Is Its Growth Outlook Recharged?,"Rivian Automotive recently held a groundbreaking ceremony for its new US$5 billion Georgia manufacturing plant, which is expected to create more than 15,000 jobs by 2030 and eventually assemble the company’s next-generation R2 SUV and R3 crossover. This expansion signals Rivian’s commitment to ramping up production for both US and international markets, backed by significant federal funding and new public-private partnerships. We will examine how Rivian’s major investment in domestic...",Yahoo,https://finnhub.io/api/news?id=d419261851e5e4fddec7b7a675c64674694fe905cbee68e9a9a25e7c6bfae269,2025-09-20,"Rivian (RIVN) Is Up 6.8% After $5 Billion Georgia Factory Groundbreaking—Is Its Growth Outlook Recharged?. Rivian Automotive recently held a groundbreaking ceremony for its new US$5 billion Georgia manufacturing plant, which is expected to create more than 15,000 jobs by 2030 and eventually assemble the company’s next-generation R2 SUV and R3 crossover. This expansion signals Rivian’s commitment to ramping up production for both US and international markets, backed by significant federal funding",0.802
2025-09-19 13:33:00,NIO or RIVN: Which of These EV stocks is Better Positioned Now?,"NIO's surging sales, new model launches and battery swap edge make it look stronger than Rivian's slowing deliveries and widening losses.",Yahoo,https://finnhub.io/api/news?id=b7ea2f6471dccc4ebade5f48ab5baf7fc5ff0172d06a83adfb22977c0f986d19,2025-09-19,"NIO or RIVN: Which of These EV stocks is Better Positioned Now?. NIO's surging sales, new model launches and battery swap edge make it look stronger than Rivian's slowing deliveries and widening losses.",0.4215
2025-09-19 12:57:00,"IonQ, Rigetti Computing and D-Wave Quantum","IonQ, Rigetti, and D-Wave rally as fresh deals, global demand, and government support push quantum stocks further into the spotlight.",Yahoo,https://finnhub.io/api/news?id=1a40bfbd84c4f87d13f4031dd44d2f776c1e5346645cec0fa3244dd53937ed2a,2025-09-19,"IonQ, Rigetti Computing and D-Wave Quantum. IonQ, Rigetti, and D-Wave rally as fresh deals, global demand, and government support push quantum stocks further into the spotlight.",0.5423
2025-09-19 00:06:12,"Park-Ohio, Orion, Great Lakes Dredge & Dock, Rivian, and Allient Shares Skyrocket, What You Need To Know","A number of stocks jumped in the afternoon session after investors scooped up equities, shaking off the initial concerns inferred from the Fed's dot plot, with tech stocks leading the charge.",Yahoo,https://finnhub.io/api/news?id=9788de251babb346452441a7d15ebef99bf9681af2493d275d0284e29a7f0635,2025-09-19,"Park-Ohio, Orion, Great Lakes Dredge & Dock, Rivian, and Allient Shares Skyrocket, What You Need To Know. A number of stocks jumped in the afternoon session after investors scooped up equities, shaking off the initial concerns inferred from the Fed's dot plot, with tech stocks leading the charge.",0.7096
2025-09-18 18:19:17,Hyundai says it will spend $2.7 billion expanding the Georgia plant raided by ICE,"Hyundai Motor Group on Thursday confirmed it is going forward with previously announced plans to expand its Georgia plant, just weeks after an immigration raid delayed the startup of an electric vehicle battery plant at the site.  As part of a broader investment strategy, Hyundai said it would spend $2.7 billion to increase production capacity at the Ellabell site by 200,000 over the next three years, to a total of 500,000 vehicles a year.  The company first announced the expansion in March at t",Yahoo,https://finnhub.io/api/news?id=d7c8e9070313f7d3800631fac6047d4b5641ecf1cda8c45dd217b807873a0c9e,2025-09-18,"Hyundai says it will spend $2.7 billion expanding the Georgia plant raided by ICE. Hyundai Motor Group on Thursday confirmed it is going forward with previously announced plans to expand its Georgia plant, just weeks after an immigration raid delayed the startup of an electric vehicle battery plant at the site.  As part of a broader investment strategy, Hyundai said it would spend $2.7 billion to increase production capacity at the Ellabell site by 200,000 over the next three years, to a total o",0.4019
2025-09-18 18:19:00,"Quantum Stocks Break Out: What's Next for IONQ, RGTI and QBTS?","IonQ, Rigetti Computing and D-Wave Quantum stocks continue rally unabated",Yahoo,https://finnhub.io/api/news?id=a835c05c642d9e0037abee28d9e9f2f8d3fe5a9e9dfdc62907cb9bd410d4fea1,2025-09-18,"Quantum Stocks Break Out: What's Next for IONQ, RGTI and QBTS?. IonQ, Rigetti Computing and D-Wave Quantum stocks continue rally unabated",0.0
2025-09-18 16:15:51,Rivian begins construction of new EV plant,The initial phase of the plant's construction is scheduled to start in 2026.,Yahoo,https://finnhub.io/api/news?id=c1416d7e659754b70f96756012ed038d3e53388c94224c075dbf0e7e540f8d77,2025-09-18,Rivian begins construction of new EV plant. The initial phase of the plant's construction is scheduled to start in 2026.,0.0
2025-09-18 13:29:04,Rivian Breaks Ground on $6.6 Billion Georgia EV Plant,Shares continue to stay strong as investors back Rivian's long-term growth plan,Yahoo,https://finnhub.io/api/news?id=82dde60f1679062eff41677d7e9f8a909f6c378d533ea7d9fe70a41dab91833c,2025-09-18,Rivian Breaks Ground on $6.6 Billion Georgia EV Plant. Shares continue to stay strong as investors back Rivian's long-term growth plan,0.7964
2025-09-18 10:10:42,"IDRV: Attractive Growth Trend, Uncertain Holdings",IDRV ETF offers broad exposure to electric vehicles and battery technologies but limited self-driving tech representation. Click here to read why IDRV is a Hold.,SeekingAlpha,https://finnhub.io/api/news?id=0dfd321d7974cf90d13bf216bfff0a68f3bf046910f8ab487f700f3c596f392f,2025-09-18,"IDRV: Attractive Growth Trend, Uncertain Holdings. IDRV ETF offers broad exposure to electric vehicles and battery technologies but limited self-driving tech representation. Click here to read why IDRV is a Hold.",-0.0516
2025-09-18 08:18:35,Rivian: The New Georgia Plant Is A Game Changer,Rivian's underperformance relative to the broader market doesn't look dramatic. Click here to see why RIVN stock is a Buy.,SeekingAlpha,https://finnhub.io/api/news?id=592b221859bc6893fcff101f200efb026a2cae4437646f6595deb567cea31ff5,2025-09-18,Rivian: The New Georgia Plant Is A Game Changer. Rivian's underperformance relative to the broader market doesn't look dramatic. Click here to see why RIVN stock is a Buy.,0.0
2025-09-17 14:55:00,Is Lucid Group Stock Expensive? 4 Charts to Explore,Lucid Group stock is cheaper than many investors realize. But is it a buy?,Yahoo,https://finnhub.io/api/news?id=16fc592ae163b3c6244c7c2735000ae63438760fe289f5461d0257b72ab42afd,2025-09-17,Is Lucid Group Stock Expensive? 4 Charts to Explore. Lucid Group stock is cheaper than many investors realize. But is it a buy?,0.0
2025-09-17 12:45:00,"Where Will Rivian Be in 2028, and Is It a Buy Now?",Investing in the right young electric vehicle (EV) maker could prove lucrative long term. Is Rivian the right EV maker?,Yahoo,https://finnhub.io/api/news?id=2fdc3543a991dbfa2f633d2b3714513b5a301fd83ab19062d65b3b06b91996f8,2025-09-17,"Where Will Rivian Be in 2028, and Is It a Buy Now?. Investing in the right young electric vehicle (EV) maker could prove lucrative long term. Is Rivian the right EV maker?",0.0
2025-09-17 11:19:31,"Trending tickers: Nio, Microsoft, Baidu, Rivian and Barratt",The latest investor updates on stocks that are trending on Wednesday,Yahoo,https://finnhub.io/api/news?id=9b85b34bde54ace37363ea9f3451ee0fe034b8ee6e44b6304c83c18af418dd3b,2025-09-17,"Trending tickers: Nio, Microsoft, Baidu, Rivian and Barratt. The latest investor updates on stocks that are trending on Wednesday",0.0
2025-09-16 21:28:52,"Rivian breaks ground on delayed Georgia plant for high-volume R2, R3 and future low-cost models",Rivian plans to start production in Georgia with R2 and R3 crossovers when the plant is finished in 2028. Low-cost models could follow.,Yahoo,https://finnhub.io/api/news?id=743745d34f390e1cdd138db8e1de62f3e1fd602b64c7f512d93edee3a6088549,2025-09-16,"Rivian breaks ground on delayed Georgia plant for high-volume R2, R3 and future low-cost models. Rivian plans to start production in Georgia with R2 and R3 crossovers when the plant is finished in 2028. Low-cost models could follow.",-0.2263
2025-09-16 21:16:36,Rivian Stock Jumps 5% After Breaking Ground On Flagship EV Factory In Georgia,Rivian Stock Pops 5% As Georgia Factory Breaks Ground On $5 Billion EV Project,Yahoo,https://finnhub.io/api/news?id=44aa3003803ec0738c04faefcff5b8d90dde4393985079d92c1796d8e993f6f7,2025-09-16,Rivian Stock Jumps 5% After Breaking Ground On Flagship EV Factory In Georgia. Rivian Stock Pops 5% As Georgia Factory Breaks Ground On $5 Billion EV Project,0.1027
2025-09-16 19:11:00,Rivian Is Building a Georgia Factory in the Face of an EV Slump,"The plant, scheduled to open in 2028, would support the company’s R2 sport-utility vehicle and smaller R3 crossover model.",Yahoo,https://finnhub.io/api/news?id=a3f674dc4cfe456bc6a03b110528a3198ce2f5919c0bdf74cfbe552eec19158e,2025-09-16,"Rivian Is Building a Georgia Factory in the Face of an EV Slump. The plant, scheduled to open in 2028, would support the company’s R2 sport-utility vehicle and smaller R3 crossover model.",0.4019
2025-09-16 19:03:23,Rivian breaks ground on $5B Georgia factory ahead of construction in 2026,"While largely ceremonial, it's an important step for a project that has dealt with a lot of uncertainty the last few years. Rivian R2 SUVs will roll off the line in 2028.",Yahoo,https://finnhub.io/api/news?id=f9f363a14664d55f12e00460d7604c6b7f3dc6749cf4a585d0bf1fb994f28d84,2025-09-16,"Rivian breaks ground on $5B Georgia factory ahead of construction in 2026. While largely ceremonial, it's an important step for a project that has dealt with a lot of uncertainty the last few years. Rivian R2 SUVs will roll off the line in 2028.",-0.1531
2025-09-16 16:47:00,"Rivian Holds Kickoff Ceremony for Georgia Plant, Accelerating American Manufacturing Growth","SOCIAL CIRCLE, Ga., September 16, 2025--Rivian today was joined by Georgia Governor Brian Kemp, First Lady Marty Kemp, Georgia Speaker of the House Jon Burns, and other state and local officials for a groundbreaking ceremony at the company’s manufacturing site outside Social Circle, Georgia. Expected to create 7,500 jobs by 2030 and 2,000 construction jobs, the plant will build Rivian’s next generation vehicles, including the midsize R2 SUV and R3 crossover.",Yahoo,https://finnhub.io/api/news?id=ce3627c66c9a90e4e8fd8135008451a89c33f73c3595dfe671915d7301195a45,2025-09-16,"Rivian Holds Kickoff Ceremony for Georgia Plant, Accelerating American Manufacturing Growth. SOCIAL CIRCLE, Ga., September 16, 2025--Rivian today was joined by Georgia Governor Brian Kemp, First Lady Marty Kemp, Georgia Speaker of the House Jon Burns, and other state and local officials for a groundbreaking ceremony at the company’s manufacturing site outside Social Circle, Georgia. Expected to create 7,500 jobs by 2030 and 2,000 construction jobs, the plant will build Rivian’s next generation v",0.5719
2025-09-16 12:05:44,It's 'do or die' for electric vehicle maker Rivian as it breaks ground on a $5 billion plant,"It seems like a terrible time to build an electric vehicle plant in the United States, but Rivian Automotive leaders say they're confident as the company starts long-delayed work on a $5 billion facility in Georgia.  The money-losing California-based company breaks ground Tuesday east of Atlanta despite President Donald Trump’s successful push to roll back electric vehicle tax credits.  Rivian Chief Policy Officer Alan Hoffman said the company believes it can sell electric vehicles not for envir",Yahoo,https://finnhub.io/api/news?id=efb737b37b11e8860a9d565ae432acb59482c04492e172d49bb1b4a3ba185f8e,2025-09-16,"It's 'do or die' for electric vehicle maker Rivian as it breaks ground on a $5 billion plant. It seems like a terrible time to build an electric vehicle plant in the United States, but Rivian Automotive leaders say they're confident as the company starts long-delayed work on a $5 billion facility in Georgia.  The money-losing California-based company breaks ground Tuesday east of Atlanta despite President Donald Trump’s successful push to roll back electric vehicle tax credits.  Rivian Chief Pol",0.9169
2025-09-15 11:17:51,"Software glitch prompts Rivian to recall over 24,000 EVs","The recall affects 4,386 units of the R1T and 19,828 units of the R1S, all from the 2025 model year.",Yahoo,https://finnhub.io/api/news?id=06f0614766454444c30f213d70c2dd3b727244ac6ff038c90f6d5ad49714093a,2025-09-15,"Software glitch prompts Rivian to recall over 24,000 EVs. The recall affects 4,386 units of the R1T and 19,828 units of the R1S, all from the 2025 model year.",0.0
2025-09-15 11:15:17,"Tesla halts base Cybertruck orders; Rivian, Ford, Ram also see weak demand for EV pickups","Tesla introduced the base model in April, lowering the entry price by $10,000 but dropping key features such as all-wheel drive.",Yahoo,https://finnhub.io/api/news?id=77233a6e71e869b7068f193ae40cd35fed0911a17b7242595880d7eee2aa5d6e,2025-09-15,"Tesla halts base Cybertruck orders; Rivian, Ford, Ram also see weak demand for EV pickups. Tesla introduced the base model in April, lowering the entry price by $10,000 but dropping key features such as all-wheel drive.",-0.4019
2025-09-14 07:30:39,"Consumer Tech News (September 8 – September 12): Rally Rolls On As iPhone 17 Underwhelms, Microsoft Bets On AI Chips, Oracle Reports Q1","Fed-cut optimism kept markets rallying as iPhone 17 underwhelmed, Oracle posted mixed Q1, Microsoft doubled down on AI chips, and macro signals stayed muddled.",Benzinga,https://finnhub.io/api/news?id=04f65533f6257f66fd899e4e0f616218ef9486304f805de6a6c40df79a743841,2025-09-14,"Consumer Tech News (September 8 – September 12): Rally Rolls On As iPhone 17 Underwhelms, Microsoft Bets On AI Chips, Oracle Reports Q1. Fed-cut optimism kept markets rallying as iPhone 17 underwhelmed, Oracle posted mixed Q1, Microsoft doubled down on AI chips, and macro signals stayed muddled.",0.5423
2025-09-14 01:14:11,"Opendoor Chairman Keith Rabois Calls Company 'Bloated,' Says Only 200 Of 1,400 Employees Needed: Promises Merit-Driven Overhaul","Returning to OPEN board as chairman, Keith Rabois plans to cut 85% of the workforce and revamp culture. Tech layoffs surge amid AI push.",Benzinga,https://finnhub.io/api/news?id=634ca3dadda19b35497f17f71afe0a07776e0e26919e731344124173df67f36c,2025-09-14,"Opendoor Chairman Keith Rabois Calls Company 'Bloated,' Says Only 200 Of 1,400 Employees Needed: Promises Merit-Driven Overhaul. Returning to OPEN board as chairman, Keith Rabois plans to cut 85% of the workforce and revamp culture. Tech layoffs surge amid AI push.",0.128
2025-09-13 13:55:07,Is Rivian Stock Fairly Priced After Amazon Tests GM BrightDrop Electric Vans?,"Deciding what to do with your Rivian Automotive stock right now might feel like you are straddling the line between fear of missing out and lingering market skepticism. Over the past month, Rivian’s share price has jumped 9.6%, only to slip by 5.3% in the last week. Even on a bigger timescale, there is a tale of two charts here: a modest 1.6% gain year-to-date contrasts sharply with a staggering 65.7% drop over the past three years. These swings are not just numbers; they reflect how...",Yahoo,https://finnhub.io/api/news?id=594022fc131528728faf14b25256638e5a2c84a2ad6373b0ff2712845cba072c,2025-09-13,"Is Rivian Stock Fairly Priced After Amazon Tests GM BrightDrop Electric Vans?. Deciding what to do with your Rivian Automotive stock right now might feel like you are straddling the line between fear of missing out and lingering market skepticism. Over the past month, Rivian’s share price has jumped 9.6%, only to slip by 5.3% in the last week. Even on a bigger timescale, there is a tale of two charts here: a modest 1.6% gain year-to-date contrasts sharply with a staggering 65.7% drop over the pa",0.0772
2025-09-12 21:45:05,Here's Why Rivian Automotive (RIVN) Fell More Than Broader Market,"Rivian Automotive (RIVN) closed the most recent trading day at $13.46, moving 3.65% from the previous trading session.",Yahoo,https://finnhub.io/api/news?id=26cfaeb990499a2b1fadab3723cebaf3a48d88a288a06121b6506ea8cda31920,2025-09-12,"Here's Why Rivian Automotive (RIVN) Fell More Than Broader Market. Rivian Automotive (RIVN) closed the most recent trading day at $13.46, moving 3.65% from the previous trading session.",0.0
2025-09-12 20:31:55,Stellantis stops development on electric Ram 1500 pickup,"DETROIT (Reuters) -Stellantis is axing its Ram 1500 electric pickup, citing slow demand for full-size EV trucks, the company said Friday.  ""As demand for full-size battery electric trucks slows in North America, Stellantis is reassessing its product strategy and will discontinue development of a full-size BEV pickup,"" a company spokesperson said.",Yahoo,https://finnhub.io/api/news?id=a1a1f43264c0946284a70a7a8427d95b7e1ed893c2075bd663d03ffad268da1c,2025-09-12,"Stellantis stops development on electric Ram 1500 pickup. DETROIT (Reuters) -Stellantis is axing its Ram 1500 electric pickup, citing slow demand for full-size EV trucks, the company said Friday.  ""As demand for full-size battery electric trucks slows in North America, Stellantis is reassessing its product strategy and will discontinue development of a full-size BEV pickup,"" a company spokesperson said.",-0.3818
2025-09-12 20:18:19,Why Rivian Stock Dropped Today,Is Amazon getting ready to dump Rivian as its electric van supplier?,Yahoo,https://finnhub.io/api/news?id=9a5bb920f0b39ecbd1e95420a412b5e9a05d82d43ac81a8282114303c26fad74,2025-09-12,Why Rivian Stock Dropped Today. Is Amazon getting ready to dump Rivian as its electric van supplier?,0.1531
2025-09-12 20:06:31,"Rivian Recalls 24,000 EVs For Highway Assist Glitch",Automaker fixes issue remotely with over-the-air software update,Yahoo,https://finnhub.io/api/news?id=508bd048174d3382aa85af78dbf7ffb3bd53ab5812c2cc30791e38ae016f52ae,2025-09-12,"Rivian Recalls 24,000 EVs For Highway Assist Glitch. Automaker fixes issue remotely with over-the-air software update",0.0
2025-09-12 19:39:17,Amazon testing GM's electric delivery vans in sustainability push,"A little more than a dozen vans are being tested, placing them among a fleet that includes electric vehicles built by Rivian, the company said.  GM had sold 12 2024 model BrightDrop vans to Amazon in 2023.  Amazon spokesperson Steve Kelly said the company regularly tests various vehicle options.",Yahoo,https://finnhub.io/api/news?id=7b27b85bed26048baa5ca8ea474ae7a6b0c18dd67fcb412dff96f378c5d8c4b9,2025-09-12,"Amazon testing GM's electric delivery vans in sustainability push. A little more than a dozen vans are being tested, placing them among a fleet that includes electric vehicles built by Rivian, the company said.  GM had sold 12 2024 model BrightDrop vans to Amazon in 2023.  Amazon spokesperson Steve Kelly said the company regularly tests various vehicle options.",0.4767
2025-09-12 19:31:30,Market Chatter: Amazon Tests GM Electric Vans in Push to Meet Climate Change Goals,Amazon (AMZN) is testing General Motors' (GM) BrightDrop electric van as the e-commerce giant weighs,Yahoo,https://finnhub.io/api/news?id=1012b40bced5aca275c16daab1cc6704ef30d17e79d87c148d2b3aaa1c77e884,2025-09-12,Market Chatter: Amazon Tests GM Electric Vans in Push to Meet Climate Change Goals. Amazon (AMZN) is testing General Motors' (GM) BrightDrop electric van as the e-commerce giant weighs,0.34
2025-09-12 17:08:24,"Tesla stock gains, Rivian recall, Circle reacts to Gemini IPO","Yahoo Finance host Julie Hyman tracks today's top moving stocks and biggest market stories in this Market Minute, including Tesla's (TSLA) latest stock gains, EV developer Rivian (RIVN) recalling 24,000 vehicles, and Circle Internet Group's (CRCL) stock reaction to the IPO of Gemini Space Station (GEMI). Stay up to date on the latest market action, minute-by-minute, with Yahoo Finance's Market Minute.",Yahoo,https://finnhub.io/api/news?id=c51daf94a9b221e65efabfdc7543c1dd1f40438c90db3eeb8667b71681c73965,2025-09-12,"Tesla stock gains, Rivian recall, Circle reacts to Gemini IPO. Yahoo Finance host Julie Hyman tracks today's top moving stocks and biggest market stories in this Market Minute, including Tesla's (TSLA) latest stock gains, EV developer Rivian (RIVN) recalling 24,000 vehicles, and Circle Internet Group's (CRCL) stock reaction to the IPO of Gemini Space Station (GEMI). Stay up to date on the latest market action, minute-by-minute, with Yahoo Finance's Market Minute.",0.6808
2025-09-12 16:56:14,Why Rivian (RIVN) Stock Is Falling Today,"Shares of electric vehicle manufacturer Rivian (NASDAQ:RIVN) fell 4.8% in the morning session after the company recalled over 24,000 of its 2025 model year R1T and R1S vehicles due to a software issue.",Yahoo,https://finnhub.io/api/news?id=aee7ee20364256a85f0857e1b102a4ff593977a52e1af419aa7467a8e85cef80,2025-09-12,"Why Rivian (RIVN) Stock Is Falling Today. Shares of electric vehicle manufacturer Rivian (NASDAQ:RIVN) fell 4.8% in the morning session after the company recalled over 24,000 of its 2025 model year R1T and R1S vehicles due to a software issue.",0.1531
2025-09-12 15:30:22,BC-Most Active Stocks,"td class=""col-issue"">Next Technology Holding Inc.",Yahoo,https://finnhub.io/api/news?id=9d4293c9d74a42380ab652b2ed691f50fbdd9bf4653cc7cc465492d829b17a07,2025-09-12,"BC-Most Active Stocks. td class=""col-issue"">Next Technology Holding Inc.",0.4019
2025-09-12 13:56:00,"Rivian Has a Recall, Tesla Style. The Stock Is Up.","The EV maker is recalling 24,214 vehicles to correct an issue with its driver-assistance features. An over-the-air update to its software is expected to fix the problem.",Yahoo,https://finnhub.io/api/news?id=ca3e7658a6859aa717ba46871499a57781560ef634154c2c899267668e9ab370,2025-09-12,"Rivian Has a Recall, Tesla Style. The Stock Is Up.. The EV maker is recalling 24,214 vehicles to correct an issue with its driver-assistance features. An over-the-air update to its software is expected to fix the problem.",-0.4019
2025-09-12 12:30:02,"Dear Rivian Stock Fans, Mark Your Calendars for September 30","Rivian stock has significantly underperformed the broader market since its IPO in 2021, due to a variety of reasons, including rising competition and slowing demand. Is there more pain ahead for RIVN stock?",Yahoo,https://finnhub.io/api/news?id=e41390509d86a20b40b4fc59211ff021c1c25c84d223c4a0248699e8c0bf23eb,2025-09-12,"Dear Rivian Stock Fans, Mark Your Calendars for September 30. Rivian stock has significantly underperformed the broader market since its IPO in 2021, due to a variety of reasons, including rising competition and slowing demand. Is there more pain ahead for RIVN stock?",-0.3597
2025-09-12 04:33:22,Q2 Earnings Highlights: Rivian (NASDAQ:RIVN) Vs The Rest Of The Automobile Manufacturing Stocks,The end of an earnings season can be a great time to discover new stocks and assess how companies are handling the current business environment. Let’s take a look at how Rivian (NASDAQ:RIVN) and the rest of the automobile manufacturing stocks fared in Q2.,Yahoo,https://finnhub.io/api/news?id=9a1a3f4a97282f7c370739a22def41b984987c28f2baabec8a9879807fc1073d,2025-09-12,Q2 Earnings Highlights: Rivian (NASDAQ:RIVN) Vs The Rest Of The Automobile Manufacturing Stocks. The end of an earnings season can be a great time to discover new stocks and assess how companies are handling the current business environment. Let’s take a look at how Rivian (NASDAQ:RIVN) and the rest of the automobile manufacturing stocks fared in Q2.,0.6249
2025-09-11 23:24:43,"Rivian Automotive, Inc. (RIVN) Presents At Morgan Stanley's 13th Annual Laguna Conference Transcript","Discover Rivianâs R2 SUV advances, autonomy tech, and supply chain strategy from the 2025 Morgan Stanley Laguna Conference.",SeekingAlpha,https://finnhub.io/api/news?id=f383a8abc854ee2a63cd670248b73cc4643b4aa618c58eee0019b9a9b8bd5014,2025-09-11,"Rivian Automotive, Inc. (RIVN) Presents At Morgan Stanley's 13th Annual Laguna Conference Transcript. Discover Rivianâs R2 SUV advances, autonomy tech, and supply chain strategy from the 2025 Morgan Stanley Laguna Conference.",0.0
2025-09-11 19:16:11,"Rivian (RIVN) Stock Trades Up, Here Is Why",Shares of electric vehicle manufacturer Rivian (NASDAQ:RIVN) jumped 3.1% in the afternoon session after the company and Volkswagen Group announced a joint semiconductor procurement strategy to streamline their supply chain and cut costs.,Yahoo,https://finnhub.io/api/news?id=03d0e456943ffe57cd769a1aac74004549547806ef26e964310f17e7229ba6b6,2025-09-11,"Rivian (RIVN) Stock Trades Up, Here Is Why. Shares of electric vehicle manufacturer Rivian (NASDAQ:RIVN) jumped 3.1% in the afternoon session after the company and Volkswagen Group announced a joint semiconductor procurement strategy to streamline their supply chain and cut costs.",0.0258
2025-09-11 17:04:44,Rivian Balances Layoffs and $1 Billion Volkswagen Investment Ahead of R2 Launch,"Rivian Automotive, Inc. (NASDAQ:RIVN) is one of the 10 Best EV Stocks to Buy According to Hedge Funds. The company lays off employees amid a $1 billion equity investment and while awaiting the launch of its R2 SUV. In the second quarter of 2025, Rivian Automotive, Inc. (NASDAQ:RIVN) achieved notable progress in the development of the […]",Yahoo,https://finnhub.io/api/news?id=ba776c467fdfc55daef8ee6ea2cf005a643d00e110dcd83c3e8b9acbefa29eb6,2025-09-11,"Rivian Balances Layoffs and $1 Billion Volkswagen Investment Ahead of R2 Launch. Rivian Automotive, Inc. (NASDAQ:RIVN) is one of the 10 Best EV Stocks to Buy According to Hedge Funds. The company lays off employees amid a $1 billion equity investment and while awaiting the launch of its R2 SUV. In the second quarter of 2025, Rivian Automotive, Inc. (NASDAQ:RIVN) achieved notable progress in the development of the […]",0.7906
2025-11-09 11:05:00,Rivian Shares Skyrocket. Is It Too Late to Buy the Stock?,It may be time to pump the brakes on this EV maker after a huge jump in its share price.,Yahoo,https://finnhub.io/api/news?id=1cc25329d4cf9b9b84f4be8b04c8fe5b840e1f64379616290d20ce90ebbd4eab,2025-11-09,Rivian Shares Skyrocket. Is It Too Late to Buy the Stock?. It may be time to pump the brakes on this EV maker after a huge jump in its share price.,0.6908
2025-11-08 18:10:00,"Rivian’s Chart Says Go, But Some Analysts Still Say No","Rivian’s fundamentals and chart both suggest the bulls have a lot to look forward. However, split analyst sentiment keeps the near-term path uncertain.",Yahoo,https://finnhub.io/api/news?id=82ac9ffcc6acf0af697a25c7b0de7e93b6ff9bcca25a8d4643c84ea989cf9fc8,2025-11-08,"Rivian’s Chart Says Go, But Some Analysts Still Say No. Rivian’s fundamentals and chart both suggest the bulls have a lot to look forward. However, split analyst sentiment keeps the near-term path uncertain.",-0.4215
2025-11-08 10:10:11,Is Rivian Set for Growth After Production Milestones and a 16% Share Price Jump?,"Wondering if Rivian Automotive's stock is priced right or hiding an opportunity? You're not alone. Let's dig into what the numbers really say. Recently, Rivian shares have seen a surge, climbing 12.2% in just the last week and 16.0% over the past month. They are up 14.9% year-to-date. However, longer-term holders know the ride has been volatile, with a 43.8% gain in the last year, but still down 56.4% over three years. Much of this movement comes from headlines about Rivian's new production...",Yahoo,https://finnhub.io/api/news?id=192784a9ecf27b094331151a0c5f3e2615ba8009a963506716c172b6114ead5a,2025-11-08,"Is Rivian Set for Growth After Production Milestones and a 16% Share Price Jump?. Wondering if Rivian Automotive's stock is priced right or hiding an opportunity? You're not alone. Let's dig into what the numbers really say. Recently, Rivian shares have seen a surge, climbing 12.2% in just the last week and 16.0% over the past month. They are up 14.9% year-to-date. However, longer-term holders know the ride has been volatile, with a 43.8% gain in the last year, but still down 56.4% over three ye",0.7375
2025-11-07 21:06:53,EV maker Rivian gives CEO a Musk-style pay package worth up to $4.6 billion,"(Reuters) -Electric pickup and SUV maker Rivian said on Friday it was giving its CEO a pay plan worth as much as $4.6 billion over the next decade, a deal similar to Tesla's record package for CEO Elon Musk, and linked to new ​profit targets and lower share price milestones than a previous deal.  The move by the Rivian board shows that the Tesla plan for Musk could become a model for companies aiming to grow ‌fast.  Rivian's pay package for its CEO RJ Scaringe could be one of the richest in hist",Yahoo,https://finnhub.io/api/news?id=87849db82d4c5288eb99b9b7b2b921c6e1c15c83a30b42303855f0f0daa67cad,2025-11-07,"EV maker Rivian gives CEO a Musk-style pay package worth up to $4.6 billion. (Reuters) -Electric pickup and SUV maker Rivian said on Friday it was giving its CEO a pay plan worth as much as $4.6 billion over the next decade, a deal similar to Tesla's record package for CEO Elon Musk, and linked to new ​profit targets and lower share price milestones than a previous deal.  The move by the Rivian board shows that the Tesla plan for Musk could become a model for companies aiming to grow ‌fast.  Riv",0.5267
2025-11-07 21:02:22,Rivian gives RJ Scaringe a new pay package worth up to $5B,"The company canceled a similar-sized award from 2021, when EV optimism was sky-high, due to the ""unlikeliness"" that the associated goals could be met.",Yahoo,https://finnhub.io/api/news?id=aaedb6a22b8ef104258dd2cc82a50e6025cbec59e988767e0d08b461ee267e98,2025-11-07,"Rivian gives RJ Scaringe a new pay package worth up to $5B. The company canceled a similar-sized award from 2021, when EV optimism was sky-high, due to the ""unlikeliness"" that the associated goals could be met.",0.8176
2025-11-07 15:00:00,Why I'm Watching Lucid Group Stock Closely Even If Experts Think It's Overvalued,"Lucid Group, Tesla, and Rivian are all attempting bold transformations.",Yahoo,https://finnhub.io/api/news?id=1c041626a0a97a7b1bfd4e8f868e9c1a5412ce1aa5230100c2090c5054988af9,2025-11-07,"Why I'm Watching Lucid Group Stock Closely Even If Experts Think It's Overvalued. Lucid Group, Tesla, and Rivian are all attempting bold transformations.",0.3818
2025-11-07 13:56:05,Rivian Loses Steam on Mixed Signals; Trades Below Tesla,"Rivian shares fell on a mixed Q3—revenue beat ($1.56B, +78%) and first ex-credits gross profit ($24M) but cash-burn worries persist—as JPMorgan kept Underweight ($10), noting valuation below Tesla yet above Chinese BEVs.",Benzinga,https://finnhub.io/api/news?id=a7b7fe3ec63730963494206d5b2bc49ab5672b751c0d64eba61bee126be2f4e3,2025-11-07,"Rivian Loses Steam on Mixed Signals; Trades Below Tesla. Rivian shares fell on a mixed Q3—revenue beat ($1.56B, +78%) and first ex-credits gross profit ($24M) but cash-burn worries persist—as JPMorgan kept Underweight ($10), noting valuation below Tesla yet above Chinese BEVs.",-0.5927
2025-11-07 12:46:00,Rivian Stock Soared After Earnings. Is It a Buy Now?,"Is the big post-earnings jump a sign of more upside ahead, or just temporary relief?",Yahoo,https://finnhub.io/api/news?id=3271b65e9bde0278f9ae41e5fb2d4a5770efb584bf34648f712e78670ed619ee,2025-11-07,"Rivian Stock Soared After Earnings. Is It a Buy Now?. Is the big post-earnings jump a sign of more upside ahead, or just temporary relief?",0.5362
2025-11-07 10:33:11,Rivian: Tesla-Like Rocket Or Fisker-Like Sinking Boat? I Like Their Story,"Rivian Automotive, Inc. is evaluated as potential next Tesla, but with significant differences in scale & valuation. Learn more about RIVN stock here.",SeekingAlpha,https://finnhub.io/api/news?id=c15af640c5f327d715132844684af7f9af41083802665560910dac2449274ddb,2025-11-07,"Rivian: Tesla-Like Rocket Or Fisker-Like Sinking Boat? I Like Their Story. Rivian Automotive, Inc. is evaluated as potential next Tesla, but with significant differences in scale & valuation. Learn more about RIVN stock here.",0.4497
2025-11-07 10:15:00,Where Will Rivian Stock Be in 3 Years?,Will America's embattled EV industry ever bounce back?,Yahoo,https://finnhub.io/api/news?id=aa284992cffedd00b9ce9b8d6b5dcfc2046937c96e7c40d5087557418735d1c4,2025-11-07,Where Will Rivian Stock Be in 3 Years?. Will America's embattled EV industry ever bounce back?,0.0
2025-11-07 09:19:00,Should Rivian Investors Be Alarmed After the EV Maker's Recent Move?,"It's been a bit of a slow 2025 for Rivian with no vehicle launches, but should investors start to worry after its recent move?",Yahoo,https://finnhub.io/api/news?id=87748c159d8c67da06a27510e2c6a932ce300195ff6bce847bfeb3abd3704a7c,2025-11-07,"Should Rivian Investors Be Alarmed After the EV Maker's Recent Move?. It's been a bit of a slow 2025 for Rivian with no vehicle launches, but should investors start to worry after its recent move?",-0.7587
2025-11-07 04:39:56,1 Cash-Burning Stock with Exciting Potential and 2 Facing Challenges,"Rapid spending isn’t always a sign of progress. Some cash-burning businesses fail to convert investments into meaningful competitive advantages, leaving them vulnerable.",Yahoo,https://finnhub.io/api/news?id=c7c508605a40315bcf416e14625feec8e8d3e98bb37416071bd1802f559cb6c7,2025-11-07,"1 Cash-Burning Stock with Exciting Potential and 2 Facing Challenges. Rapid spending isn’t always a sign of progress. Some cash-burning businesses fail to convert investments into meaningful competitive advantages, leaving them vulnerable.",0.7506
2025-11-07 03:31:16,Rivian Robotics Spinoff Will 'Reshape How Physical World Businesses Operate',"Electric vehicle company Rivian Automotive (NASDAQ:RIVN) announced third-quarter financial results Tuesday along with an update on upcoming vehicles. The company also announced the spinoff of a new robotics company. RIVN is among today’s top performers. Get the inside scoop here. Rivian Robotics Unit Spinoff After spinning off micromobility assets into a company called ALSO, Rivian formed Mind Robotics, aimed at the industrial segment. ""We have been able to identify additional areas of value to",Yahoo,https://finnhub.io/api/news?id=3626546707789f3d161f7e0b29933e1210f3552c602e108d92f89e927b60e188,2025-11-07,"Rivian Robotics Spinoff Will 'Reshape How Physical World Businesses Operate'. Electric vehicle company Rivian Automotive (NASDAQ:RIVN) announced third-quarter financial results Tuesday along with an update on upcoming vehicles. The company also announced the spinoff of a new robotics company. RIVN is among today’s top performers. Get the inside scoop here. Rivian Robotics Unit Spinoff After spinning off micromobility assets into a company called ALSO, Rivian formed Mind Robotics, aimed at the in",0.4767
2025-11-07 03:02:47,Rivian: Time To Thrive,"Discover why Rivian stock is set for growth with the R2 SUV launch, tech partnerships, and expansion plans.",SeekingAlpha,https://finnhub.io/api/news?id=244bcda804d37cabc95e4a76b3cc57db83922643d15c225b3a812e1c5efb9ecc,2025-11-07,"Rivian: Time To Thrive. Discover why Rivian stock is set for growth with the R2 SUV launch, tech partnerships, and expansion plans.",0.3818
2025-11-06 21:33:00,Lucid Stock Rises. Numbers Weren’t Great.,Lucid reported a third-quarter per share loss of $3.31 from sales of $336.6 million. Wall Street was looking for a per-share loss of $2.32 from sales of $350 million.,Yahoo,https://finnhub.io/api/news?id=ac32d04503335b5b35f32c43cebb84d439510b95cb657b7a7559e14f43609ab5,2025-11-06,Lucid Stock Rises. Numbers Weren’t Great.. Lucid reported a third-quarter per share loss of $3.31 from sales of $336.6 million. Wall Street was looking for a per-share loss of $2.32 from sales of $350 million.,0.4019
2025-11-06 08:40:08,Lucid: Saudi Money Can't Buy Profitability,"Discover the latest on Lucid Group, Inc.âexplore recent results, industry headwinds, and the outlook for its luxury EVs. Click for my LCID Q3 earnings update.",SeekingAlpha,https://finnhub.io/api/news?id=89d2bfa414b1caaa34ec71beea2f7f5e13d815f16dbea8404d72dc2e9a5d325d,2025-11-06,"Lucid: Saudi Money Can't Buy Profitability. Discover the latest on Lucid Group, Inc.âexplore recent results, industry headwinds, and the outlook for its luxury EVs. Click for my LCID Q3 earnings update.",-0.2057
2025-11-05 15:51:00,Rivian's 25% Stock Rally Puts EV ETFs Back In Play—Time to Buy?,"Rivian stock jumped over 25% Wednesday after strong Q3 results, lifting EV ETFs after yesterday&#39;s dip. Is it a good time to buy these funds?",Benzinga,https://finnhub.io/api/news?id=7a8c3aec35c552613957899c2d4c6bfa58e62b684c34bb30f6bcc9987b512aec,2025-11-05,"Rivian's 25% Stock Rally Puts EV ETFs Back In Play—Time to Buy?. Rivian stock jumped over 25% Wednesday after strong Q3 results, lifting EV ETFs after yesterday&#39;s dip. Is it a good time to buy these funds?",0.7622
2025-11-05 13:05:58,12 Consumer Discretionary Stocks Moving In Wednesday's Intraday Session, ,Benzinga,https://finnhub.io/api/news?id=740a28ae1640c4a496e5d6b5321db2e72bafd083c48291063cc647a06f1f39a5,2025-11-05,12 Consumer Discretionary Stocks Moving In Wednesday's Intraday Session.  ,0.0
2025-11-05 12:56:53,"Johnson Controls, Babcock & Wilcox, Lemonade, Lumentum, Teva Pharmaceutical And Other Big Stocks Moving Higher On Wednesday", ,Benzinga,https://finnhub.io/api/news?id=bd7c1bd04eec4d771683f150e03ab42856ec230910d27e04fcc06b2c5c75b51f,2025-11-05,"Johnson Controls, Babcock & Wilcox, Lemonade, Lumentum, Teva Pharmaceutical And Other Big Stocks Moving Higher On Wednesday.  ",0.0
2025-11-05 04:21:19,Rivian: A Brand That Is Staying Top Of Mind Ahead Of R2 Launch,Rivian's Q3 results show strong revenue growth and cost savings; R2 launch on track for 2026. Discover why RIVN is a compelling long-term buy.,SeekingAlpha,https://finnhub.io/api/news?id=eb4a67fdfe0402611db2c46952060eb2f89ae82390c10e368fe0612397a39bcf,2025-11-05,Rivian: A Brand That Is Staying Top Of Mind Ahead Of R2 Launch. Rivian's Q3 results show strong revenue growth and cost savings; R2 launch on track for 2026. Discover why RIVN is a compelling long-term buy.,0.8225
2025-11-04 21:46:30,"Rivian Automotive, Inc. (RIVN) Q3 2025 Earnings Call Transcript","Rivian Automotive, Inc. (RIVN) Q3 2025 Earnings Call November 4, 2025 5:00 PM ESTCompany ParticipantsRobert Scaringe - Founder, CEO & Chairman of the...",SeekingAlpha,https://finnhub.io/api/news?id=13c90c3cc9848e33bbde334d01d5c99b36628c549e971ba703e3b1af172de7b0,2025-11-04,"Rivian Automotive, Inc. (RIVN) Q3 2025 Earnings Call Transcript. Rivian Automotive, Inc. (RIVN) Q3 2025 Earnings Call November 4, 2025 5:00 PM ESTCompany ParticipantsRobert Scaringe - Founder, CEO & Chairman of the...",0.0
2025-11-04 21:21:20,"AMD, Super Micro Computer, Upstart Holdings, Pinterest And Rivian: Why These 5 Stocks Are On Investors' Radars Today","AMD, SMCI, UPST, PINS, RIVN were among the stocks seen trending on Tuesday, Nov. 4, 2025.",Benzinga,https://finnhub.io/api/news?id=1b2bc1de07c8296965879fa662d56d9e449b2b86a1b2c7129e41d80654f301e8,2025-11-04,"AMD, Super Micro Computer, Upstart Holdings, Pinterest And Rivian: Why These 5 Stocks Are On Investors' Radars Today. AMD, SMCI, UPST, PINS, RIVN were among the stocks seen trending on Tuesday, Nov. 4, 2025.",0.5994
2025-11-04 16:16:20,"Rivian Q3 earnings preview: With EV tax credit expiring, focus turns to upcoming R2 midsize SUV","Rivian will report third quarter earnings after the bell on Tuesday, as the pure-play EV maker builds the case for eventual profitability, while navigating through the loss of federal EV tax credits.",Yahoo,https://finnhub.io/api/news?id=53f741d8ca0e94d5b2df351f7bde952cbf041c70d4f438f14868c4efae4f785c,2025-11-04,"Rivian Q3 earnings preview: With EV tax credit expiring, focus turns to upcoming R2 midsize SUV. Rivian will report third quarter earnings after the bell on Tuesday, as the pure-play EV maker builds the case for eventual profitability, while navigating through the loss of federal EV tax credits.",0.5994
2025-11-04 14:41:24,Rivian Make-or-Break Moment: Q3 Earnings Could Trigger Major Stock Move,Traders Expect Nearly 10% Swing in Rivian Stock as Q3 Earnings Loom,Yahoo,https://finnhub.io/api/news?id=61c2e0cce71a45fcde84ded4afddfadf6ae6ac06cc6dc08009382a683f532eec,2025-11-04,Rivian Make-or-Break Moment: Q3 Earnings Could Trigger Major Stock Move. Traders Expect Nearly 10% Swing in Rivian Stock as Q3 Earnings Loom,-0.2263
2025-11-04 12:16:40,Stocks Down Pre-Bell Ahead of Latest Round of Corporate Earnings,US equity futures were trending lower on Tuesday as traders await the latest batch of corporate earn,Yahoo,https://finnhub.io/api/news?id=30dc2f5a94faf4162f815864365fd2bdcc1a3ccc64b5469bbedfed4e0d2e6c30,2025-11-04,Stocks Down Pre-Bell Ahead of Latest Round of Corporate Earnings. US equity futures were trending lower on Tuesday as traders await the latest batch of corporate earn,-0.2023
2025-11-04 08:41:00,"1 Reason Tesla Stock Is Called a ""Strong Buy"" Before 2026","One veteran analyst believes Tesla is the ""most undervalued AI name.""",Yahoo,https://finnhub.io/api/news?id=4643745cbca0422c76abc8c612f73a76ccfb218d99e70355f4a6b4c2f8c4f066,2025-11-04,"1 Reason Tesla Stock Is Called a ""Strong Buy"" Before 2026. One veteran analyst believes Tesla is the ""most undervalued AI name.""",0.5106
2025-11-04 07:12:08,"Earnings Scheduled For November 4, 2025", ,Benzinga,https://finnhub.io/api/news?id=fb9b2d0e6287f7386fb1f10489cde791f88e5a4e951f742c3ca18eabe6b4399c,2025-11-04,"Earnings Scheduled For November 4, 2025.  ",0.0
2025-11-04 00:00:00,"AMD, Uber, Pfizer earnings on deck; ADP job data: What to Watch","Yahoo Finance Senior Reporter Allie Canal outlines what investors are watching on Tuesday, Nov. 4. Pfizer (PFE), Uber (UBER), Spotify (SPOT), and BP (BP) are among the companies releasing earnings ahead of the opening bell. AMD (AMD), Pinterest (PINS), Rivian (RIVN), and Cava (CAVA) will continue the wave of earnings after the closing bell. ADP (ADP) is set to release a new weekly labor market report amid the ongoing government shutdown. Watch the video above to learn more about the stories that",Yahoo,https://finnhub.io/api/news?id=0bf2892615632ebf92142b912629b3f34fadffef0f28464a66f6060f8e4953dc,2025-11-04,"AMD, Uber, Pfizer earnings on deck; ADP job data: What to Watch. Yahoo Finance Senior Reporter Allie Canal outlines what investors are watching on Tuesday, Nov. 4. Pfizer (PFE), Uber (UBER), Spotify (SPOT), and BP (BP) are among the companies releasing earnings ahead of the opening bell. AMD (AMD), Pinterest (PINS), Rivian (RIVN), and Cava (CAVA) will continue the wave of earnings after the closing bell. ADP (ADP) is set to release a new weekly labor market report amid the ongoing government shu",0.0
2025-11-03 22:06:18,Looking at the Narrative for Rivian as Analyst Views Shift with New Developments,"Rivian Automotive’s fair value estimate has edged down slightly from $14.48 to $14.35 per share, reflecting the latest shifts in analyst outlooks. This modest adjustment comes as experts weigh both upbeat sales trends and emerging headwinds in the electric vehicle market. Stay tuned to learn how you can keep pace with the evolving narrative and what these changes could mean for investors going forward. Analyst Price Targets don't always capture the full story. Head over to our Company Report...",Yahoo,https://finnhub.io/api/news?id=02843f2b426055a9b1c3b33c8f19692da5943965078cec8c77b414ef29fa1381,2025-11-03,"Looking at the Narrative for Rivian as Analyst Views Shift with New Developments. Rivian Automotive’s fair value estimate has edged down slightly from $14.48 to $14.35 per share, reflecting the latest shifts in analyst outlooks. This modest adjustment comes as experts weigh both upbeat sales trends and emerging headwinds in the electric vehicle market. Stay tuned to learn how you can keep pace with the evolving narrative and what these changes could mean for investors going forward. Analyst Pric",0.7096
2025-11-03 17:03:46,Rivian Q3 Preview: Can It Finally Build Cars Profitably?,"Investors focus on margins, cost progress, and the R2 ramp as Rivian pushes toward breakeven production.",Yahoo,https://finnhub.io/api/news?id=287cb94157ca48b1756e54bcbf2390752269e4473d9cb6463b2890aac714392a,2025-11-03,"Rivian Q3 Preview: Can It Finally Build Cars Profitably?. Investors focus on margins, cost progress, and the R2 ramp as Rivian pushes toward breakeven production.",0.6597
2025-11-03 15:46:00,Ford’s EV Sales Plunge. Now We Know What the Tax Credit Meant.,"Electric-vehicle sales are going to finish the year terribly, if  Ford Motor’s  October results are any indication.  Monday, Ford released monthly sales for the U.S., saying it sold 175,584 vehicles, up about 2% year over year.  Coming into October, Ford’s U.S. sales were up about 7% year to date.",Yahoo,https://finnhub.io/api/news?id=180138552596f42d9739e5b5e50809763a5b844f6ee53ca0448b03e1b43d9023,2025-11-03,"Ford’s EV Sales Plunge. Now We Know What the Tax Credit Meant.. Electric-vehicle sales are going to finish the year terribly, if  Ford Motor’s  October results are any indication.  Monday, Ford released monthly sales for the U.S., saying it sold 175,584 vehicles, up about 2% year over year.  Coming into October, Ford’s U.S. sales were up about 7% year to date.",-0.25
2025-11-03 10:14:07,"Top Stocks With Earnings This Week: Joby, IonQ, AMD and More","Retail investors are preparing for another busy week of earnings season with more than 1,600 companies set to report through Friday. ",Benzinga,https://finnhub.io/api/news?id=32b28beb9f681e7638b70c11b32cb5974b486b18f8e87d222002ab65c63e05f1,2025-11-03,"Top Stocks With Earnings This Week: Joby, IonQ, AMD and More. Retail investors are preparing for another busy week of earnings season with more than 1,600 companies set to report through Friday. ",0.2023
2025-11-03 03:13:42,Rivian (RIVN) Q3 Earnings: What To Expect,Electric vehicle manufacturer Rivian (NASDAQ:RIVN) will be reporting results this Tuesday after the bell. Here’s what investors should know.,Yahoo,https://finnhub.io/api/news?id=4202602b2308591da77703b59748cf3bb2fce0ff80cddae6988c3cf4b5c5856c,2025-11-03,Rivian (RIVN) Q3 Earnings: What To Expect. Electric vehicle manufacturer Rivian (NASDAQ:RIVN) will be reporting results this Tuesday after the bell. Here’s what investors should know.,0.0
2025-11-03 00:23:00,3 Brilliant Growth Stocks to Buy Now and Hold for the Long Term,"If you are an aggressive investor who thinks in decades, this trio of growth stocks comes with high risks but could offer huge rewards.",Yahoo,https://finnhub.io/api/news?id=9e3937df17249fa7dc67a8a032f3d591d60274b3477369adf21a547eb93dc2cf,2025-11-03,"3 Brilliant Growth Stocks to Buy Now and Hold for the Long Term. If you are an aggressive investor who thinks in decades, this trio of growth stocks comes with high risks but could offer huge rewards.",0.882
2025-11-02 19:43:00,"I Can't Lie, I'm Excited About Tesla Stock After Its Recent Earnings Report. Here's Why.",Elon Musk teased exciting updates for Tesla's robotaxi division.,Yahoo,https://finnhub.io/api/news?id=b4b2d11592e980b986229f4e772ef3c18bf28c1b9ed21f5aa67a19ce70871f0b,2025-11-02,"I Can't Lie, I'm Excited About Tesla Stock After Its Recent Earnings Report. Here's Why.. Elon Musk teased exciting updates for Tesla's robotaxi division.",-0.0093
2025-11-02 18:54:00,2 Reasons to Buy Rivian While It's Below $70.49,Several major growth catalysts should arrive for Rivian in 2026.,Yahoo,https://finnhub.io/api/news?id=db570be1398aa3318e95df141a6c7337cb45b2683885995584803d45ca2dabc3,2025-11-02,2 Reasons to Buy Rivian While It's Below $70.49. Several major growth catalysts should arrive for Rivian in 2026.,0.4391
2025-11-01 22:23:00,Is Rivian Stock a Buy Now?,Should investors scoop up shares ahead of earnings?,Yahoo,https://finnhub.io/api/news?id=95b494fc53aeb087496ee7436bebf9921d9adcee3bf5e8ca6bb7742110d0f72e,2025-11-01,Is Rivian Stock a Buy Now?. Should investors scoop up shares ahead of earnings?,0.4871
2025-10-30 21:45:03,Rivian Automotive (RIVN) Dips More Than Broader Market: What You Should Know,"Rivian Automotive (RIVN) concluded the recent trading session at $12.99, signifying a -5.25% move from its prior day's close.",Yahoo,https://finnhub.io/api/news?id=4ff9df8d88f9a48f46da9381d8614fc80b833a70d67889e1e32093c92e0d0c7a,2025-10-30,"Rivian Automotive (RIVN) Dips More Than Broader Market: What You Should Know. Rivian Automotive (RIVN) concluded the recent trading session at $12.99, signifying a -5.25% move from its prior day's close.",0.0
2025-10-29 21:50:03,Rivian Automotive (RIVN) Stock Moves 1.56%: What You Should Know,"Rivian Automotive (RIVN) closed at $13.71 in the latest trading session, marking a +1.56% move from the prior day.",Yahoo,https://finnhub.io/api/news?id=31b9cee57c9efaa9432ea4e79d79da05d7c1b863d16e781db609cd94cf51863c,2025-10-29,"Rivian Automotive (RIVN) Stock Moves 1.56%: What You Should Know. Rivian Automotive (RIVN) closed at $13.71 in the latest trading session, marking a +1.56% move from the prior day.",0.0
2025-10-29 15:40:33,Jim Cramer Suggests Selling Rivian Stock,"Rivian Automotive, Inc. (NASDAQ:RIVN) is one of the stocks Jim Cramer recently provided insights on. Answering a caller’s query about the stock, Cramer said: “[Sell, sell, sell] I’m sorry. I mean, look, I want you to continue to be able to have steak dinner… I don’t want you to say it’s better. It’s not. You’re […]",Yahoo,https://finnhub.io/api/news?id=be1a14ff4d49ac26a9d2a7a3b1ddde57a578accea7e45ed99f26a1bfc156577b,2025-10-29,"Jim Cramer Suggests Selling Rivian Stock. Rivian Automotive, Inc. (NASDAQ:RIVN) is one of the stocks Jim Cramer recently provided insights on. Answering a caller’s query about the stock, Cramer said: “[Sell, sell, sell] I’m sorry. I mean, look, I want you to continue to be able to have steak dinner… I don’t want you to say it’s better. It’s not. You’re […]",0.4939
2025-10-29 15:23:00,24M Technologies Awarded Reuters 2025 D.R.I.V.E Innovation Honour,"DETROIT, October 29, 2025--Reuters Automotive USA Conference – At this week’s Reuters Automotive USA conference, 24M Technologies Inc. has been awarded the Innovation Honour, presented as a part of the prestigious Reuters Events D.R.I.V.E 2025 Honours.",Yahoo,https://finnhub.io/api/news?id=68365c6b75aa7a918e731bb9e73424e00e42a3ce368cb5eeb242eb5053856641,2025-10-29,"24M Technologies Awarded Reuters 2025 D.R.I.V.E Innovation Honour. DETROIT, October 29, 2025--Reuters Automotive USA Conference – At this week’s Reuters Automotive USA conference, 24M Technologies Inc. has been awarded the Innovation Honour, presented as a part of the prestigious Reuters Events D.R.I.V.E 2025 Honours.",0.9648
2025-10-29 14:00:19,Lucid Group (LCID) Expected to Beat Earnings Estimates: Should You Buy?,Lucid Group (LCID) possesses the right combination of the two key ingredients for a likely earnings beat in its upcoming report. Get prepared with the key expectations.,Yahoo,https://finnhub.io/api/news?id=0f7313ef441378f637685c21c68e167e923fe3ba570214a1b3d17069537b8836,2025-10-29,Lucid Group (LCID) Expected to Beat Earnings Estimates: Should You Buy?. Lucid Group (LCID) possesses the right combination of the two key ingredients for a likely earnings beat in its upcoming report. Get prepared with the key expectations.,0.2263
2025-10-28 18:09:29,"UPS stock rallies after company discloses 48,000 layoffs in multibillion-dollar savings push","UPS joins Amazon, Meta, Target, and Starbucks in the latest round of layoffs.",Yahoo,https://finnhub.io/api/news?id=25d550648a7d88fbcdc10cc6950448ee7ac9f65e6cc8ead380094b7f59cf72fc,2025-10-28,"UPS stock rallies after company discloses 48,000 layoffs in multibillion-dollar savings push. UPS joins Amazon, Meta, Target, and Starbucks in the latest round of layoffs.",0.1779
2025-10-28 16:51:30,"Layoffs hit Amazon, UPS, Target, and more — but it has little to do with AI","Thousands of workers are falling victim to job cuts at Amazon, UPS, Nestlé, and other large companies, in an economy defined by uncertainty, AI, and global tensions.",Yahoo,https://finnhub.io/api/news?id=e683143d5e3d115359f3b2d37cb1ae0e78af75d3d941349e6a46cc84b6007dce,2025-10-28,"Layoffs hit Amazon, UPS, Target, and more — but it has little to do with AI. Thousands of workers are falling victim to job cuts at Amazon, UPS, Nestlé, and other large companies, in an economy defined by uncertainty, AI, and global tensions.",-0.891
2025-10-28 16:51:30,"Layoffs hit Amazon, UPS, Target, and more — what's fueling the cuts","Thousands of workers are falling victim to job cuts at Amazon, UPS, Nestlé, and other large companies, in an economy defined by uncertainty, AI, and global tensions.",Yahoo,https://finnhub.io/api/news?id=fe1ef260685ea77e61c39b47ad751a1dd832de0669762bca8f6a8f6c7c483366,2025-10-28,"Layoffs hit Amazon, UPS, Target, and more — what's fueling the cuts. Thousands of workers are falling victim to job cuts at Amazon, UPS, Nestlé, and other large companies, in an economy defined by uncertainty, AI, and global tensions.",-0.8316
2025-10-28 14:20:00,Rivian Gears Up to Report Q3 Earnings: Here's What to Expect,"RIVN's Q3 results are set to arrive on Nov. 4, with rising deliveries, stronger software revenues, and narrowing losses in focus.",Yahoo,https://finnhub.io/api/news?id=64c72b09fac55b0c00bdda26958674225abbd7f6ef6b107e98729beae111b497,2025-10-28,"Rivian Gears Up to Report Q3 Earnings: Here's What to Expect. RIVN's Q3 results are set to arrive on Nov. 4, with rising deliveries, stronger software revenues, and narrowing losses in focus.",-0.0258
2025-10-28 14:00:20,Rivian Automotive (RIVN) Expected to Beat Earnings Estimates: Can the Stock Move Higher?,Rivian Automotive (RIVN) possesses the right combination of the two key ingredients for a likely earnings beat in its upcoming report. Get prepared with the key expectations.,Yahoo,https://finnhub.io/api/news?id=54ddc51dac3aab29779f2d7d33aa3000bf2cfcf6892ee9226739e2c4b42de911,2025-10-28,Rivian Automotive (RIVN) Expected to Beat Earnings Estimates: Can the Stock Move Higher?. Rivian Automotive (RIVN) possesses the right combination of the two key ingredients for a likely earnings beat in its upcoming report. Get prepared with the key expectations.,0.2263
2025-10-27 22:40:52,"Ryder, Rivian, and FedEx Shares Are Soaring, What You Need To Know",A number of stocks jumped in the afternoon session after optimism surged over a potential trade truce between the U.S. and China.,Yahoo,https://finnhub.io/api/news?id=04b3e3ab95e89617a898119ef6e4545b9f038bd25e54cf369c078699f5474535,2025-10-27,"Ryder, Rivian, and FedEx Shares Are Soaring, What You Need To Know. A number of stocks jumped in the afternoon session after optimism surged over a potential trade truce between the U.S. and China.",0.7184
2025-10-27 13:57:00,Where Will Rivian Stock Be in Three Years?,"The electric vehicle company faces an uncertain market in the near term, putting a question mark on the stock over the next three years.",Yahoo,https://finnhub.io/api/news?id=251889ad41d567a8c00323f3ee93d7108d80c8e4819c7110851723c2ee50e0e5,2025-10-27,"Where Will Rivian Stock Be in Three Years?. The electric vehicle company faces an uncertain market in the near term, putting a question mark on the stock over the next three years.",-0.296
2025-10-27 13:20:00,"Q3 EPS Growth Accelerates Despite Misses, But The Real Test Is This Week","The second week of Q3 earnings season delivered mixed results. This week marks the first peak week of the season, kicking off with results from a slew of Mag 7 names. Read more here...",SeekingAlpha,https://finnhub.io/api/news?id=55a43720f7af4866f2d7fbb4c52d4800b8739925feb3056942fa5a468c0f8122,2025-10-27,"Q3 EPS Growth Accelerates Despite Misses, But The Real Test Is This Week. The second week of Q3 earnings season delivered mixed results. This week marks the first peak week of the season, kicking off with results from a slew of Mag 7 names. Read more here...",0.2808
2025-10-26 08:20:00,"If You'd Invested $150 in Rivian Stock 4 Years Ago, Here's How Much You'd Have Today",This upstart EV maker has not been impressing its early investors.,Yahoo,https://finnhub.io/api/news?id=af5399a6a85bdd267e14acb984238e05617ac29967393672b5b9a636037b4110,2025-10-26,"If You'd Invested $150 in Rivian Stock 4 Years Ago, Here's How Much You'd Have Today. This upstart EV maker has not been impressing its early investors.",-0.431
2025-10-26 03:12:19,Rivian (RIVN): Assessing Valuation After Recent Share Price Volatility,"Rivian Automotive (RIVN) shares have seen some volatility recently, catching the attention of investors watching the electric vehicle sector. The company has delivered mixed short-term returns; however, its longer-term performance tells a different story. See our latest analysis for Rivian Automotive. After a choppy stretch this year, Rivian’s share price has recently lost momentum, sliding 16.7% over the past month. However, when you take a step back, the one-year total shareholder return is...",Yahoo,https://finnhub.io/api/news?id=c01cf95afe10ba4daf9b3250e9608f144e71adf04b03510e2967e5bd799964b4,2025-10-26,"Rivian (RIVN): Assessing Valuation After Recent Share Price Volatility. Rivian Automotive (RIVN) shares have seen some volatility recently, catching the attention of investors watching the electric vehicle sector. The company has delivered mixed short-term returns; however, its longer-term performance tells a different story. See our latest analysis for Rivian Automotive. After a choppy stretch this year, Rivian’s share price has recently lost momentum, sliding 16.7% over the past month. However",0.5106
2025-10-24 20:26:00,Rivian Is Cutting Jobs. The Stock Fell.,"Electric-vehicle makers are battening down the hatches, preparing for some stormy weather.  When the skies will clear is hard to say, but a recent announcement from  Rivian  shows it could take a while.  Rivian CEO R.J. Scaringe sent a memo to employees Thursday that laid out plans to cut the company’s workforce by about 4.5%.",Yahoo,https://finnhub.io/api/news?id=62982be2765a8eff014818769aae058a198ad0ddfc9ebee619e3441e3c964f28,2025-10-24,"Rivian Is Cutting Jobs. The Stock Fell.. Electric-vehicle makers are battening down the hatches, preparing for some stormy weather.  When the skies will clear is hard to say, but a recent announcement from  Rivian  shows it could take a while.  Rivian CEO R.J. Scaringe sent a memo to employees Thursday that laid out plans to cut the company’s workforce by about 4.5%.",-0.3182
2025-10-24 17:12:51,Rivian agrees to settle shareholder lawsuit for $250 million,Shareholders accused the company of deception surrounding a 2022 price hike.,Yahoo,https://finnhub.io/api/news?id=ad364bec7a76acc9d6047ba54c9cc34dc24a1a2473d6065eedb6af8aba0b4ed2,2025-10-24,Rivian agrees to settle shareholder lawsuit for $250 million. Shareholders accused the company of deception surrounding a 2022 price hike.,-0.6369
2025-10-24 16:13:08,RIVN: Rivian Settles IPO Class-Action Case While Trimming Staff By 4.5%,Rivian Cuts 600 Jobs As Legal Costs Hit Quarter Billion Dollars,Yahoo,https://finnhub.io/api/news?id=411501983fe18933982336550f30d0704ba60db930423bffc5f7ad60a5364ce6,2025-10-24,RIVN: Rivian Settles IPO Class-Action Case While Trimming Staff By 4.5%. Rivian Cuts 600 Jobs As Legal Costs Hit Quarter Billion Dollars,-0.1779
2025-10-24 15:20:24,"Target plans layoffs, eliminating 1,800 roles, as new CEO Michael Fiddelke aims to reset the struggling retailer","Target, like other companies, is assessing its workforce.",Yahoo,https://finnhub.io/api/news?id=c70a2ec59ad52aadb648a5df51e1eded6bc062cac771d782ecbc351cb6b48b4a,2025-10-24,"Target plans layoffs, eliminating 1,800 roles, as new CEO Michael Fiddelke aims to reset the struggling retailer. Target, like other companies, is assessing its workforce.",-0.0772
2025-10-24 14:49:07,Rivian to pay $250M to settle IPO fraud suit,"The settlement agreement will enable Rivian to “focus its resources” on the launch of its upcoming R2 vehicle, the company said Thursday, denying any wrongdoing.",Yahoo,https://finnhub.io/api/news?id=619f3a8c55dd44ebb7115dc72d567c06f4c52cd6f55adf8a995c133811786122,2025-10-24,"Rivian to pay $250M to settle IPO fraud suit. The settlement agreement will enable Rivian to “focus its resources” on the launch of its upcoming R2 vehicle, the company said Thursday, denying any wrongdoing.",-0.5267
2025-10-24 14:43:01,Rivian will pay $250M to settle lawsuit over R1 price hike,"The three-year-old lawsuit centered on Rivian's sudden decision to increase prices on the R1 lineup in 2022, which sank the stock price.",Yahoo,https://finnhub.io/api/news?id=06301d10110f0aa2a8620dc0b578d07ff04fa9d93337165bc4e5208e9f820889,2025-10-24,"Rivian will pay $250M to settle lawsuit over R1 price hike. The three-year-old lawsuit centered on Rivian's sudden decision to increase prices on the R1 lineup in 2022, which sank the stock price.",-0.2263
2025-10-24 14:15:14,Rivian Crippled by New Layoffs,Rivian reportedly will lay off 600 employees. The struggling EV maker’s prospects continue to fade year after year.,Yahoo,https://finnhub.io/api/news?id=c4bebfdc1c499c983b81d76055f2a048121251208d7704d4119f4ece61bbcf70,2025-10-24,Rivian Crippled by New Layoffs. Rivian reportedly will lay off 600 employees. The struggling EV maker’s prospects continue to fade year after year.,-0.1531
2025-10-24 14:08:51,Rivian Reportedly Laying Off 600 Workers,The cuts come amid changes to EV consumer tax incentives.,Yahoo,https://finnhub.io/api/news?id=10a51b5478dfc65e43db2ac5fa65daa61a0c2d4b50e333245a7da96f8a366418,2025-10-24,Rivian Reportedly Laying Off 600 Workers. The cuts come amid changes to EV consumer tax incentives.,0.0258
2025-10-24 12:07:53,JPMorgan Ups Rivian Automotive (RIVN) PT to $10 Amid Mixed Auto Sector View,"Rivian Automotive Inc. (NASDAQ:RIVN) is one of the best large cap stocks to buy under $20. On October 20, JPMorgan analyst Ryan Brinkman raised the price target on Rivian to $10 from $9, while maintaining an Underweight rating on the shares. This sentiment was announced as a part of a Q3 2025 preview by the […]",Yahoo,https://finnhub.io/api/news?id=74dab75c9e9614b1994d4af39f2c701269abc9f240212101b19d28d737a56a31,2025-10-24,"JPMorgan Ups Rivian Automotive (RIVN) PT to $10 Amid Mixed Auto Sector View. Rivian Automotive Inc. (NASDAQ:RIVN) is one of the best large cap stocks to buy under $20. On October 20, JPMorgan analyst Ryan Brinkman raised the price target on Rivian to $10 from $9, while maintaining an Underweight rating on the shares. This sentiment was announced as a part of a Q3 2025 preview by the […]",0.7506
2025-10-24 10:46:00,Trump Boosts Stock Markets with China Talks. Reasons to Bet on a Trade Deal.,"Intel says current demand is outpacing supply, Rivian cuts jobs, funding the White House ballroom, and more news to start your day.",Yahoo,https://finnhub.io/api/news?id=711c6788ba7eeb11cc22186548b754d52b8ee8b2ccb040b2d01beed87d4339a2,2025-10-24,"Trump Boosts Stock Markets with China Talks. Reasons to Bet on a Trade Deal.. Intel says current demand is outpacing supply, Rivian cuts jobs, funding the White House ballroom, and more news to start your day.",-0.1027
2025-10-24 10:13:20,Rivian agrees to $250m settlement in 2022 IPO lawsuit,Rivian stated that the settlement does not constitute an admission of fault or wrongdoing.,Yahoo,https://finnhub.io/api/news?id=2ee64d518ea4d0e930e2421c320d09e4d38023284053d6c1a171a137939c2b4c,2025-10-24,Rivian agrees to $250m settlement in 2022 IPO lawsuit. Rivian stated that the settlement does not constitute an admission of fault or wrongdoing.,-0.4215
2025-10-24 09:04:45,Rivian To Pay $250 Million To Settle Investor Lawsuit,"Rivian to pay $250 million to settle 2022 securities class action lawsuit, allowing focus on R2 vehicle launch. Updates on CEO, Chinese competition.",Benzinga,https://finnhub.io/api/news?id=c9f808c041d2a0360b82fc70fcadea13307d9b1b51f67d8fec47cbd8ee9d6f35,2025-10-24,"Rivian To Pay $250 Million To Settle Investor Lawsuit. Rivian to pay $250 million to settle 2022 securities class action lawsuit, allowing focus on R2 vehicle launch. Updates on CEO, Chinese competition.",-0.34
2025-10-24 07:09:00,BUZZ Investing: BUZZ Index Surges As Fed Cut And AI Leaders Drive Gains,Markets rallied on the Federal Reserveâs rate cut and hints at further easing amid soft labor data.,SeekingAlpha,https://finnhub.io/api/news?id=f23d23032a0ffe77622d22745022a4c0ef87459662fa23391d57efb21957ffae,2025-10-24,BUZZ Investing: BUZZ Index Surges As Fed Cut And AI Leaders Drive Gains. Markets rallied on the Federal Reserveâs rate cut and hints at further easing amid soft labor data.,0.0516
2025-10-23 23:44:00,Rivian to Pay $250M to Settle Lawsuit Over Vehicle-Cost Disclosure in IPO Documents,Rivian Automotive agreed to pay $250 million to settle a 2022 class-action lawsuit that alleged the company’s initial public offering documents made false statements about how much its electric vehicles would cost,Yahoo,https://finnhub.io/api/news?id=233f1c5cebbc074a731731ac38bcd938c9a4c7cd06517237ade878e42a497c3e,2025-10-23,Rivian to Pay $250M to Settle Lawsuit Over Vehicle-Cost Disclosure in IPO Documents. Rivian Automotive agreed to pay $250 million to settle a 2022 class-action lawsuit that alleged the company’s initial public offering documents made false statements about how much its electric vehicles would cost,-0.3612
2025-10-23 23:01:00,Rivian Voluntarily Settles Securities Class Action Litigation,"IRVINE, Calif., October 23, 2025--Rivian Automotive, Inc. (NASDAQ: RIVN) has announced today it has agreed to resolve the previously disclosed 2022 securities class action litigation pending in the United States District Court for the Central District of California (Crews v. Rivian Automotive, Inc. et al., Case No. 2:22-cv-01524-JLS-E).",Yahoo,https://finnhub.io/api/news?id=8927b38f7dad733a346ac9032b2b0aa90cfc5a7d2047fcad6d471085609b93e9,2025-10-23,"Rivian Voluntarily Settles Securities Class Action Litigation. IRVINE, Calif., October 23, 2025--Rivian Automotive, Inc. (NASDAQ: RIVN) has announced today it has agreed to resolve the previously disclosed 2022 securities class action litigation pending in the United States District Court for the Central District of California (Crews v. Rivian Automotive, Inc. et al., Case No. 2:22-cv-01524-JLS-E).",0.8074
2025-10-23 21:47:00,Rivian sends harsh message to workers with latest decision,"On Oct. 23, reports surfaced that electric vehicle maker Rivian is cutting hundreds of jobs amid a slowdown in demand, but such a large headcount contraction has been rare in 2025 compared to last year. Aside from a few major announcements, the auto industry hasn't faced anything like the bloodbath ...",Yahoo,https://finnhub.io/api/news?id=0d67888241565025ea36fbc9547eb433b53d8c8fac2c7d2958981ceae565fdde,2025-10-23,"Rivian sends harsh message to workers with latest decision. On Oct. 23, reports surfaced that electric vehicle maker Rivian is cutting hundreds of jobs amid a slowdown in demand, but such a large headcount contraction has been rare in 2025 compared to last year. Aside from a few major announcements, the auto industry hasn't faced anything like the bloodbath ...",-0.6267
2025-10-23 21:45:04,Rivian Automotive (RIVN) Outpaces Stock Market Gains: What You Should Know,"Rivian Automotive (RIVN) concluded the recent trading session at $13.09, signifying a +1.32% move from its prior day's close.",Yahoo,https://finnhub.io/api/news?id=2a9b3d7d4611103f3150f8e9908671b0b1378e4adcf83cf3a4560db573f4f994,2025-10-23,"Rivian Automotive (RIVN) Outpaces Stock Market Gains: What You Should Know. Rivian Automotive (RIVN) concluded the recent trading session at $13.09, signifying a +1.32% move from its prior day's close.",0.34
2025-10-23 21:44:00,EV automaker Rivian laying off 4.5% of workforce ahead of R2 launch in Normal,"As Rivian gears up to launch its midsize R2 SUV in Normal, the EV manufacturer is downsizing its company with a new round of layoffs. California-based Rivian, which builds all of its electric pickups, SUVs and commercial vehicles in downstate Illinois, gave notice Thursday to more than 600 employees, or roughly 4.5% of its workforce, the company said. “With the launch of R2 in front of us and ...",Yahoo,https://finnhub.io/api/news?id=0f2aee2673f77dd2cc27c0f2becf95e29803ef74f5b4ff934ddd976b95a80ad0,2025-10-23,"EV automaker Rivian laying off 4.5% of workforce ahead of R2 launch in Normal. As Rivian gears up to launch its midsize R2 SUV in Normal, the EV manufacturer is downsizing its company with a new round of layoffs. California-based Rivian, which builds all of its electric pickups, SUVs and commercial vehicles in downstate Illinois, gave notice Thursday to more than 600 employees, or roughly 4.5% of its workforce, the company said. “With the launch of R2 in front of us and ...",0.0
2025-10-23 21:15:00,Rivian Lays Off More Than 600 Workers Amid EV Pullback,AUTOS   Rivian is carrying out another round of layoffs affecting around 4.5% of its workforce as the electric-truck maker tries to conserve cash ahead of an expected drop in sales of electric vehicles.,Yahoo,https://finnhub.io/api/news?id=ed3d7de4ddeae2bda4caf61630de84edd7b74c4371b59ddaff563851b4286535,2025-10-23,Rivian Lays Off More Than 600 Workers Amid EV Pullback. AUTOS   Rivian is carrying out another round of layoffs affecting around 4.5% of its workforce as the electric-truck maker tries to conserve cash ahead of an expected drop in sales of electric vehicles.,-0.2732
2025-10-23 09:52:13,Tesla: Priced For Perfection,"Discover key insights from Tesla, Inc.'s Q3 earningsârecord revenue, margin growth, but heightened risks ahead. Click for why a sell rating on TSLA is maintained.",SeekingAlpha,https://finnhub.io/api/news?id=460dfc6a2af37268147c4772efff8a540779248fa2f623af5edf1f31b3df49a0,2025-10-23,"Tesla: Priced For Perfection. Discover key insights from Tesla, Inc.'s Q3 earningsârecord revenue, margin growth, but heightened risks ahead. Click for why a sell rating on TSLA is maintained.",0.128
2025-10-22 17:30:00,ALSO Unveils New Suite of Electric Micromobility Vehicles to Reimagine Local Transportation,"ALSO, the Palo Alto, CA-based, vertically integrated electric micromobility company, today unveiled its initial lineup of electric vehicles all designed to support the mission of reshaping the way people and businesses move — especially on short, local trips. The debut includes its groundbreaking TM-B bikes, two new four-wheel consumer and commercial quads, and a next-generation connected helmet. To best support its customers, ALSO is launching with a powerful network of partners including Rivia",Yahoo,https://finnhub.io/api/news?id=edcf343e3d0fe82702fb063317e1afd92d66e0fe243d9b277d6fc225758271c2,2025-10-22,"ALSO Unveils New Suite of Electric Micromobility Vehicles to Reimagine Local Transportation. ALSO, the Palo Alto, CA-based, vertically integrated electric micromobility company, today unveiled its initial lineup of electric vehicles all designed to support the mission of reshaping the way people and businesses move — especially on short, local trips. The debut includes its groundbreaking TM-B bikes, two new four-wheel consumer and commercial quads, and a next-generation connected helmet. To best",0.7845
2025-10-22 14:00:00,Is Rivian a Millionaire-Maker Stock?,Is it time to buy this long-suffering EV maker?,Yahoo,https://finnhub.io/api/news?id=04d3c49e80adf14a463d5ba5bacd1ce428d59becf43c4227d990e52871c7f6d8,2025-10-22,Is Rivian a Millionaire-Maker Stock?. Is it time to buy this long-suffering EV maker?,0.0
2025-10-22 13:25:06,Rivian Automotive (NASDAQ: RIVN) Stock Price Prediction for 2025: Where Will It Be in 1 Year (Oct 22),Rivian stock has trended upward recently despite facing challenges. Here is a look at where the stock could be in a year.,Yahoo,https://finnhub.io/api/news?id=a92fccf05f6db48db8ec731fa764ad3d90631dfa9f981084ca67cb070f672082,2025-10-22,Rivian Automotive (NASDAQ: RIVN) Stock Price Prediction for 2025: Where Will It Be in 1 Year (Oct 22). Rivian stock has trended upward recently despite facing challenges. Here is a look at where the stock could be in a year.,-0.0572
2025-10-22 02:05:27,"Rivian Automotive, Inc. (RIVN): A Bull Case Theory","We came across a bullish thesis on Rivian Automotive, Inc. on Investment Ideas by Antonio’s Substack by Antonio Linares. In this article, we will summarize the bulls’ thesis on RIVN. Rivian Automotive, Inc.’s share was trading at $14.68 as of September 30th. Rivian has entered a critical inflection point, with positive cash from operations achieved in Q2 […]",Yahoo,https://finnhub.io/api/news?id=3732fb0dc2a2e15fab542ae99f6757b032e05f452fab42574ea3db64fa355104,2025-10-22,"Rivian Automotive, Inc. (RIVN): A Bull Case Theory. We came across a bullish thesis on Rivian Automotive, Inc. on Investment Ideas by Antonio’s Substack by Antonio Linares. In this article, we will summarize the bulls’ thesis on RIVN. Rivian Automotive, Inc.’s share was trading at $14.68 as of September 30th. Rivian has entered a critical inflection point, with positive cash from operations achieved in Q2 […]",0.5423
2025-10-21 14:18:14,GM folds production of poor-selling electric van BrightDrop in Canada,General Motors' embattled BrightDrop electric last-mile delivery van failed to gain traction in the U.S. market.,Yahoo,https://finnhub.io/api/news?id=27deb06a76d63968f2dbdfa089e452994fe3f34501b126eb6d21c415f0a4f898,2025-10-21,GM folds production of poor-selling electric van BrightDrop in Canada. General Motors' embattled BrightDrop electric last-mile delivery van failed to gain traction in the U.S. market.,0.0258
2025-10-20 20:24:00,Rivian Stock Rises Despite Sell Call. ‘Headwinds’ Are Coming for EV Sales.,Mizuho analyst Vijay Rakesh says Sell Rivian stock. Headwinds are mounting for the U.S. EV industry.,Yahoo,https://finnhub.io/api/news?id=d1640ddee082e3c4a896866ac2b7c08c1906aed80460e118c3571d24c8e24649,2025-10-20,Rivian Stock Rises Despite Sell Call. ‘Headwinds’ Are Coming for EV Sales.. Mizuho analyst Vijay Rakesh says Sell Rivian stock. Headwinds are mounting for the U.S. EV industry.,0.0
2025-10-20 13:34:43,"Apple upgraded, Rivian downgraded: Wall Street's top analyst calls","Apple upgraded, Rivian downgraded: Wall Street's top analyst calls",Yahoo,https://finnhub.io/api/news?id=04fc433d76352ee8d8bc39ece77ddee73ab3d95a8e07e34fc1da4357586f1ded,2025-10-20,"Apple upgraded, Rivian downgraded: Wall Street's top analyst calls. Apple upgraded, Rivian downgraded: Wall Street's top analyst calls",0.3818
2025-10-20 12:20:29,"Mizuho cuts Rivian and Texas Instruments on slowing EV ramps, China pressure","Investing.com -- Mizuho has cut its ratings on Rivian and Texas Instruments, citing weakening electric vehicle (EV) demand and growing competitive and policy headwinds from China.",Yahoo,https://finnhub.io/api/news?id=00d2d389936d880d5a33ada8974bce360aa54579b3f6a47a0ed35522166859c1,2025-10-20,"Mizuho cuts Rivian and Texas Instruments on slowing EV ramps, China pressure. Investing.com -- Mizuho has cut its ratings on Rivian and Texas Instruments, citing weakening electric vehicle (EV) demand and growing competitive and policy headwinds from China.",-0.7096
2025-10-20 09:45:00,Where Will Rivian Be in 1 Year?,"Rivian is following Tesla's lead, and 2026 could be an important turning point for the company's business.",Yahoo,https://finnhub.io/api/news?id=43cb78dd309bc98c2d8a61b8791cf86850ecc76764087877ce8d97b9959096e6,2025-10-20,"Where Will Rivian Be in 1 Year?. Rivian is following Tesla's lead, and 2026 could be an important turning point for the company's business.",0.2023
2025-10-20 07:55:00,"1 ""Boring"" Stock to Buy Before Nov. 4",This low-profile company could announce huge news next month.,Yahoo,https://finnhub.io/api/news?id=d88c0cf0041ada3ec7f6018801a7fde7b2c98965489ee4479437383dab86b659,2025-10-20,"1 ""Boring"" Stock to Buy Before Nov. 4. This low-profile company could announce huge news next month.",0.0
2025-10-19 17:23:00,Where Will Lucid Be in 3 Years?,"Lucid's production could continue increasing, but don't expect profit from the company any time soon.",Yahoo,https://finnhub.io/api/news?id=0f814e3079f8a4d75d5ce9f85da30358f85b486f99a4daf7ac90e1e6a6a64e49,2025-10-19,"Where Will Lucid Be in 3 Years?. Lucid's production could continue increasing, but don't expect profit from the company any time soon.",-0.4782
2025-10-18 07:41:00,"Warning: 1 Reason Experts Think Sales Will Plummet for Rivian, Tesla, and Lucid Group in 2026",Demand for electric vehicles may soon fall off a cliff.,Yahoo,https://finnhub.io/api/news?id=8795c61304a8c615fda4bf52ef7eb1db93057d3ab27c78cc9eaebf77020e409e,2025-10-18,"Warning: 1 Reason Experts Think Sales Will Plummet for Rivian, Tesla, and Lucid Group in 2026. Demand for electric vehicles may soon fall off a cliff.",-0.4404
2025-10-17 07:45:00,Better Electric Car Stock to Buy for 2026 and Beyond: Tesla vs. Rivian,The more diversified of the two businesses looks like a better long-term bet.,Yahoo,https://finnhub.io/api/news?id=d8db8897443273f3daf068ab9af640acb223576918c977d675c1bfd3632525bb,2025-10-17,Better Electric Car Stock to Buy for 2026 and Beyond: Tesla vs. Rivian. The more diversified of the two businesses looks like a better long-term bet.,0.8074
2025-10-16 19:11:59,Rivian Rises 31% as Tariff Relief Speculation Shifts the Valuation Picture for 2025,"If you are staring at Rivian Automotive’s stock ticker and wondering what your next move should be, you are not alone. Over the last year, the company’s share price made a remarkable sprint, climbing 31.0%, and it has added 2.1% over the past week alone. But that does not tell the full story; a look back three years paints a very different picture, with shares still down an eye-popping 57.4%. The ride has been anything but smooth for investors trying to make sense of where Rivian fits in the...",Yahoo,https://finnhub.io/api/news?id=0aadd01761a808d57d829c4eed345023482453f095ba872f219e7d87a32f4f2a,2025-10-16,"Rivian Rises 31% as Tariff Relief Speculation Shifts the Valuation Picture for 2025. If you are staring at Rivian Automotive’s stock ticker and wondering what your next move should be, you are not alone. Over the last year, the company’s share price made a remarkable sprint, climbing 31.0%, and it has added 2.1% over the past week alone. But that does not tell the full story; a look back three years paints a very different picture, with shares still down an eye-popping 57.4%. The ride has been a",0.7663
2025-10-16 13:00:06,"Rivian Automotive, Inc. (RIVN) Is a Trending Stock: Facts to Know Before Betting on It","Recently, Zacks.com users have been paying close attention to Rivian Automotive (RIVN). This makes it worthwhile to examine what the stock has in store.",Yahoo,https://finnhub.io/api/news?id=42d3e4ac788a5b4451531894e8a12f33ec076ec3f82467e9bf9a9123dbf530c9,2025-10-16,"Rivian Automotive, Inc. (RIVN) Is a Trending Stock: Facts to Know Before Betting on It. Recently, Zacks.com users have been paying close attention to Rivian Automotive (RIVN). This makes it worthwhile to examine what the stock has in store.",0.34
2025-10-16 10:35:34,PBW: Understanding The Structure And Suitability Of This Clean Energy ETF,"PBW ETF tracks the WilderHill Clean Energy Index, focusing on U.S.-listed clean energy companies with a modified equal-weight approach. Click for more on PBW.",SeekingAlpha,https://finnhub.io/api/news?id=8bb4794d467869d1852fb647da4fb530dbe8ac4164eaacc125077dad647a5b49,2025-10-16,"PBW: Understanding The Structure And Suitability Of This Clean Energy ETF. PBW ETF tracks the WilderHill Clean Energy Index, focusing on U.S.-listed clean energy companies with a modified equal-weight approach. Click for more on PBW.",0.9157
2025-10-15 21:30:00,"Inc. Hosts 2025 Inc. 5000 Conference & Gala in Phoenix Featuring Visionaries including Daymond John, Taraji P. Henson, and Jay Shetty, Plus CEOs and Founders From Rivian, Colossal Biosciences, poppi, and More","Inc., the leading media brand and playbook for the entrepreneurs and business leaders shaping our future, will host its 46th annual Inc. 5000 Conference & Gala October 22-24, 2025, in Phoenix, Arizona. The exclusive event is open only to founders and executives of companies that appear on the 2025 Inc. 5000 list of the fastest-growing private companies in America.",Yahoo,https://finnhub.io/api/news?id=cae84d05cb5088efac08a0380de2bb789e852ff3f00d3c767d464726698e1f7a,2025-10-15,"Inc. Hosts 2025 Inc. 5000 Conference & Gala in Phoenix Featuring Visionaries including Daymond John, Taraji P. Henson, and Jay Shetty, Plus CEOs and Founders From Rivian, Colossal Biosciences, poppi, and More. Inc., the leading media brand and playbook for the entrepreneurs and business leaders shaping our future, will host its 46th annual Inc. 5000 Conference & Gala October 22-24, 2025, in Phoenix, Arizona. The exclusive event is open only to founders and executives of companies that appear on ",0.128
2025-10-15 10:23:55,Rivian: Tesla's First Real Contender Is About To Shake The Market (Upgrade),"Rivian Automotive, Inc. leverages a clean slate approach, building its vehicle and software ecosystem. Read why RIVN stock is upgraded to a Buy.",SeekingAlpha,https://finnhub.io/api/news?id=43919348198e2d08e1479d02f015e4e7e868f298e8a8be94d4271f12ca347365,2025-10-15,"Rivian: Tesla's First Real Contender Is About To Shake The Market (Upgrade). Rivian Automotive, Inc. leverages a clean slate approach, building its vehicle and software ecosystem. Read why RIVN stock is upgraded to a Buy.",0.3612
2025-10-15 08:05:00,Better EV Stock: Rivian vs. Tesla,Tesla proved that EVs were a viable product. Rivian is trying to ride Tesla's coattails.,Yahoo,https://finnhub.io/api/news?id=09034d026d54553f21d6a91b49895dd37fe212dc75da67436ecd3c81c73f9d29,2025-10-15,Better EV Stock: Rivian vs. Tesla. Tesla proved that EVs were a viable product. Rivian is trying to ride Tesla's coattails.,0.4404
2025-10-13 21:50:07,Why Rivian Automotive (RIVN) Outpaced the Stock Market Today,"Rivian Automotive (RIVN) closed the most recent trading day at $13.05, moving +1.95% from the previous trading session.",Yahoo,https://finnhub.io/api/news?id=aa3f723a1e7b47003fd39ffd09da19a2fb2b6db3122fee3a264f2935d0dc2d44,2025-10-13,"Why Rivian Automotive (RIVN) Outpaced the Stock Market Today. Rivian Automotive (RIVN) closed the most recent trading day at $13.05, moving +1.95% from the previous trading session.",0.0
2025-10-13 20:52:40,Tesla’s Cybertruck sales slump almost 63% amid EV surge,"Cybertruck sales plunged as the rest of the EV market surged, suggesting Tesla’s flashiest project is becoming its weakest link",Yahoo,https://finnhub.io/api/news?id=32d17cf0d755e150a2f2b1a3cf98ecf1e823361b7334896558b485f419755f46,2025-10-13,"Tesla’s Cybertruck sales slump almost 63% amid EV surge. Cybertruck sales plunged as the rest of the EV market surged, suggesting Tesla’s flashiest project is becoming its weakest link",-0.5106
2025-10-13 13:35:33,10 Consumer Discretionary Stocks Whale Activity In Today's Session, ,Benzinga,https://finnhub.io/api/news?id=37312c23cd90ca746e2acba61707d596096e2238a18683934a78786b4b4ae3a1,2025-10-13,10 Consumer Discretionary Stocks Whale Activity In Today's Session.  ,0.0
2025-10-13 04:49:45,1 Stock Under $50 on Our Watchlist and 2 Facing Challenges,"Stocks in the $10-50 range offer a sweet spot between affordability and stability as they’re typically more established than penny stocks. But their headline prices don’t guarantee quality, and investors should exercise caution as some have shaky business models.",Yahoo,https://finnhub.io/api/news?id=3be7c3b0ef2b2f12b04e4ab594b65a8825e28de8596e971a197821dd2ada0560,2025-10-13,"1 Stock Under $50 on Our Watchlist and 2 Facing Challenges. Stocks in the $10-50 range offer a sweet spot between affordability and stability as they’re typically more established than penny stocks. But their headline prices don’t guarantee quality, and investors should exercise caution as some have shaky business models.",0.0772
2025-10-11 17:06:59,Rivian (RIVN): Exploring Valuation After Recent Share Price Pullback,"Rivian Automotive (RIVN) shares have pulled back over the past month, losing about 8%. Investors often keep an eye on how this electric vehicle maker balances expectations in a competitive market, especially as the stock reacts to shifting sentiment. See our latest analysis for Rivian Automotive. It’s been a turbulent stretch for Rivian, with the 1-month share price return of -7.98% signaling that momentum is currently fading in a tricky market environment. While 2024 has been challenging...",Yahoo,https://finnhub.io/api/news?id=6dc5cf0e14d3193573943d1ce570bc4672d33bbd0f7f7eaa55590d7e4a3656be,2025-10-11,"Rivian (RIVN): Exploring Valuation After Recent Share Price Pullback. Rivian Automotive (RIVN) shares have pulled back over the past month, losing about 8%. Investors often keep an eye on how this electric vehicle maker balances expectations in a competitive market, especially as the stock reacts to shifting sentiment. See our latest analysis for Rivian Automotive. It’s been a turbulent stretch for Rivian, with the 1-month share price return of -7.98% signaling that momentum is currently fading ",0.5719
2025-12-09 04:20:00,Using Quantitative Signal Data For Portfolio Management,One question weâve been asked many times is whether ValuEngine stock ratings can be used for portfolio management or merely for trading stocks.,SeekingAlpha,https://finnhub.io/api/news?id=0e9697e80a4d66d511283dcf20467a67b49ea7bcf5972e4e457e9cf8608de118,2025-12-09,Using Quantitative Signal Data For Portfolio Management. One question weâve been asked many times is whether ValuEngine stock ratings can be used for portfolio management or merely for trading stocks.,0.0
2025-12-08 15:25:31,"Tesla Loses Key Bull Analyst: EV Giant Downgraded, While Rival GM Catches An Upgrade",Morgan Stanley assigns a new analyst to cover the automotive sector and they come in less bullish on Tesla than the previous regime.,Benzinga,https://finnhub.io/api/news?id=308cf8f96ee084b457ab68a7060e045e15c7ff47a3409c6cce8c864392599b50,2025-12-08,"Tesla Loses Key Bull Analyst: EV Giant Downgraded, While Rival GM Catches An Upgrade. Morgan Stanley assigns a new analyst to cover the automotive sector and they come in less bullish on Tesla than the previous regime.",-0.3182
2025-12-08 13:35:26,10 Consumer Discretionary Stocks Whale Activity In Today's Session, ,Benzinga,https://finnhub.io/api/news?id=8b74a3e28ecfac7d7d5d2cccf7503c1df4ec61351f6d8def012fba237e3fc8ac,2025-12-08,10 Consumer Discretionary Stocks Whale Activity In Today's Session.  ,0.0
2025-12-08 12:25:41,Rivian Stock Skids Monday: What Investors Need To Know,Rivian Automotive Inc (NASDAQ: RIVN) shares are trading lower Monday morning after Morgan Stanley downgraded the electric vehicle maker.,Benzinga,https://finnhub.io/api/news?id=f47f8e86a911b3c779c80ec9999e64b30bf6d9ac9da4109dfb58c4daa2ac9871,2025-12-08,Rivian Stock Skids Monday: What Investors Need To Know. Rivian Automotive Inc (NASDAQ: RIVN) shares are trading lower Monday morning after Morgan Stanley downgraded the electric vehicle maker.,0.0
2025-12-08 12:21:30,"Morgan Stanley Downgrades Rivian Automotive to Underweight, Maintains Price Target to $12",Morgan Stanley  analyst Adam Jonas   downgrades Rivian Automotive (NASDAQ:RIVN) from Equal-Weight to Underweight and maintains the price target from $12 to $12.,Benzinga,https://finnhub.io/api/news?id=704a2801be8cf8ca0c7415a5ae075bbcab33effc9e8f8d94c5451d0e180b47df,2025-12-08,"Morgan Stanley Downgrades Rivian Automotive to Underweight, Maintains Price Target to $12. Morgan Stanley  analyst Adam Jonas   downgrades Rivian Automotive (NASDAQ:RIVN) from Equal-Weight to Underweight and maintains the price target from $12 to $12.",0.0
2025-12-08 11:12:35,FAN: Understanding The Structure And Suitability Of This Wind Power ETF,Explore the First Trust Global Wind Energy ETF (FAN) for targeted wind industry exposure.,SeekingAlpha,https://finnhub.io/api/news?id=037164096f595a306db97b4b1eace9cd751cc6e3a36471ffe13d15b68a094f87,2025-12-08,FAN: Understanding The Structure And Suitability Of This Wind Power ETF. Explore the First Trust Global Wind Energy ETF (FAN) for targeted wind industry exposure.,0.8877
2025-12-07 10:46:10,"Consumer Tech News (Dec 1-5): Trump Says He's Back in Elon Musk's Social Circle, U.S. Suspends China MSS Sanctions & More","Trump claims he has restored ties with Elon Musk, signaling a thaw in their relationship after earlier conflicts, sparking attention in the tech and political world. Conservative advocacy groups, including Steve Bannon, urge Trump administration to stop Big Tech from using copyrighted content for AI training without permission.",Benzinga,https://finnhub.io/api/news?id=4dc6c3758df8c95ce3de958ed4da9cf88fb0e4cc2d9ca8c1f9a80e0c7dc65a8d,2025-12-07,"Consumer Tech News (Dec 1-5): Trump Says He's Back in Elon Musk's Social Circle, U.S. Suspends China MSS Sanctions & More. Trump claims he has restored ties with Elon Musk, signaling a thaw in their relationship after earlier conflicts, sparking attention in the tech and political world. Conservative advocacy groups, including Steve Bannon, urge Trump administration to stop Big Tech from using copyrighted content for AI training without permission.",-0.34
2025-12-05 15:00:57,Check Out What Whales Are Doing With RIVN, ,Benzinga,https://finnhub.io/api/news?id=ebf048e400850ad7bce4f0d41a1c5e7f57897bd6ef864a34c5a5f1f153cabf0c,2025-12-05,Check Out What Whales Are Doing With RIVN.  ,0.0
2025-12-05 04:48:43,"Rivian: Improving Margins, Nice Catalyst Ahead (Rating Upgrade)","Rivian shows improving margins, policy support, services growth, broader infrastructure, and an R2 catalyst. See why RIVN stock is upgraded to strong buy.",SeekingAlpha,https://finnhub.io/api/news?id=2b578bd7ec9ec22fbf4574d5ca328c3f3debae5987459101cc4ca7ac14589a22,2025-12-05,"Rivian: Improving Margins, Nice Catalyst Ahead (Rating Upgrade). Rivian shows improving margins, policy support, services growth, broader infrastructure, and an R2 catalyst. See why RIVN stock is upgraded to strong buy.",0.9432
2025-12-04 00:38:00,"Ford CEO Jim Farley Hails Trump's CAFE Rollback, Reaffirms Investment In US-Made Cars—Sean Duffy Says Decision Will Save $109 Billion For Americans",Ford CEO Jim Farley reaffirms commitment to affordable cars amid Trump&#39;s rollback of fuel economy standards.,Benzinga,https://finnhub.io/api/news?id=01afeeb222907f49a20c9e118e3e7d3f4dfd9722369efdea9b18f09b9e86cd7a,2025-12-04,"Ford CEO Jim Farley Hails Trump's CAFE Rollback, Reaffirms Investment In US-Made Cars—Sean Duffy Says Decision Will Save $109 Billion For Americans. Ford CEO Jim Farley reaffirms commitment to affordable cars amid Trump&#39;s rollback of fuel economy standards.",0.7003
2025-12-03 13:01:47,Smart Money Is Betting Big In RIVN Options, ,Benzinga,https://finnhub.io/api/news?id=e6bddcb58bb4995f7329eecf2adb8de21f56a1b0836c4d96bcb3e138f3f12344,2025-12-03,Smart Money Is Betting Big In RIVN Options.  ,0.4019
2025-12-03 13:01:11,"Former Salesforce Co-CEO Bret Taylor's Startup Sierra Hits $100M ARR, Powers 95% Of Black Friday Shoppers", ,Benzinga,https://finnhub.io/api/news?id=7878ce197d40a5e50e39afddc5d0d2544e90da4210f8fecb6f9fea673587a63b,2025-12-03,"Former Salesforce Co-CEO Bret Taylor's Startup Sierra Hits $100M ARR, Powers 95% Of Black Friday Shoppers.  ",0.0
2025-12-03 11:40:33,EV Company News For The Month Of November 2025,,SeekingAlpha,https://finnhub.io/api/news?id=cd607e82f85aebe42789362cc45581846d42a7c36f6fb66b5d0dd8e11616443e,2025-12-03,EV Company News For The Month Of November 2025. ,0.0
2025-12-03 07:06:43,"Tesla Rival Rivian Sees 24% Sales Surge In November Amid CEO RJ Scaringe's EV Credit Comments, Elon Musk-Style Pay Package","Tesla rival Rivian saw an increase in sales in November, selling over 4,500 units of its R1T and R1S vehicles.",Benzinga,https://finnhub.io/api/news?id=4a5708bb8b97b3c6311e7bfbc85dde6617315ffe634fc1520d2ba9fd049a6ef0,2025-12-03,"Tesla Rival Rivian Sees 24% Sales Surge In November Amid CEO RJ Scaringe's EV Credit Comments, Elon Musk-Style Pay Package. Tesla rival Rivian saw an increase in sales in November, selling over 4,500 units of its R1T and R1S vehicles.",0.5423
2025-12-03 06:41:31,"Rivian To Recall 34,824 Vehicles After Seatbelt Failure Warning","Rivian Automotive (NASDAQ: RIVN) faces safety concerns and a recall of 34,824 vehicles due to potential seat belt failure.",Benzinga,https://finnhub.io/api/news?id=33b15575e75564a47cdfc236b325e1ba52d02c0a4715fceb15fa38cb137fd91a,2025-12-03,"Rivian To Recall 34,824 Vehicles After Seatbelt Failure Warning. Rivian Automotive (NASDAQ: RIVN) faces safety concerns and a recall of 34,824 vehicles due to potential seat belt failure.",-0.7351
2025-12-03 04:40:18,"Rivian Automotive Recalls 34,824 EDV Vehicles For Seat Belt Pretensioner Cable Damage, Raising Crash Injury Risk",-National Highway Traffic Safety Administration,Benzinga,https://finnhub.io/api/news?id=3cde3aed244aba996c3ba822dfcf868dc9736c6fd22d15d9ba3cfacf708007d2,2025-12-03,"Rivian Automotive Recalls 34,824 EDV Vehicles For Seat Belt Pretensioner Cable Damage, Raising Crash Injury Risk. -National Highway Traffic Safety Administration",-0.7906
2025-12-03 04:00:51,Trump Administration To Propose Loosening Major Fuel Economy Standards: Report,"The Trump administration, on Wednesday, is reportedly planning to propose a significant relaxation of the fuel economy standards.",Benzinga,https://finnhub.io/api/news?id=6cb2691fbdf5fd040d32de1adcd770a317a6260802e37335ff900eb909de817c,2025-12-03,"Trump Administration To Propose Loosening Major Fuel Economy Standards: Report. The Trump administration, on Wednesday, is reportedly planning to propose a significant relaxation of the fuel economy standards.",0.6369
2025-12-02 08:04:45,Lucid: An EV Turnaround Pick For 2026,"Lucid delivered strong Q3 results with 69% year-over-year growth and a record 4,078 EV deliveries. Click here to read an analysis of LCID stock now.",SeekingAlpha,https://finnhub.io/api/news?id=d5d62c5f31991ea527239df8e4b997be54a2c6700bf921d8e6f65e58633c7106,2025-12-02,"Lucid: An EV Turnaround Pick For 2026. Lucid delivered strong Q3 results with 69% year-over-year growth and a record 4,078 EV deliveries. Click here to read an analysis of LCID stock now.",0.7096
2025-12-02 06:15:00,ValuEngine Weekly Market Summary And Commentary,Market action during Thanksgiving week delivered a broad-based rebound across US equities. Nearly all ETFs in our coverage list finished higher. Large-cap ETFs QQQM & SPYM were up every day.,SeekingAlpha,https://finnhub.io/api/news?id=a7df93aef863da4563c8d276f32a8972c2715898a5f0f0bd6d247c271d92cb4e,2025-12-02,ValuEngine Weekly Market Summary And Commentary. Market action during Thanksgiving week delivered a broad-based rebound across US equities. Nearly all ETFs in our coverage list finished higher. Large-cap ETFs QQQM & SPYM were up every day.,0.0
2025-12-01 06:05:58,Why RIVN Stock Is Falling Today In Pre-Market Trading?,"Rivian CEO RJ Scaringe recently hailed President Donald Trump&#39;s EV incentive rollback, saying it could benefit the automaker.",Benzinga,https://finnhub.io/api/news?id=5e59832fff5970cb704ac1a668a2c35ca1fa260dcfc624ff9c7dcb822ea9fc41,2025-12-01,"Why RIVN Stock Is Falling Today In Pre-Market Trading?. Rivian CEO RJ Scaringe recently hailed President Donald Trump&#39;s EV incentive rollback, saying it could benefit the automaker.",0.7003
2025-11-29 11:00:00,"Salesforce, Kroger Set To Report Earnings While Investors Look Out For JOLTS Job Openings","Stay ahead with Seeking Alpha's Wall Street Week Aheadâget key earnings, IPO updates, and economic data insights to inform your investing decisions.",SeekingAlpha,https://finnhub.io/api/news?id=488f2fc9101e301531bdddeef6c44b99b29471f2cfeb50b08710aa51fbe563e2,2025-11-29,"Salesforce, Kroger Set To Report Earnings While Investors Look Out For JOLTS Job Openings. Stay ahead with Seeking Alpha's Wall Street Week Aheadâget key earnings, IPO updates, and economic data insights to inform your investing decisions.",0.0
2025-11-27 13:14:00,BUZZ Investing: High-Valuation Tech Stocks Reset,Market volatility rose as investors reassessed high-valuation tech and AI sectors. BUZZ Index reflected shifts in sentiment toward growth and innovation themes.,SeekingAlpha,https://finnhub.io/api/news?id=3427d5bdf3598db535e96dbba4d717216cd0d481bc22f77addb1ae78bcbe9e2e,2025-11-27,BUZZ Investing: High-Valuation Tech Stocks Reset. Market volatility rose as investors reassessed high-valuation tech and AI sectors. BUZZ Index reflected shifts in sentiment toward growth and innovation themes.,0.6369
2025-11-26 07:39:56,"Big Companies, Market Fallout, Investor Settlements: Lessons from Apple, Opendoor, Rivian and Others", ,Benzinga,https://finnhub.io/api/news?id=af214fdca3aeb36b006e8083bd913360dead4babbbaaf544769b8ec71ca1f8ce,2025-11-26,"Big Companies, Market Fallout, Investor Settlements: Lessons from Apple, Opendoor, Rivian and Others.  ",0.0
2025-11-23 22:58:40,"Cybertruck 'The Best Robot Out There,' Says Jack Dorsey As Elon Musk Takes Note","Jack Dorsey&#39;s praise for the Cybertruck comes as new data shows Tesla&#39;s futuristic pickup losing momentum in a rapidly intensifying electric truck market dominated by growing competition from Ford, GM, Rivian and emerging players like Slate Auto.",Benzinga,https://finnhub.io/api/news?id=ae0372bd7a0317a517cf00a31d94b0326aedaf8ed47b37336b648410d417eb65,2025-11-23,"Cybertruck 'The Best Robot Out There,' Says Jack Dorsey As Elon Musk Takes Note. Jack Dorsey&#39;s praise for the Cybertruck comes as new data shows Tesla&#39;s futuristic pickup losing momentum in a rapidly intensifying electric truck market dominated by growing competition from Ford, GM, Rivian and emerging players like Slate Auto.",0.8555
2025-11-20 14:58:35,Rivian: Path To Profitability,"Rivian Automotive, Inc. beat Q3 earnings and revenue estimates, and recently lowered its full-year delivery outlook. Learn more about RIVN stock here.",SeekingAlpha,https://finnhub.io/api/news?id=834e663cc06f2c26611869c568ecbb48bc0f6a47758eb5759d384f0b79abde5c,2025-11-20,"Rivian: Path To Profitability. Rivian Automotive, Inc. beat Q3 earnings and revenue estimates, and recently lowered its full-year delivery outlook. Learn more about RIVN stock here.",0.1531
2025-11-19 13:43:26,"Rivian Automotive, Inc. (RIVN) Presents at Barclays 16th Annual Global Automotive and Mobility Tech Conference Transcript","Rivian Automotive, Inc. (RIVN) Barclays 16th Annual Global Automotive and Mobility Tech Conference November 19, 2025 11:25 AM ESTCompany ParticipantsClaire...",SeekingAlpha,https://finnhub.io/api/news?id=b48de145b745306714d5b565358adcdda3972b3ae98c02376ba168b75fad467b,2025-11-19,"Rivian Automotive, Inc. (RIVN) Presents at Barclays 16th Annual Global Automotive and Mobility Tech Conference Transcript. Rivian Automotive, Inc. (RIVN) Barclays 16th Annual Global Automotive and Mobility Tech Conference November 19, 2025 11:25 AM ESTCompany ParticipantsClaire...",0.0
2025-11-18 00:15:57,How the Story Around Rivian Is Shifting Amid Analyst Debates and Industry Uncertainty,"Rivian Automotive’s consensus analyst price target has edged higher, moving from $14.35 to $14.79 as analysts reassess the company’s outlook. This shift reflects evolving market sentiment, influenced by changes in expected risk, growth projections, and industry-wide dynamics. Stay tuned to discover how you can keep abreast of future developments that could further influence Rivian’s stock narrative. Analyst Price Targets don't always capture the full story. Head over to our Company Report to...",Yahoo,https://finnhub.io/api/news?id=2fb8188a39768229ef583ba5e752ddaae49dc816efa33d3c07c7c5d1bdd2c2bd,2025-11-18,"How the Story Around Rivian Is Shifting Amid Analyst Debates and Industry Uncertainty. Rivian Automotive’s consensus analyst price target has edged higher, moving from $14.35 to $14.79 as analysts reassess the company’s outlook. This shift reflects evolving market sentiment, influenced by changes in expected risk, growth projections, and industry-wide dynamics. Stay tuned to discover how you can keep abreast of future developments that could further influence Rivian’s stock narrative. Analyst Pr",0.0516
2025-11-17 12:07:06,Rivian Gains New Street-High Target as Analyst Sees 65% Upside,Tigress Financial boosts outlook following Rivian's stronger Q3 performance.,Yahoo,https://finnhub.io/api/news?id=df5f88e9a69ebdffada15ffc0217c7b83a3c1c1e0edb8e6ba8765def45ae7877,2025-11-17,Rivian Gains New Street-High Target as Analyst Sees 65% Upside. Tigress Financial boosts outlook following Rivian's stronger Q3 performance.,0.743
2025-11-16 23:41:00,Here's the Real Reason Rivian Soared 36% Higher,"While Rivian might have had a quiet year, with no vehicle launches until 2026, that didn't stop optimism from sending shares soaring recently -- here's why.",Yahoo,https://finnhub.io/api/news?id=84d09b3b089b3d10403c60074fa21288474aae8ff3c0cdc892280e4ba58c9770,2025-11-16,"Here's the Real Reason Rivian Soared 36% Higher. While Rivian might have had a quiet year, with no vehicle launches until 2026, that didn't stop optimism from sending shares soaring recently -- here's why.",-0.2411
2025-11-16 09:20:20,The Insider Report: Prepare for the Next Dip Buying Opportunity, ,Benzinga,https://finnhub.io/api/news?id=a81709ebe7736819bb535fe4f2f9b0f71685d55be607093f9460a76b102bb051,2025-11-16,The Insider Report: Prepare for the Next Dip Buying Opportunity.  ,0.4215
2025-11-15 14:23:00,Rivian Takes a Page Out of Tesla's Playbook – Is it the Right Move?,"Rivian might be taking a page out of Tesla's playbook, but it's much more palatable for investors.",Yahoo,https://finnhub.io/api/news?id=cc5b6a9c3c13292c4e7db05e489c5f29eacbc1ff9194769ea9c5230faaeaf417,2025-11-15,"Rivian Takes a Page Out of Tesla's Playbook – Is it the Right Move?. Rivian might be taking a page out of Tesla's playbook, but it's much more palatable for investors.",0.5913
2025-11-15 09:48:30,"SoFi Tech, Opendoor, Rivian— Investors Couldn't Stop Talking About These And More Stocks This Week","Retail investors talked up five hot stocks this week (Nov. 10-14) on X and Reddit&#39;s r/WallStreetBets: OPEN, RIVN, NVDA, SOFI, BBAI.",Benzinga,https://finnhub.io/api/news?id=45f9f5fb5e49b93580596793f3eb5e6151432bd91d8d647c92bb27c50c6066dc,2025-11-15,"SoFi Tech, Opendoor, Rivian— Investors Couldn't Stop Talking About These And More Stocks This Week. Retail investors talked up five hot stocks this week (Nov. 10-14) on X and Reddit&#39;s r/WallStreetBets: OPEN, RIVN, NVDA, SOFI, BBAI.",0.2235
2025-11-15 08:23:00,3 Big Takeaways from Rivian's Third Quarter,Rivian is making the best of a difficult EV environment.,Yahoo,https://finnhub.io/api/news?id=9dec1e411542d2e9fcb2efd08774876775bdf3ff4310f8175d14c98a0f6a8de3,2025-11-15,3 Big Takeaways from Rivian's Third Quarter. Rivian is making the best of a difficult EV environment.,0.4019
2025-11-14 19:00:52,Why Rivian (RIVN) Shares Are Trading Lower Today,"Shares of electric vehicle manufacturer Rivian (NASDAQ:RIVN) fell 6% in the afternoon session after CEO Robert J. Scaringe sold a notable amount of company stock. Specifically, the chief executive sold 52,350 shares at an average price of $16.60, for a total value of about $869,010. This sale, which was disclosed in a regulatory filing, reduced his position in the company by over 4%. The insider sale appeared to worsen existing investor concerns about the company's financial health and market po",Yahoo,https://finnhub.io/api/news?id=7f1183ddef01505e7034810d2b8f11dc53a96b268d7eb031672e84e2a793a7f1,2025-11-14,"Why Rivian (RIVN) Shares Are Trading Lower Today. Shares of electric vehicle manufacturer Rivian (NASDAQ:RIVN) fell 6% in the afternoon session after CEO Robert J. Scaringe sold a notable amount of company stock. Specifically, the chief executive sold 52,350 shares at an average price of $16.60, for a total value of about $869,010. This sale, which was disclosed in a regulatory filing, reduced his position in the company by over 4%. The insider sale appeared to worsen existing investor concerns ",0.4201
2025-11-13 22:05:56,"Orion, Corning, FuelCell Energy, 3D Systems, and Rivian Shares Plummet, What You Need To Know",A number of stocks fell in the afternoon session after the broader U.S. stock market declined amid investor caution and a pullback in technology stocks.,Yahoo,https://finnhub.io/api/news?id=770578235141fc9b376f34ec0a2f919f9076b2fd4eaa0559ec2ba5b99057b82a,2025-11-13,"Orion, Corning, FuelCell Energy, 3D Systems, and Rivian Shares Plummet, What You Need To Know. A number of stocks fell in the afternoon session after the broader U.S. stock market declined amid investor caution and a pullback in technology stocks.",0.5574
2025-11-13 19:46:17,Why Shares of Rivian Are Driving Higher This Week,It's not only a higher price target that's motivating investors to click the buy button.,Yahoo,https://finnhub.io/api/news?id=3423b15c9368f74d2049879a96377579c60134c5732c1ddcf30a8d3320f40ab0,2025-11-13,Why Shares of Rivian Are Driving Higher This Week. It's not only a higher price target that's motivating investors to click the buy button.,0.6597
2025-11-13 15:15:08,"GM, Ford Become World’s Greatest Car Companies","Ford and General Motors stocks trade at highs even though both automakers have failed in the electric vehicle segment, especially in China and Europe.",Yahoo,https://finnhub.io/api/news?id=1d25f94b054d5f5f2982db53e771d4a5ccc0de24e9714bcd13436a0897c58856,2025-11-13,"GM, Ford Become World’s Greatest Car Companies. Ford and General Motors stocks trade at highs even though both automakers have failed in the electric vehicle segment, especially in China and Europe.",0.2263
2025-11-13 14:00:01,"Rivian Automotive, Inc. (RIVN) is Attracting Investor Attention: Here is What You Should Know","Rivian Automotive (RIVN) has received quite a bit of attention from Zacks.com users lately. Therefore, it is wise to be aware of the facts that can impact the stock's prospects.",Yahoo,https://finnhub.io/api/news?id=0d3d1ebd29c724be4311ee6cf6d6164813794124e3689821ee496aa2b4ea3a29,2025-11-13,"Rivian Automotive, Inc. (RIVN) is Attracting Investor Attention: Here is What You Should Know. Rivian Automotive (RIVN) has received quite a bit of attention from Zacks.com users lately. Therefore, it is wise to be aware of the facts that can impact the stock's prospects.",0.8126
2025-11-13 11:00:00,RecycLiCo to Engage Global Investors and Industry Leaders at Benchmark Week 2025,"DELTA, British Columbia, Nov. 13, 2025 (GLOBE NEWSWIRE) -- RecycLiCo Battery Materials Inc. (“RecycLiCo” or the “Company”) (TSX.V: AMY | OTCQB: AMYZF |FSE: ID4), a critical minerals refining and lithium-ion battery upcycling company, today announced that Interim Chief Executive Officer Richard Sadowsky and Board Director Kurt Lageschulte will attend Benchmark Week 2025, taking place November 18–20 in Los Angeles. Hosted by Benchmark Mineral Intelligence, Benchmark Week is the battery supply chai",Yahoo,https://finnhub.io/api/news?id=c1056d69757ac0648cb801b9b9cf3cdcd93765765bf26da167600c507a6b1145,2025-11-13,"RecycLiCo to Engage Global Investors and Industry Leaders at Benchmark Week 2025. DELTA, British Columbia, Nov. 13, 2025 (GLOBE NEWSWIRE) -- RecycLiCo Battery Materials Inc. (“RecycLiCo” or the “Company”) (TSX.V: AMY | OTCQB: AMYZF |FSE: ID4), a critical minerals refining and lithium-ion battery upcycling company, today announced that Interim Chief Executive Officer Richard Sadowsky and Board Director Kurt Lageschulte will attend Benchmark Week 2025, taking place November 18–20 in Los Angeles. H",0.0258
2025-11-12 23:52:00,Rivian to Participate in the Barclays 16th Annual Global Automotive and Mobility Tech Conference,"IRVINE, Calif., November 12, 2025--Rivian Automotive, Inc. (NASDAQ: RIVN) today announced that on Wednesday, November 19, at 11:25am ET Rivian’s CFO, Claire McDonough will participate in a fireside chat at the Barclays 16th Annual Global Automotive and Mobility Tech Conference.",Yahoo,https://finnhub.io/api/news?id=26531d3053ad350fdddf8a741748f69fff29df83b35e47ee4f160b8cdbd4e053,2025-11-12,"Rivian to Participate in the Barclays 16th Annual Global Automotive and Mobility Tech Conference. IRVINE, Calif., November 12, 2025--Rivian Automotive, Inc. (NASDAQ: RIVN) today announced that on Wednesday, November 19, at 11:25am ET Rivian’s CFO, Claire McDonough will participate in a fireside chat at the Barclays 16th Annual Global Automotive and Mobility Tech Conference.",0.0
2025-11-12 20:41:00,Volkswagen says Rivian JV tech could extend to combustion cars in future,"PALO ALTO (Reuters) -Volkswagen Group said on Wednesday the technology it is developing with U.S. electric-vehicle maker ​Rivian Automotive could eventually be used in its internal combustion engine vehicles.  Integration of software and ‌electronics across platforms is crucial for Volkswagen, which has struggled to unify its technology architecture across brands after repeated delays ‌at its in house software unit, Cariad.  The German automaker is counting on its partnership with Rivian to acce",Yahoo,https://finnhub.io/api/news?id=c631218589e158194e921ff0fe83a3f7962d7aaf2507023eebcdb750342222c0,2025-11-12,"Volkswagen says Rivian JV tech could extend to combustion cars in future. PALO ALTO (Reuters) -Volkswagen Group said on Wednesday the technology it is developing with U.S. electric-vehicle maker ​Rivian Automotive could eventually be used in its internal combustion engine vehicles.  Integration of software and ‌electronics across platforms is crucial for Volkswagen, which has struggled to unify its technology architecture across brands after repeated delays ‌at its in house software unit, Cariad",-0.1779
2025-11-12 19:13:14,Rivian Wants to Be the Next Tesla With Huge Pay Package for CEO RJ Scaringe. Should You Buy RIVN Stock?,"Rivian has awarded its CEO a $4.6 billion performance-based package, drawing significant investor attention. Will this move ignite lasting growth or stall under high expectations?",Yahoo,https://finnhub.io/api/news?id=6794d0600d868b3b5ac1693ca437892fa9150ec0e7753999a5cb3c9b370a36e3,2025-11-12,"Rivian Wants to Be the Next Tesla With Huge Pay Package for CEO RJ Scaringe. Should You Buy RIVN Stock?. Rivian has awarded its CEO a $4.6 billion performance-based package, drawing significant investor attention. Will this move ignite lasting growth or stall under high expectations?",0.7622
2025-11-12 15:55:43,15 Stocks To Consider Buying For The Supreme Court Ruling On Trump's Tariffs, ,Benzinga,https://finnhub.io/api/news?id=5159782be6cffdfb1912377e0ed543276aaf451c15c1d87cf0fc3566ae2f7bc8,2025-11-12,15 Stocks To Consider Buying For The Supreme Court Ruling On Trump's Tariffs.  ,0.5574
2025-11-12 15:30:19,BC-Most Active Stocks,"td class=""col-issue"">New Era Energy & Digital Inc.",Yahoo,https://finnhub.io/api/news?id=f46cce32a407abdb92505056f2f82d77feacb80f5147adc813dcf22e3de4b264,2025-11-12,"BC-Most Active Stocks. td class=""col-issue"">New Era Energy & Digital Inc.",0.5859
2025-11-12 12:12:15,Rivian Surges as CEO RJ Scaringe Lands $4.6 Billion Payday,Tesla-style performance deal fires up investors and stock momentum,Yahoo,https://finnhub.io/api/news?id=6ab6f9f4cf6baa757ac2b42cbe4f8edb278cdc25b36c7a97b66f6518794058ee,2025-11-12,Rivian Surges as CEO RJ Scaringe Lands $4.6 Billion Payday. Tesla-style performance deal fires up investors and stock momentum,0.0
2025-11-12 12:00:29,Rivian (RIVN) Climbs to Record High as New CEO Package Fuels Growth Prospects,We recently published 10 Stocks on a Hot Streak. Rivian Automotive Inc. (NASDAQ:RIVN) is one of the best-performing stocks on Tuesday. Rivian Automotive soared to a new 52-week high on Tuesday as investors placed bets on the company’s growth prospects following a new CEO compensation package that would only be awarded upon the achievement of […],Yahoo,https://finnhub.io/api/news?id=8e8782a6ed81543b57792e0656f177b911dc2ff6ddf3fc85886b03c699ed5eed,2025-11-12,Rivian (RIVN) Climbs to Record High as New CEO Package Fuels Growth Prospects. We recently published 10 Stocks on a Hot Streak. Rivian Automotive Inc. (NASDAQ:RIVN) is one of the best-performing stocks on Tuesday. Rivian Automotive soared to a new 52-week high on Tuesday as investors placed bets on the company’s growth prospects following a new CEO compensation package that would only be awarded upon the achievement of […],0.8834
2025-11-11 18:05:35,Rivian shares climb 7% to new 52-week high -- Investors cheer stronger results and EV momentum,"Rivian powers higher after strong Q3, bullish sentiment lifts EV maker",Yahoo,https://finnhub.io/api/news?id=e6d9fd9f479fcdabdcd755b0ae1dbbc6f70eb30a158efb8fa8f9657729864897,2025-11-11,"Rivian shares climb 7% to new 52-week high -- Investors cheer stronger results and EV momentum. Rivian powers higher after strong Q3, bullish sentiment lifts EV maker",0.886
2025-11-11 14:52:18,Tesla: Still A Strong Buy (On Pullbacks),,SeekingAlpha,https://finnhub.io/api/news?id=b0f70c0629f1ea1889a0fb2eca300ac0eb787636ea1d63ae4907615fa2647a57,2025-11-11,Tesla: Still A Strong Buy (On Pullbacks). ,0.5106
2025-11-10 22:12:55,Rivian (RIVN): Assessing Valuation After Strong Q3 Results and Reinforced Growth Guidance,"Rivian Automotive (RIVN) shares saw a lift after the company delivered upbeat third-quarter results, reporting its first positive gross profit and beating revenue expectations. The EV maker also reaffirmed its production and delivery guidance for 2025. See our latest analysis for Rivian Automotive. Rivian’s upbeat quarter hasn’t just been about good headlines; its stock is showing real momentum. With a 1-month share price return of 19% and year-to-date gains nearing 15%, sentiment has...",Yahoo,https://finnhub.io/api/news?id=079d521eb97709b4c4e820b6cdd7be55db41c0a6d6663411f00103e776c6631e,2025-11-10,"Rivian (RIVN): Assessing Valuation After Strong Q3 Results and Reinforced Growth Guidance. Rivian Automotive (RIVN) shares saw a lift after the company delivered upbeat third-quarter results, reporting its first positive gross profit and beating revenue expectations. The EV maker also reaffirmed its production and delivery guidance for 2025. See our latest analysis for Rivian Automotive. Rivian’s upbeat quarter hasn’t just been about good headlines; its stock is showing real momentum. With a 1-m",0.886
2025-11-10 18:30:00,Here's the Number That Sent Rivian Soaring 23% Higher,"Rivian's top and bottom lines might have been a mixed bag, but this is the number that had investors feeling optimistic about Rivian.",Yahoo,https://finnhub.io/api/news?id=601abd7700eeeb309a9a815e8e38dcf8103698dd067fe4f559351e567619d976,2025-11-10,"Here's the Number That Sent Rivian Soaring 23% Higher. Rivian's top and bottom lines might have been a mixed bag, but this is the number that had investors feeling optimistic about Rivian.",0.6908
2025-11-10 11:51:00,Auto & Transport Roundup: Market Talk,"Find insight on Nissan Motor, SIA Engineering and more in the latest Market Talks covering Auto and Transport.",Yahoo,https://finnhub.io/api/news?id=b5c9e84ca5bc474b5f5ddcd8ff9934b913cc92085892d4d321b8a875ea3b5b71,2025-11-10,"Auto & Transport Roundup: Market Talk. Find insight on Nissan Motor, SIA Engineering and more in the latest Market Talks covering Auto and Transport.",0.0
2025-11-10 16:33:00,Rivian 'copies' rival Tesla with $4.6 billion move,"The NFL is considered a copycat league because if one team figures out a way to stop your offense one week, you can guarantee that the next team you play will try the same tactic the following week. Using tactics that have been proven to work is a logical strategy in sports, and electric vehicle ...",Yahoo,https://finnhub.io/api/news?id=73aae45112ca4e63639892cc8415e48446dfb6cf0796cb131fd277f0604fc767,2025-11-10,"Rivian 'copies' rival Tesla with $4.6 billion move. The NFL is considered a copycat league because if one team figures out a way to stop your offense one week, you can guarantee that the next team you play will try the same tactic the following week. Using tactics that have been proven to work is a logical strategy in sports, and electric vehicle ...",0.0516
2025-11-10 15:10:58,Rivian Shares Collapse 91%,"The share price of Rivian is almost 91% lower than its peak. The EV maker continues to struggle, and its prospects are dim.",Yahoo,https://finnhub.io/api/news?id=d9d0a7739d79aac3fe23fd19d536a2ead96e344dc0d4484597f8843a6c9d27d6,2025-11-10,"Rivian Shares Collapse 91%. The share price of Rivian is almost 91% lower than its peak. The EV maker continues to struggle, and its prospects are dim.",-0.2075
2025-11-10 10:35:00,Why This California-Based Company Could Be a Strong Buy for EV Investors,"Rivian's business is gaining momentum, but there's still a big X factor.",Yahoo,https://finnhub.io/api/news?id=d12c2c5712702483015b8f75279bcf5fbef73652ff4061fcd35819a8311e381a,2025-11-10,"Why This California-Based Company Could Be a Strong Buy for EV Investors. Rivian's business is gaining momentum, but there's still a big X factor.",0.4678
2025-11-10 09:57:10,EV Company News For The Month Of October 2025,"Global EV sales soar in Sept. 2025, reaching record shares in the US, China, and Europe.",SeekingAlpha,https://finnhub.io/api/news?id=39ce8edbee5b064daedda61b9ade00faf60796a6ec295b98623b46454f8f0b27,2025-11-10,"EV Company News For The Month Of October 2025. Global EV sales soar in Sept. 2025, reaching record shares in the US, China, and Europe.",0.4588
2025-11-10 09:32:00,Is Rivian Stock a Millionaire Maker?,"Rivian had a great third quarter, but the real story is the continued progress of the business.",Yahoo,https://finnhub.io/api/news?id=a736d124883dec3269e96b0415294417f3fc8e9327a1d1c3d55999bb508413c7,2025-11-10,"Is Rivian Stock a Millionaire Maker?. Rivian had a great third quarter, but the real story is the continued progress of the business.",0.7391
2025-11-10 08:30:00,Rivian Stock Just Surged 25% in 1 Day. Here's Why Shares Are Still a Buy.,Rivian delivered exciting third-quarter results.,Yahoo,https://finnhub.io/api/news?id=0635524555289ded4ab6ac7468fce130a0d6d6d67d3ef5741f5d64f29e124a25,2025-11-10,Rivian Stock Just Surged 25% in 1 Day. Here's Why Shares Are Still a Buy.. Rivian delivered exciting third-quarter results.,0.6597
2026-01-08 11:40:47,EV Company News For The Month Of December 2025,Read the latest news and data roundup on EV companies. Access it here.,SeekingAlpha,https://finnhub.io/api/news?id=fa19ccccaa7bf88f1f5b0f228947ba03946b3377412aacaa5ace95b01cc5de12,2026-01-08,EV Company News For The Month Of December 2025. Read the latest news and data roundup on EV companies. Access it here.,0.0
2026-01-08 10:34:16,"Piper Sandler Maintains Neutral on Rivian Automotive, Raises Price Target to $20",Piper Sandler  analyst Alexander Potter   maintains Rivian Automotive (NASDAQ:RIVN) with a Neutral and raises the price target from $14 to $20.,Benzinga,https://finnhub.io/api/news?id=06ba74b42fd1700f119f85a84fc8a2fd69758b1c490ae31550c8c103968d19ac,2026-01-08,"Piper Sandler Maintains Neutral on Rivian Automotive, Raises Price Target to $20. Piper Sandler  analyst Alexander Potter   maintains Rivian Automotive (NASDAQ:RIVN) with a Neutral and raises the price target from $14 to $20.",0.0
2026-01-08 04:44:28,"Rivian Recalls 19,641 R1S And R1T Vehicles After Toe Link Joint May Separate Following Improper Service Reassembly",-National Highway Traffic Safety Administration,Benzinga,https://finnhub.io/api/news?id=a54ee5a95a9dd19e7c84fdd41be6a08aca91ca3c9218f1be30789af0c3d8bec8,2026-01-08,"Rivian Recalls 19,641 R1S And R1T Vehicles After Toe Link Joint May Separate Following Improper Service Reassembly. -National Highway Traffic Safety Administration",0.4215
2026-01-07 16:22:14,"Ford, GM Chase Tesla For US EV Crown: 2026 Outlook Signals New Battleground",Data from top automakers shows which EVs sold best in the U.S. for 2025. Here&#39;s the list and what it could mean for 2026.,Benzinga,https://finnhub.io/api/news?id=c06e902ab38d84016c8e1be7c995e44f6a684e7f17295178d805ded5e5d26fd7,2026-01-07,"Ford, GM Chase Tesla For US EV Crown: 2026 Outlook Signals New Battleground. Data from top automakers shows which EVs sold best in the U.S. for 2025. Here&#39;s the list and what it could mean for 2026.",0.5106
2026-01-07 13:35:20,10 Consumer Discretionary Stocks Whale Activity In Today's Session, ,Benzinga,https://finnhub.io/api/news?id=bc76d0dc6f0417eb2d20e12f5213e52ef0458ee5c0862d687533227d025d1fb3,2026-01-07,10 Consumer Discretionary Stocks Whale Activity In Today's Session.  ,0.0
2026-01-06 17:16:25,3 Stocks to Sell in 2026,"The stock market, buoyed by the U.S. government’s removal of Venezuelan President Nicholas Maduro, is off to a good start in 2026, with the S&amp;P 500 up 1.3% in the first week of trading.",Benzinga,https://finnhub.io/api/news?id=3dac4fe95878280175a984fc919d67eda8747f127668a549090c45e2d33c9991,2026-01-06,"3 Stocks to Sell in 2026. The stock market, buoyed by the U.S. government’s removal of Venezuelan President Nicholas Maduro, is off to a good start in 2026, with the S&amp;P 500 up 1.3% in the first week of trading.",0.4404
2026-01-05 15:01:41,Rivian Automotive Options Trading: A Deep Dive into Market Sentiment, ,Benzinga,https://finnhub.io/api/news?id=c341edf4fb4b9f9f6e20ce9930978e80a189ec9f7dca48233d366fdaea25619a,2026-01-05,Rivian Automotive Options Trading: A Deep Dive into Market Sentiment.  ,0.0
2026-01-02 12:08:53,"Rivian Wraps 2025 With Fewer Deliveries, Investors Eye What's Next","Rivian Automotive stock rose after releasing Q4 and 2025 production and delivery figures, reflecting softer demand in the EV market.",Benzinga,https://finnhub.io/api/news?id=eee283140fb00630f7f92594ac19c6ab33e12e4689c1cfd4d7497864e6694bae,2026-01-02,"Rivian Wraps 2025 With Fewer Deliveries, Investors Eye What's Next. Rivian Automotive stock rose after releasing Q4 and 2025 production and delivery figures, reflecting softer demand in the EV market.",-0.128
2026-01-02 09:57:28,"Rivian Automotive Manufactures 10,974 Vehicles, Delivers 9,745 Units In Q4","Rivian Automotive, Inc. (NASDAQ: RIVN) today announced production and delivery totals for the quarter and year ending December 31, 2025. The company produced 10,974 vehicles at its manufacturing facility in Normal,",Benzinga,https://finnhub.io/api/news?id=0b00e05be05ccde504dab5633a2209c05913947ec65d89bd05c5e02c30659308,2026-01-02,"Rivian Automotive Manufactures 10,974 Vehicles, Delivers 9,745 Units In Q4. Rivian Automotive, Inc. (NASDAQ: RIVN) today announced production and delivery totals for the quarter and year ending December 31, 2025. The company produced 10,974 vehicles at its manufacturing facility in Normal,",0.0
2025-12-31 13:42:44,China's EV Stimulus Puts Nio-Heavy ETFs Back In Focus,"Nio&#39;s upside story is gaining traction, and ETFs holding the EV maker could benefit as China&#39;s trade-in subsidies boost demand and sentiment.",Benzinga,https://finnhub.io/api/news?id=afabb7c1666b746c32334ab866d994672f1cbc7740ab667061c88df6efca1b18,2025-12-31,"China's EV Stimulus Puts Nio-Heavy ETFs Back In Focus. Nio&#39;s upside story is gaining traction, and ETFs holding the EV maker could benefit as China&#39;s trade-in subsidies boost demand and sentiment.",0.7906
2025-12-31 13:39:31,Rivian Automotive (RIVN) Loses 5% as CEO Unloads Stake,"We recently published 10 Big Names Crumbling Before 2026. Rivian Automotive, Inc. (NASDAQ:RIVN) is one of the worst performers on Tuesday. Rivian Automotive extended its losing streak to a sixth straight session on Tuesday, shedding 5.22 percent to close at $19.59 apiece as investors mirrored its chief executive’s disposition of a significant stake in the […]",Yahoo,https://finnhub.io/api/news?id=4ab598cf8e1540f2864bbc1d26a6280adc3cef1ab304f8f972f799f249c6ee6e,2025-12-31,"Rivian Automotive (RIVN) Loses 5% as CEO Unloads Stake. We recently published 10 Big Names Crumbling Before 2026. Rivian Automotive, Inc. (NASDAQ:RIVN) is one of the worst performers on Tuesday. Rivian Automotive extended its losing streak to a sixth straight session on Tuesday, shedding 5.22 percent to close at $19.59 apiece as investors mirrored its chief executive’s disposition of a significant stake in the […]",-0.743
2025-12-31 11:18:20,Paccar: Short-Term Risks And No Reason To Own It For The Long Haul,Paccar Inc. rated Sell: structural transport headwinds and costly EV/autonomous investments may pressure returns. Click for this PCAR stock update.,SeekingAlpha,https://finnhub.io/api/news?id=f525fb058efaf890378d8dafab673d10a0f793220096929a184c9bb0c65de97b,2025-12-31,Paccar: Short-Term Risks And No Reason To Own It For The Long Haul. Paccar Inc. rated Sell: structural transport headwinds and costly EV/autonomous investments may pressure returns. Click for this PCAR stock update.,-0.7096
2025-12-30 17:09:26,Why Rivian (RIVN) Stock Is Falling Today,Rivian Shares Slide Again Amid Broader EV Sector Pressure,Yahoo,https://finnhub.io/api/news?id=dc3cac54da70c53a531f17ba8f2d6280feaadace69b32a3e169bc8f572d96399,2025-12-30,Why Rivian (RIVN) Stock Is Falling Today. Rivian Shares Slide Again Amid Broader EV Sector Pressure,-0.1531
2025-12-30 14:41:36,Rivian Stock Is Sliding Tuesday: What's Going On?,"Shares of Rivian Automotive are trading lower Tuesday afternoon, paring gains after touching 52-week highs earlier in December.",Benzinga,https://finnhub.io/api/news?id=4d46670628408a0a63a68383000176bf64f35a3c9095c72c9a5d1ecade0d334b,2025-12-30,"Rivian Stock Is Sliding Tuesday: What's Going On?. Shares of Rivian Automotive are trading lower Tuesday afternoon, paring gains after touching 52-week highs earlier in December.",0.34
2025-12-30 13:35:22,10 Consumer Discretionary Stocks With Whale Alerts In Today's Session, ,Benzinga,https://finnhub.io/api/news?id=4adc2881ccf5be7cb63e14f5dafeca5e0304f88db544eb6ac8f94b535c71d1b4,2025-12-30,10 Consumer Discretionary Stocks With Whale Alerts In Today's Session.  ,0.0
2025-12-30 11:01:53,What the Options Market Tells Us About Rivian Automotive, ,Benzinga,https://finnhub.io/api/news?id=7813d47b8b811daf6fbc34c18491511cbdaf8d5a59212af2b3e3e41d46d5b7a5,2025-12-30,What the Options Market Tells Us About Rivian Automotive.  ,0.0
2025-12-28 16:16:19,"Jim Cramer on Rivian: “Let’s Take Some off the Table, Rest Run”","Rivian Automotive, Inc. (NASDAQ:RIVN) is one of the stocks Jim Cramer shared his take on. A caller asked what Cramer thinks the prospects are for the company and he replied: “Look, I’m a balance sheet guy. This has had a major, major move. It’s been terrific. I think some of it is a short squeeze. […]",Yahoo,https://finnhub.io/api/news?id=4b4758dadc9eedbcd7cf529676f93ca3be56a9e98a9636c5f0bb91898915d7a9,2025-12-28,"Jim Cramer on Rivian: “Let’s Take Some off the Table, Rest Run”. Rivian Automotive, Inc. (NASDAQ:RIVN) is one of the stocks Jim Cramer shared his take on. A caller asked what Cramer thinks the prospects are for the company and he replied: “Look, I’m a balance sheet guy. This has had a major, major move. It’s been terrific. I think some of it is a short squeeze. […]",0.7717
2025-12-27 17:35:00,"Here's Why Rivian Stock Is a Buy Before Jan. 1, 2026",Rivian stock performed very well in 2025. Next year could bring more gains.,Yahoo,https://finnhub.io/api/news?id=927e89a5ae90731238c42fce0088047e24e6191c5255f1a556dc15177b935548,2025-12-27,"Here's Why Rivian Stock Is a Buy Before Jan. 1, 2026. Rivian stock performed very well in 2025. Next year could bring more gains.",0.6232
2025-12-27 11:00:00,"FOMC Minutes, Jobless Claims Report In Focus As 2025 Winds Down","Stay ahead with Wall Street Week Aheadâget key market events, upcoming earnings, economic data releases, and stock insights for the week.",SeekingAlpha,https://finnhub.io/api/news?id=e6ea60a77188b88a0825deddd75c9440618cc5f4d27aae2368aae0b91f8ab2b8,2025-12-27,"FOMC Minutes, Jobless Claims Report In Focus As 2025 Winds Down. Stay ahead with Wall Street Week Aheadâget key market events, upcoming earnings, economic data releases, and stock insights for the week.",0.0
2025-12-27 01:24:00,Ford Takes $19.5 Billion EV Hit. Is the EV Revolution Over?,"Electric vehicles were supposed to disrupt the auto industry, but sales are down, subsidies are going away, and Ford is pivoting away from EVs and taking $19.5 billion in charges to shift to hybrids. What strategy is the right one long-term?",Yahoo,https://finnhub.io/api/news?id=126276d981e41d021c1cebce810f37363325ae7e0a585434cf2d3ffaaba59e9c,2025-12-27,"Ford Takes $19.5 Billion EV Hit. Is the EV Revolution Over?. Electric vehicles were supposed to disrupt the auto industry, but sales are down, subsidies are going away, and Ford is pivoting away from EVs and taking $19.5 billion in charges to shift to hybrids. What strategy is the right one long-term?",-0.4606
2025-12-26 22:45:06,Rivian Automotive (RIVN) Registers a Bigger Fall Than the Market: Important Facts to Note,"In the closing of the recent trading day, Rivian Automotive (RIVN) stood at $20.9, denoting a -1.09% move from the preceding trading day.",Yahoo,https://finnhub.io/api/news?id=1cf51f35c2bdec2f07e82d54f03ae53b89cbc489eb36a227bb1dd12203070659,2025-12-26,"Rivian Automotive (RIVN) Registers a Bigger Fall Than the Market: Important Facts to Note. In the closing of the recent trading day, Rivian Automotive (RIVN) stood at $20.9, denoting a -1.09% move from the preceding trading day.",0.2023
2025-12-26 12:58:20,Will Rivian (RIVN) Stock Hit $50 by 2030?,"If you missed out on the multi-decade returns of Tesla (NASDAQ:TSLA) stock, maybe you’ll get a second chance with electric vehicle (EV) manufacturer Rivian Automotive (NASDAQ:RIVN). For the next four to five years, some loyal RIVN stockholders hope to achieve Tesla-like growth. In the most optimistic scenario, Rivian stock would stage a spectacular comeback and rally to ... Will Rivian (RIVN) Stock Hit $50 by 2030?",Yahoo,https://finnhub.io/api/news?id=e799b59d02a7259c47b28f458b5f61af3c66f529c95b8bfea90da8458940eaac,2025-12-26,"Will Rivian (RIVN) Stock Hit $50 by 2030?. If you missed out on the multi-decade returns of Tesla (NASDAQ:TSLA) stock, maybe you’ll get a second chance with electric vehicle (EV) manufacturer Rivian Automotive (NASDAQ:RIVN). For the next four to five years, some loyal RIVN stockholders hope to achieve Tesla-like growth. In the most optimistic scenario, Rivian stock would stage a spectacular comeback and rally to ... Will Rivian (RIVN) Stock Hit $50 by 2030?",0.8848
2025-12-26 09:01:00,"2025 In Review: How Tesla, Rivian, Lucid Fared This Year","2025 was eventful for US automotive industry amid shifting market dynamics, especially for EV makers Tesla, Rivian &amp; Lucid.",Benzinga,https://finnhub.io/api/news?id=ea87df25cc69987834de559e790bd4a16d1c39b862d8930f7f563bd5a1654921,2025-12-26,"2025 In Review: How Tesla, Rivian, Lucid Fared This Year. 2025 was eventful for US automotive industry amid shifting market dynamics, especially for EV makers Tesla, Rivian &amp; Lucid.",0.2732
2025-12-25 21:50:00,Rivian Stock Spiked 67% in 2025. Here's Why 2026 Could Be Even More Profitable for Investors.,Rivian will soon reach a critical inflection point.,Yahoo,https://finnhub.io/api/news?id=cd32ef4312faf5fb20f73aaf2aaef5cdb4aa6cc822c24db756fa310affe2a627,2025-12-25,Rivian Stock Spiked 67% in 2025. Here's Why 2026 Could Be Even More Profitable for Investors.. Rivian will soon reach a critical inflection point.,0.2484
2025-12-25 19:26:00,Ford and Rivian Announce Big Developments -- But Are They Buys Now?,"Both Ford and Rivian made big headlines recently, but is there real growth to be had for investors?",Yahoo,https://finnhub.io/api/news?id=f94b4f03cfaaee727b4990e4ef476de4bef49bca32cc2faad085780374184abb,2025-12-25,"Ford and Rivian Announce Big Developments -- But Are They Buys Now?. Both Ford and Rivian made big headlines recently, but is there real growth to be had for investors?",0.5803
2025-12-25 10:20:00,Lucid Touches All-Time Lows. Is It Finally Time for Investors to Risk Buying?,"Is the EV start-up Lucid a basement bargain after touching all-time lows, or is it a falling knife to avoid?",Yahoo,https://finnhub.io/api/news?id=138275522ddbcc03c4b90e90c63c2bfa6f50788aa8e5b58c2a0d48affb817df4,2025-12-25,"Lucid Touches All-Time Lows. Is It Finally Time for Investors to Risk Buying?. Is the EV start-up Lucid a basement bargain after touching all-time lows, or is it a falling knife to avoid?",-0.7236
2025-12-25 00:53:00,"Rivian Stock Popped 15% Thursday, but There Could Be Room to Run",Rivian received a vote of confidence and a boost in stock price recently. Here's why there could be more room to run.,Yahoo,https://finnhub.io/api/news?id=49b055e160897fa8dfb90ebcf494b0b2ffac277b7d865ee58a2bc716fbdab663,2025-12-25,"Rivian Stock Popped 15% Thursday, but There Could Be Room to Run. Rivian received a vote of confidence and a boost in stock price recently. Here's why there could be more room to run.",0.8402
2025-12-24 17:05:00,This Contrarian Play Could Be Your Best Investment of 2026,"Rivian appears to be an attractive contrarian pick for 2026, given its strong financials, robust balance sheet, and mass market catalyst.",Yahoo,https://finnhub.io/api/news?id=7420eaf627728ea0ed86251f8666c0e5b606fa6ba879f75eba7bc8437926aed6,2025-12-24,"This Contrarian Play Could Be Your Best Investment of 2026. Rivian appears to be an attractive contrarian pick for 2026, given its strong financials, robust balance sheet, and mass market catalyst.",0.9349
2025-12-24 15:44:23,Rivian Needs More Capital: Rating Downgrade,"Get insights on Rivian's 80% stock rally amid losses and capital needs. Explore balance sheet risks, cash runway, and future scenarios.",SeekingAlpha,https://finnhub.io/api/news?id=18b3fd4a338cbf169c6aa3f60772c8cc8eddefe3a4a378838c8e15913c929af2,2025-12-24,"Rivian Needs More Capital: Rating Downgrade. Get insights on Rivian's 80% stock rally amid losses and capital needs. Explore balance sheet risks, cash runway, and future scenarios.",-0.5859
2025-12-24 13:58:00,Rivian Stock: The EV Recovery Play to Watch,"Rivian's stock has soared over the last four weeks, but its true test will be the release of its upcoming SUV.",Yahoo,https://finnhub.io/api/news?id=280f92039f25c8ac23a86cabc9df1ca672ce483de1841dfd871f1ffcc87a4e14,2025-12-24,"Rivian Stock: The EV Recovery Play to Watch. Rivian's stock has soared over the last four weeks, but its true test will be the release of its upcoming SUV.",0.6597
2025-12-24 07:56:39,Wedbush Lifts Rivian (RIVN) Price Target Ahead of R2 Launch,"Rivian Automotive, Inc. (NASDAQ:RIVN) is one of the AI Stocks Making Waves on Wall Street. On December 19, Wedbush reiterated the stock as “Outperform” and raised its price target to $25.00 (from $16.00). The firm is optimistic on Rivian ahead of the R2 launch in 1H26, autonomy progress, and cost discipline despite tariff headwinds. “We […]",Yahoo,https://finnhub.io/api/news?id=9cff04136938f7d1597cd5710ba1221bf271e5a5318c72bfd7736c68da42ca34,2025-12-24,"Wedbush Lifts Rivian (RIVN) Price Target Ahead of R2 Launch. Rivian Automotive, Inc. (NASDAQ:RIVN) is one of the AI Stocks Making Waves on Wall Street. On December 19, Wedbush reiterated the stock as “Outperform” and raised its price target to $25.00 (from $16.00). The firm is optimistic on Rivian ahead of the R2 launch in 1H26, autonomy progress, and cost discipline despite tariff headwinds. “We […]",0.6249
2025-12-23 21:08:43,Why Rivian Automotive (RIVN) Is Up 16.3% After Unveiling Its Autonomy Chip And Subscription Strategy,"In December 2025, Rivian held its first Autonomy & AI Day, unveiling an in-house 5nm autonomy processor, a new AI-driven software architecture, and future integration of LiDAR and paid driver-assistance features, while also confirming plans for these systems to debut on its upcoming R2 midsize SUV platform from late 2026. A separate December announcement that board member Rose Marcario will step down in early 2026 while remaining chair of the Rivian Foundation highlights Rivian’s tighter...",Yahoo,https://finnhub.io/api/news?id=d296d0c6402e0afa109c1112dc3af40392c3ed7dc2f64c967e6e12a475efc2cb,2025-12-23,"Why Rivian Automotive (RIVN) Is Up 16.3% After Unveiling Its Autonomy Chip And Subscription Strategy. In December 2025, Rivian held its first Autonomy & AI Day, unveiling an in-house 5nm autonomy processor, a new AI-driven software architecture, and future integration of LiDAR and paid driver-assistance features, while also confirming plans for these systems to debut on its upcoming R2 midsize SUV platform from late 2026. A separate December announcement that board member Rose Marcario will step",0.0
2025-12-23 15:12:11,"Rivian (RIVN) Valuation Revisited as R2 SUV, Autonomy and Custom Silicon Fuel Renewed Investor Optimism","Rivian Automotive (RIVN) shares have been riding a wave of optimism as investors focus on the upcoming R2 midsize SUV and the company’s push into custom silicon, autonomy, and broader AI driven software. See our latest analysis for Rivian Automotive. That excitement is showing up in the numbers, with a roughly 46 percent 30 day share price return and a 64 percent year to date share price return pushing Rivian to about $21.75, while its 1 year total shareholder return of around 58 percent...",Yahoo,https://finnhub.io/api/news?id=8652121ec1bc40e7b0847da5becae440b9b59578a89ea13f41b93d7e0684059a,2025-12-23,"Rivian (RIVN) Valuation Revisited as R2 SUV, Autonomy and Custom Silicon Fuel Renewed Investor Optimism. Rivian Automotive (RIVN) shares have been riding a wave of optimism as investors focus on the upcoming R2 midsize SUV and the company’s push into custom silicon, autonomy, and broader AI driven software. See our latest analysis for Rivian Automotive. That excitement is showing up in the numbers, with a roughly 46 percent 30 day share price return and a 64 percent year to date share price retu",0.9413
2025-12-23 14:19:00,TSLA & RIVN Hit Fresh Highs: Which Stock Should You Pick for 2026?,"TSLA and Rivian hit fresh highs as AI, robotaxis and autonomy fuel rallies. Let's see which stock offers the better risk-reward heading into 2026.",Yahoo,https://finnhub.io/api/news?id=e10f3cf39fd529ac70255085eedd3efcd34614227bfe8eef2477667226830696,2025-12-23,"TSLA & RIVN Hit Fresh Highs: Which Stock Should You Pick for 2026?. TSLA and Rivian hit fresh highs as AI, robotaxis and autonomy fuel rallies. Let's see which stock offers the better risk-reward heading into 2026.",0.7579
2025-12-23 13:20:00,The EV Stock That's Better Than Tesla,Rivian's launch of its next-generation fleet in 2026 will determine if the company has what it takes to be a top EV company.,Yahoo,https://finnhub.io/api/news?id=24dfcd142b2be70a5d21d79a8e40112667edb8c3c661dd98ba93ccc09958d77f,2025-12-23,The EV Stock That's Better Than Tesla. Rivian's launch of its next-generation fleet in 2026 will determine if the company has what it takes to be a top EV company.,0.5719
2025-12-23 13:09:27,What's Going On With Rivian Stock Tuesday?,"Rivian Automotive, Inc. (NASDAQ:RIVN) shares are trading lower Tuesday, pulling back after hitting 52-week highs.",Benzinga,https://finnhub.io/api/news?id=93f59851afb60ff0689614053d001d98e4f00114133d8f722fe334f7e04e49cb,2025-12-23,"What's Going On With Rivian Stock Tuesday?. Rivian Automotive, Inc. (NASDAQ:RIVN) shares are trading lower Tuesday, pulling back after hitting 52-week highs.",0.0
2025-12-23 12:30:52,"PYPL, DJT, MU And More: 5 Stocks Investors Couldn't Stop Buzzing About This Week","Retail investors talked up five hot stocks this week (Dec. 15 to Dec. 19) on X and Reddit's r/WallStreetBets, driven by earnings, retail hype, AI buzz, and corporate news flow. The stocks, PayPal Holdings Inc. (NASDAQ:PYPL), Trump Media & Technology Group Corp. (NASDAQ:DJT), Micron Technology Inc. (NASDAQ:MU), Rivian Automotive Inc. (NASDAQ:RIVN), and Nike Inc. (NYSE:NKE), spanning finance, crypto, semiconductors, AI, automotive, and sports, reflected diverse retail interests. Don't Miss: If the",Yahoo,https://finnhub.io/api/news?id=8982bab91e76ef2c4d5ba6fe2f7eb8a5a8a2815742b0176151845a3cde0ad7d1,2025-12-23,"PYPL, DJT, MU And More: 5 Stocks Investors Couldn't Stop Buzzing About This Week. Retail investors talked up five hot stocks this week (Dec. 15 to Dec. 19) on X and Reddit's r/WallStreetBets, driven by earnings, retail hype, AI buzz, and corporate news flow. The stocks, PayPal Holdings Inc. (NASDAQ:PYPL), Trump Media & Technology Group Corp. (NASDAQ:DJT), Micron Technology Inc. (NASDAQ:MU), Rivian Automotive Inc. (NASDAQ:RIVN), and Nike Inc. (NYSE:NKE), spanning finance, crypto, semiconductors, ",0.2235
2025-12-23 12:01:41,Market Whales and Their Recent Bets on RIVN Options, ,Benzinga,https://finnhub.io/api/news?id=a9e343c25f8ede45966adfaf9042ce435a4d61933d5d86f6f5c5d504e36741db,2025-12-23,Market Whales and Their Recent Bets on RIVN Options.  ,0.0
2025-12-23 12:00:35,What Does the Market Think About Rivian Automotive Inc?, ,Benzinga,https://finnhub.io/api/news?id=1ec60b19faad0a6358acd51d7672f220cb89d536916f1efa43978e7bb6cce844,2025-12-23,What Does the Market Think About Rivian Automotive Inc?.  ,0.0
2025-12-23 04:30:00,ValuEngine Weekly Market Summary And Commentary,US markets continued to exhibit late-December cross-currents as investors balanced concerns around valuation in mega-cap tech and utilities against seasonal strength and improving breadth.,SeekingAlpha,https://finnhub.io/api/news?id=6aa3d38de45e70fc337aa55144b32db5339d671472bd6b39e966294ff5e014c0,2025-12-23,ValuEngine Weekly Market Summary And Commentary. US markets continued to exhibit late-December cross-currents as investors balanced concerns around valuation in mega-cap tech and utilities against seasonal strength and improving breadth.,0.7184
2025-12-22 13:07:03,"Rivian's Solar Truck Add-On Highlights A Bigger EV Shift, Says Worksport CEO—What It Could Mean For Thematic ETFs","Worksport&#39;s SOLIS solar tonneau cover and COR battery system are turning electric pickups into mobile energy sources, creating investment opportunities in clean energy and battery technology through ETFs.",Benzinga,https://finnhub.io/api/news?id=a0bd1ab966555910647bd1a28929c7177b845f67b1f12a9a10519a11a4b1e891,2025-12-22,"Rivian's Solar Truck Add-On Highlights A Bigger EV Shift, Says Worksport CEO—What It Could Mean For Thematic ETFs. Worksport&#39;s SOLIS solar tonneau cover and COR battery system are turning electric pickups into mobile energy sources, creating investment opportunities in clean energy and battery technology through ETFs.",0.8658
2025-12-22 03:37:10,"Elon Musk's Tesla May 'Never Make A GAAP Profit Ever Again,' Says Ross Gerber—Dan Ives Stays Bullish",Gerber Kawasaki&#39;s co-founder Ross Gerber has expressed concerns about Tesla&#39;s ability to report a GAAP profit amid declining sales.,Benzinga,https://finnhub.io/api/news?id=6be035f50eac0a218c745b2906ea58221c08db7f2ca959a7b9887157d512a1c6,2025-12-22,"Elon Musk's Tesla May 'Never Make A GAAP Profit Ever Again,' Says Ross Gerber—Dan Ives Stays Bullish. Gerber Kawasaki&#39;s co-founder Ross Gerber has expressed concerns about Tesla&#39;s ability to report a GAAP profit amid declining sales.",0.7964
2025-12-21 16:43:59,"Consumer Tech News (Dec 15-19): Meta Accelerates AI Wearables Push, Trump Unveils U.S. Air Taxi Strategy, US Halts Technology Agreement With UK & More","White House AI czar David Sacks says AI is driving U.S. hiring and wage growth, challenging claims it threatens American jobs. Transportation Secretary Sean Duffy reveals Trump administration plan to launch U.S. air taxi operations and expand urban mobility.",Benzinga,https://finnhub.io/api/news?id=88ca7c85bf876a1dd850e25df14ceef15b0fb45756549098264cceb339b8d84d,2025-12-21,"Consumer Tech News (Dec 15-19): Meta Accelerates AI Wearables Push, Trump Unveils U.S. Air Taxi Strategy, US Halts Technology Agreement With UK & More. White House AI czar David Sacks says AI is driving U.S. hiring and wage growth, challenging claims it threatens American jobs. Transportation Secretary Sean Duffy reveals Trump administration plan to launch U.S. air taxi operations and expand urban mobility.",0.7269
2025-12-21 12:31:41,"Rivian, Sandisk, And Moderna Are Among the Top 10 Large-Cap Gainers Last Week (Dec. 15-Dec. 19): Are the Others in Your Portfolio?","Top large-cap gainers for Dec. 15–19 were led by Rivian, Moderna, and BioMarin, rising on product/software updates, vaccine funding news, and a major acquisition deal, with Rocket Lab, Affirm, and cruise names also jumping on strong contracts, partnerships, and earnings.",Benzinga,https://finnhub.io/api/news?id=d3558570de333f911fdec3c68b1b50100fce1c66719df80421d336ac8a2c8834,2025-12-21,"Rivian, Sandisk, And Moderna Are Among the Top 10 Large-Cap Gainers Last Week (Dec. 15-Dec. 19): Are the Others in Your Portfolio?. Top large-cap gainers for Dec. 15–19 were led by Rivian, Moderna, and BioMarin, rising on product/software updates, vaccine funding news, and a major acquisition deal, with Rocket Lab, Affirm, and cruise names also jumping on strong contracts, partnerships, and earnings.",0.7096
2025-12-21 09:00:00,My S&P 500 Prediction On Sector Outperformers And Laggards In 2026,"The S&P 500 sector ETFs delivered strong gains in 2025, led by XLK, XLC, and XLI. Click here to read more about the sectors.",SeekingAlpha,https://finnhub.io/api/news?id=62635de519aa92458edb16bc2d4f93e99432de10a9f4aa68088e21d88231e63a,2025-12-21,"My S&P 500 Prediction On Sector Outperformers And Laggards In 2026. The S&P 500 sector ETFs delivered strong gains in 2025, led by XLK, XLC, and XLI. Click here to read more about the sectors.",0.6908
2025-12-19 23:20:00,U.S. IPO Weekly Recap: Medline Headlined Final Week Before Christmas,"No IPOs are currently scheduled in the week ahead, although smaller issuers may join the calendar throughout the week. Read more here.",SeekingAlpha,https://finnhub.io/api/news?id=a1c169d14e5b4472d8f53e70c3a656fb4c116792e0152a6d7f8150e8b46753d6,2025-12-19,"U.S. IPO Weekly Recap: Medline Headlined Final Week Before Christmas. No IPOs are currently scheduled in the week ahead, although smaller issuers may join the calendar throughout the week. Read more here.",0.0
2025-12-19 16:22:44,Why BlackBerry Shares Fell By Over 10% After Q3 2026 Earnings,"Discover BlackBerry Limitedâs Q3 results, QNX growth, and its prospects in secure automotive software. Click to see why BB is rated a steady long-term investment.",SeekingAlpha,https://finnhub.io/api/news?id=173afa4cc320985385ff89f729c67d24118a3ade1484cd078a3b96ea1473a28f,2025-12-19,"Why BlackBerry Shares Fell By Over 10% After Q3 2026 Earnings. Discover BlackBerry Limitedâs Q3 results, QNX growth, and its prospects in secure automotive software. Click to see why BB is rated a steady long-term investment.",0.8126
2025-12-19 14:48:42,Rivian Automotive shares are trading higher after Wedbush raised its price target from $16 to $25 on the stock.,,Benzinga,https://finnhub.io/api/news?id=60e8d82cb08b67c6c502f60ab239e5fd290b137657bee21ee94ce0dc4dd8e1b4,2025-12-19,Rivian Automotive shares are trading higher after Wedbush raised its price target from $16 to $25 on the stock.. ,0.296
2025-12-19 14:10:07,"Tech Stocks Rally, Silver Hits New Record Highs: What's Moving Markets Friday?",U.S. stocks pushed higher on Friday as investors continued to show optimism towards the AI theme and positioned into December&#39;s &#34;triple witching&#34; session.,Benzinga,https://finnhub.io/api/news?id=3eec6c0d5b1a7ae8bedf317222ad4798b01a942c8b28d5e7ecefe02f9b325ad7,2025-12-19,"Tech Stocks Rally, Silver Hits New Record Highs: What's Moving Markets Friday?. U.S. stocks pushed higher on Friday as investors continued to show optimism towards the AI theme and positioned into December&#39;s &#34;triple witching&#34; session.",0.5423
2025-12-19 13:07:09,"Carnival Posts Strong Q4 Earnings, Joins Amicus Therapeutics, Biomarin Pharmaceutical And Other Big Stocks Moving Higher On Friday", ,Benzinga,https://finnhub.io/api/news?id=05f7472b381932d34f05a6bb06cce7813479f6bbfd4ffd1cfb626afab3b41c01,2025-12-19,"Carnival Posts Strong Q4 Earnings, Joins Amicus Therapeutics, Biomarin Pharmaceutical And Other Big Stocks Moving Higher On Friday.  ",0.5106
2025-12-19 13:05:00,"Wall Street Roundup: Micron Earnings, EV Check-In","Micron (MU) earnings take it to a new high. EV check-in with Ford. Rivian rally, Tesla quietly drifting higher.",SeekingAlpha,https://finnhub.io/api/news?id=c38e4ca80b2a8e5d6453bda695966a8fe158cb3104af060d33d75950fbfbda12,2025-12-19,"Wall Street Roundup: Micron Earnings, EV Check-In. Micron (MU) earnings take it to a new high. EV check-in with Ford. Rivian rally, Tesla quietly drifting higher.",0.0
2025-12-19 09:40:40,"Wedbush Maintains Outperform on Rivian Automotive, Raises Price Target to $25",Wedbush  analyst Dan Ives   maintains Rivian Automotive (NASDAQ:RIVN) with a Outperform and raises the price target from $16 to $25.,Benzinga,https://finnhub.io/api/news?id=71ac2b990f5e6622ef5e61cc0d65c83de4191075e0a079f4893c0987f100fa75,2025-12-19,"Wedbush Maintains Outperform on Rivian Automotive, Raises Price Target to $25. Wedbush  analyst Dan Ives   maintains Rivian Automotive (NASDAQ:RIVN) with a Outperform and raises the price target from $16 to $25.",0.0
2025-12-18 21:35:01,"Rivian, Nike, Trump Media, FedEx And BlackBerry: Why These 5 Stocks Are On Investors' Radars Today","U.S. markets moved higher on Thursday, led by the Nasdaq, which climbed nearly 1.4% to 23,006.36.",Benzinga,https://finnhub.io/api/news?id=a5ca00bb2157b64cd0dd089f7aac2d7ff62adc0f66731fde727ae7fd46e0ea2a,2025-12-18,"Rivian, Nike, Trump Media, FedEx And BlackBerry: Why These 5 Stocks Are On Investors' Radars Today. U.S. markets moved higher on Thursday, led by the Nasdaq, which climbed nearly 1.4% to 23,006.36.",0.0
2025-12-18 15:28:14,Rivian Expands Hands-Free Driving to 3.5 Million Miles,"Rivian expands hands-free driving to over 3.5 million miles with a major software update, adds new autonomy features and digital key access.",Benzinga,https://finnhub.io/api/news?id=cf0dcffa98a1bf3aa0af96650dd6b5089a69d6c5715eb6883661c091cdf2e86b,2025-12-18,"Rivian Expands Hands-Free Driving to 3.5 Million Miles. Rivian expands hands-free driving to over 3.5 million miles with a major software update, adds new autonomy features and digital key access.",0.2023
2025-12-18 14:57:54,Rivian's Mass Market Strategy/High Growth Prospects Still Compellingly Valued,"Discover why RIVN is a Buy: strong balance sheet, new SaaS revenue, and growth prospects position it well for long-term investors. Click here to read more.",SeekingAlpha,https://finnhub.io/api/news?id=ba5229ee4e7cedfc8e5ecf28d9646e31784a3cf4b1a77fdf779976ba2928d13c,2025-12-18,"Rivian's Mass Market Strategy/High Growth Prospects Still Compellingly Valued. Discover why RIVN is a Buy: strong balance sheet, new SaaS revenue, and growth prospects position it well for long-term investors. Click here to read more.",0.9423
2025-12-18 12:29:10,'Rivian rolls out new 'Universal Hands-Free' driving feature'- TechCrunch,https://techcrunch.com/2025/12/18/rivian-rolls-out-new-universal-hands-free-driving-feature/,Benzinga,https://finnhub.io/api/news?id=12b4bd57d55f6fdf37c9c7d300558d55b1df8dfd076a0ee45d4e52461cc12ae7,2025-12-18,'Rivian rolls out new 'Universal Hands-Free' driving feature'- TechCrunch. https://techcrunch.com/2025/12/18/rivian-rolls-out-new-universal-hands-free-driving-feature/,0.0
2025-12-18 12:23:56,Rivian Stock Rides Momentum: What's Going On With Shares Thursday?,"Rivian Automotive, Inc. (NASDAQ:RIVN) shares are trading higher Thursday after Baird upgraded the stock from Neutral to Outperform.",Benzinga,https://finnhub.io/api/news?id=a0a03fbf780c2c8167d1fdeeed3fa5f14140b275f01c8b47c8b3c7eef14e4bf3,2025-12-18,"Rivian Stock Rides Momentum: What's Going On With Shares Thursday?. Rivian Automotive, Inc. (NASDAQ:RIVN) shares are trading higher Thursday after Baird upgraded the stock from Neutral to Outperform.",0.5267
2025-12-18 10:01:00,Rivian Automotive shares are trading higher after Baird upgraded the stock from Neutral to Outperform and raised its price target from $14 to $25.,,Benzinga,https://finnhub.io/api/news?id=fd82e93b584f8089ab30acd368e88a9ce2bb8a7e7e59831da61dfd2b8d23b897,2025-12-18,Rivian Automotive shares are trading higher after Baird upgraded the stock from Neutral to Outperform and raised its price target from $14 to $25.. ,0.296
2025-12-18 08:13:17,This Rivian Automotive Analyst Turns Bullish; Here Are Top 5 Upgrades For Thursday, ,Benzinga,https://finnhub.io/api/news?id=2d77e00bf650a45cb7118766091cc118cfe4eb16d1b86f8f54e8f1c98a5ee2ea,2025-12-18,This Rivian Automotive Analyst Turns Bullish; Here Are Top 5 Upgrades For Thursday.  ,0.2023
2025-12-18 06:56:09,"Baird Upgrades Rivian Automotive to Outperform, Raises Price Target to $25",Baird  analyst George Gianarikas   upgrades Rivian Automotive (NASDAQ:RIVN) from Neutral to Outperform and raises the price target from $14 to $25.,Benzinga,https://finnhub.io/api/news?id=76199731440dfc01ced0c522ac0d5db0abc1ed6c54939d1189030be928758829,2025-12-18,"Baird Upgrades Rivian Automotive to Outperform, Raises Price Target to $25. Baird  analyst George Gianarikas   upgrades Rivian Automotive (NASDAQ:RIVN) from Neutral to Outperform and raises the price target from $14 to $25.",0.0
2025-12-17 18:13:57,"Rivian Automotive, Inc. (RIVN) Discusses AI-Centric Approach to Vehicle Autonomy and Technology Roadmap - Slideshow","2025-12-17. The following slide deck was published by Rivian Automotive, Inc.",SeekingAlpha,https://finnhub.io/api/news?id=a235341614248811fec9624c7de0a730e1e6a72b86b87e62177548042dc06981,2025-12-17,"Rivian Automotive, Inc. (RIVN) Discusses AI-Centric Approach to Vehicle Autonomy and Technology Roadmap - Slideshow. 2025-12-17. The following slide deck was published by Rivian Automotive, Inc.",0.0
2025-12-17 10:17:51,Polestar: 1-For-30 Stock Split Changes Nothing,"Discover why Polestar stock faces a sell rating amid ongoing losses, missed targets, and challenging EV demand.",SeekingAlpha,https://finnhub.io/api/news?id=b286f7feadd2e2703986e72dc380e85d5f22bfb93a3b4d1741be243d0b5f5780,2025-12-17,"Polestar: 1-For-30 Stock Split Changes Nothing. Discover why Polestar stock faces a sell rating amid ongoing losses, missed targets, and challenging EV demand.",-0.5859
2025-12-16 12:08:35,Stock Of The Day: Did Rivian Breakout?,Rivian Automotive may have broken resistance. This could be bullish and may set the stage for a move higher.,Benzinga,https://finnhub.io/api/news?id=df78603716730e6c720f92ccbe1e9b5660d354b29155ec8a989150a3a67ba3b4,2025-12-16,Stock Of The Day: Did Rivian Breakout?. Rivian Automotive may have broken resistance. This could be bullish and may set the stage for a move higher.,-0.4767
2025-12-16 05:18:04,"Rivian CEO RJ Scaringe Hasn't Ruled Out Robotaxis, Says RIVN Is Focused On Level 4 Autonomy",Rivian CEO RJ Scaringe hints at the possibility of the automaker entering the Robotaxi market in the future.,Benzinga,https://finnhub.io/api/news?id=d0eb8d0328238ee676a54123b79759d5211ae0b9b29583477506bcdcacfa5bde,2025-12-16,"Rivian CEO RJ Scaringe Hasn't Ruled Out Robotaxis, Says RIVN Is Focused On Level 4 Autonomy. Rivian CEO RJ Scaringe hints at the possibility of the automaker entering the Robotaxi market in the future.",0.3818
2025-12-15 09:00:00,Rivian: The Next Leg Higher Is Still Ahead,"Rivian stock surged 42%, outpacing the S&P. Discover bullish momentum, margin growth, and potential 2x upside by 2027.",SeekingAlpha,https://finnhub.io/api/news?id=4a802af8d0ffbeb59f83c16bda9f761b56ae92c5921ab8fcf03a9974fb43c929,2025-12-15,"Rivian: The Next Leg Higher Is Still Ahead. Rivian stock surged 42%, outpacing the S&P. Discover bullish momentum, margin growth, and potential 2x upside by 2027.",0.3818
2025-12-15 07:30:00,What To Expect In November 2025's Inflation Report,"Get key November CPI insights across energy, food, housing & autos. Learn market impacts, 2026 Fed rate cut outlook, and stocks set to benefit.",SeekingAlpha,https://finnhub.io/api/news?id=73bcc5341b01f087caa2381db9a735bea8660c9171619617b83cdb50f04d6b39,2025-12-15,"What To Expect In November 2025's Inflation Report. Get key November CPI insights across energy, food, housing & autos. Learn market impacts, 2026 Fed rate cut outlook, and stocks set to benefit.",0.4588
2025-12-14 14:00:00,"Rivian: Thank You, Autonomy Day!","Rivian unveiled AI chips and autonomy plans, skipped robotaxi news, and raised odds of $30â40B 2030 sales after $5B 2025. Read why RIVN stock is a strong buy.",SeekingAlpha,https://finnhub.io/api/news?id=f4ec66f863f5491576195628135ae212d9e708f7b7aa178eae7152d5f922a9f5,2025-12-14,"Rivian: Thank You, Autonomy Day!. Rivian unveiled AI chips and autonomy plans, skipped robotaxi news, and raised odds of $30â40B 2030 sales after $5B 2025. Read why RIVN stock is a strong buy.",0.7263
2025-12-14 11:01:23,"Elon Musk's $50K Tiny House, Rivian's AI Turn And More: The Week In Mobility", ,Benzinga,https://finnhub.io/api/news?id=10d9bdf49a4812aef8d1b9c977657337879700c096b82c033659103ac2c87d76,2025-12-14,"Elon Musk's $50K Tiny House, Rivian's AI Turn And More: The Week In Mobility.  ",0.0
2025-12-14 04:17:40,Rivian Autonomy Chief Calls Lidar 'No-Brainer' As Costs Plunge: EV Maker Charts Its Path To Self-Driving Cars,"Rivian&#39;s top autonomy exec says lidar costs have fallen, making it a viable option for EVs, diverges from Tesla&#39;s camera-only approach.",Benzinga,https://finnhub.io/api/news?id=f77f156c2030f3a26306a38161742af78824918655f053271791f64c0f55e328,2025-12-14,"Rivian Autonomy Chief Calls Lidar 'No-Brainer' As Costs Plunge: EV Maker Charts Its Path To Self-Driving Cars. Rivian&#39;s top autonomy exec says lidar costs have fallen, making it a viable option for EVs, diverges from Tesla&#39;s camera-only approach.",-0.1779
2025-12-12 22:30:00,"U.S. IPO Weekly Recap: Wealthfront Leads 4 IPO Week, While United Rentals Challenger Submits Filings","Street research is expected for two companies in the week ahead, and four lock-up periods will be expiring. Read more here.",SeekingAlpha,https://finnhub.io/api/news?id=e110f54f504bb794be814fed53e20811e1236f86eea5a3f6f9c9fba206e42cde,2025-12-12,"U.S. IPO Weekly Recap: Wealthfront Leads 4 IPO Week, While United Rentals Challenger Submits Filings. Street research is expected for two companies in the week ahead, and four lock-up periods will be expiring. Read more here.",0.5106
2025-12-12 15:28:23,Rivian Stock Hits 52-Week High: What's Driving The Action?,"Rivian shares hit a 52-week high after Needham raised its price target, citing a shift toward in-house artificial intelligence and autonomy.",Benzinga,https://finnhub.io/api/news?id=e480d91870f3bae8ef11da60c6b742ea8383fd5b6261d0bc13d5905fe3676ba6,2025-12-12,"Rivian Stock Hits 52-Week High: What's Driving The Action?. Rivian shares hit a 52-week high after Needham raised its price target, citing a shift toward in-house artificial intelligence and autonomy.",0.6486
2025-12-12 14:35:15,Rivian's AI Turn VS. Lucid's Uber Alliance: Robotaxi Race For Second-Place,Rivian and Lucid are selling two different versions of the robotaxi dream in the race for second-place after Tesla.,Benzinga,https://finnhub.io/api/news?id=5187c7f1be861289db1cd4209915f94c5458c85d261deaf1adb4e74bfe16562e,2025-12-12,Rivian's AI Turn VS. Lucid's Uber Alliance: Robotaxi Race For Second-Place. Rivian and Lucid are selling two different versions of the robotaxi dream in the race for second-place after Tesla.,0.25
2025-12-12 13:58:11,"Goldman Sachs Maintains Neutral on Rivian Automotive, Raises Price Target to $16",Goldman Sachs  analyst Mark Delaney   maintains Rivian Automotive (NASDAQ:RIVN) with a Neutral and raises the price target from $13 to $16.,Benzinga,https://finnhub.io/api/news?id=3fbc7f49f6e4d42db54f1df132aff357c01e861dd9529cedcdbde264ea083f75,2025-12-12,"Goldman Sachs Maintains Neutral on Rivian Automotive, Raises Price Target to $16. Goldman Sachs  analyst Mark Delaney   maintains Rivian Automotive (NASDAQ:RIVN) with a Neutral and raises the price target from $13 to $16.",0.0
2025-12-12 13:27:59,"Wall Street Sell-Offs On AI Concerns, VIX Jumps 15%: What's Moving Markets Friday?","The final session of the week saw red dominate Wall Street screens, as stocks slid broadly following a renewed tech-led sell-off.",Benzinga,https://finnhub.io/api/news?id=841b4cd9564c072ccc810932243d51d6fc0087ba861d912b09c311b809334e9f,2025-12-12,"Wall Street Sell-Offs On AI Concerns, VIX Jumps 15%: What's Moving Markets Friday?. The final session of the week saw red dominate Wall Street screens, as stocks slid broadly following a renewed tech-led sell-off.",-0.128
2025-12-12 13:08:09,"RH Posts Strong Q3 Sales, Joins Canopy Growth, Tilray Brands, Frequency Electronics And Other Big Stocks Moving Higher On Friday", ,Benzinga,https://finnhub.io/api/news?id=2da25da621b2bc30eea55c3004f2e08fb3c3eb5ed31eb3ab4600052dd43fd7b5,2025-12-12,"RH Posts Strong Q3 Sales, Joins Canopy Growth, Tilray Brands, Frequency Electronics And Other Big Stocks Moving Higher On Friday.  ",0.7096
2025-12-12 13:05:53,11 Consumer Discretionary Stocks Moving In Friday's Intraday Session, ,Benzinga,https://finnhub.io/api/news?id=7e3ee81a11dce58148ded3aca6bc9bacee81c054850beb3ea9b0478c9517eb31,2025-12-12,11 Consumer Discretionary Stocks Moving In Friday's Intraday Session.  ,0.0
2025-12-12 10:39:21,"Rivian shares are trading higher after the company announced that it was entering the autonomous driving race with its new AI chip, targeting Level 4 autonomy. Additionally, Needham raised its price target on the stock from $14 to $23.",,Benzinga,https://finnhub.io/api/news?id=71ce3ed646ccc32974ee670600dc5c542ed47d6acdcf37de63ce2edcb44bca35,2025-12-12,"Rivian shares are trading higher after the company announced that it was entering the autonomous driving race with its new AI chip, targeting Level 4 autonomy. Additionally, Needham raised its price target on the stock from $14 to $23.. ",0.296
2025-12-12 09:38:58,Chevron To Rally Around 37%? Here Are 10 Top Analyst Forecasts For Friday, ,Benzinga,https://finnhub.io/api/news?id=a7cac3aa1dfef0347593a500170a38b74b9458c058fb5bdcf084bb75107a90df,2025-12-12,Chevron To Rally Around 37%? Here Are 10 Top Analyst Forecasts For Friday.  ,0.2023
2025-12-12 06:59:27,"Needham Maintains Buy on Rivian Automotive, Raises Price Target to $23",Needham  analyst Chris Pierce   maintains Rivian Automotive (NASDAQ:RIVN) with a Buy and raises the price target from $14 to $23.,Benzinga,https://finnhub.io/api/news?id=c9c6e2679da905b8fdeb134229e601653b11e24c2961864586f3a285ec835597,2025-12-12,"Needham Maintains Buy on Rivian Automotive, Raises Price Target to $23. Needham  analyst Chris Pierce   maintains Rivian Automotive (NASDAQ:RIVN) with a Buy and raises the price target from $14 to $23.",0.0
2025-12-12 04:10:07,"Rivian Takes On Tesla In Self-Driving Race With Level 4 Autonomy Goal, $49.99/Month Subscription, R2 LiDAR","Rivian enters the autonomous driving race with new AI chip, targeting Level 4 autonomous capabilities using LiDAR.",Benzinga,https://finnhub.io/api/news?id=116619a466623d3c47bffdd80b7d0da7c6461b093f6520d80e7f08a5ce7656b6,2025-12-12,"Rivian Takes On Tesla In Self-Driving Race With Level 4 Autonomy Goal, $49.99/Month Subscription, R2 LiDAR. Rivian enters the autonomous driving race with new AI chip, targeting Level 4 autonomous capabilities using LiDAR.",0.0
2025-12-12 03:17:24,"The Biggest Threat To Nvidia Is Google, Broadcom's Q4 Just Proved It",Google's AI innovations and custom chips threaten Nvidia's dominance. Read here for more on the shifting AI landscape and what it means for tech investors.,SeekingAlpha,https://finnhub.io/api/news?id=b0d6e0ad40916d551b0c98cb988f2476eaaadad00d4c5f6addcf5d72d5de9100,2025-12-12,"The Biggest Threat To Nvidia Is Google, Broadcom's Q4 Just Proved It. Google's AI innovations and custom chips threaten Nvidia's dominance. Read here for more on the shifting AI landscape and what it means for tech investors.",-0.6369
2025-12-12 02:43:05,Why Are Luminar Technologies (LAZR) Shares Trending?,"Luminar Technologies shares are trending after CEO Paul Ricci had 69,431 Class A shares withheld to cover tax obligations.",Benzinga,https://finnhub.io/api/news?id=969104989575216509f1cd9bcfe46b5606d1c18ff39c6885243c4eb46b7dc5ee,2025-12-12,"Why Are Luminar Technologies (LAZR) Shares Trending?. Luminar Technologies shares are trending after CEO Paul Ricci had 69,431 Class A shares withheld to cover tax obligations.",0.6808
2025-12-11 16:32:49,"Rivian Automotive, Inc. (RIVN) Discusses AI-Centric Approach to Vehicle Autonomy and Technology Roadmap Prepared Remarks Transcript","Rivian Automotive, Inc. (RIVN) Discusses AI-Centric Approach to Vehicle Autonomy and Technology Roadmap December 11, 2025 12:00 PM ESTCompany...",SeekingAlpha,https://finnhub.io/api/news?id=0278bbd006a0849240f9c82a241866c60b26dea32fa1cc0ccfd288d95b4d07cb,2025-12-11,"Rivian Automotive, Inc. (RIVN) Discusses AI-Centric Approach to Vehicle Autonomy and Technology Roadmap Prepared Remarks Transcript. Rivian Automotive, Inc. (RIVN) Discusses AI-Centric Approach to Vehicle Autonomy and Technology Roadmap December 11, 2025 12:00 PM ESTCompany...",0.2263
2025-12-11 13:22:09,"Rivian Showcases Advances In Proprietary Silicon, AI‑Driven Software, And Next‑Gen Vehicle Autonomy At First Autonomy & AI Day",American automotive technology company showcases roadmap toward global leadership in AI-defined vehicles and ownership experienceRivian (NASDAQ:RIVN) today announced significant breakthroughs in vertically integrated,Benzinga,https://finnhub.io/api/news?id=6c459aa67908b11368a4e074e89634bb1766b1631350edba59e746c755d0345c,2025-12-11,"Rivian Showcases Advances In Proprietary Silicon, AI‑Driven Software, And Next‑Gen Vehicle Autonomy At First Autonomy & AI Day. American automotive technology company showcases roadmap toward global leadership in AI-defined vehicles and ownership experienceRivian (NASDAQ:RIVN) today announced significant breakthroughs in vertically integrated",0.2023
2025-12-11 13:16:52,Rivian CEO Says Platform Will Allow For No Driver In Future,https://rivian.com/autonomy  ,Benzinga,https://finnhub.io/api/news?id=df295dc1c054ef64d6684047d36b0d7dd5d3c681fb24ddf1e7d5fadddcb9d4d7,2025-12-11,Rivian CEO Says Platform Will Allow For No Driver In Future. https://rivian.com/autonomy  ,-0.0772
2025-12-10 07:46:33,"Rivian Builds AI Assistant To Run The Vehicle, Not Just Talk","Rivian (RIVN) develops own AI assistant, separate from VW joint venture. Built in-house, integrates with vehicle controls.",Benzinga,https://finnhub.io/api/news?id=fafa9635beb2712739d95bb2ab802b657d75d8526a7852992633ad6d3f3a302f,2025-12-10,"Rivian Builds AI Assistant To Run The Vehicle, Not Just Talk. Rivian (RIVN) develops own AI assistant, separate from VW joint venture. Built in-house, integrates with vehicle controls.",0.0
2025-12-10 05:15:14,"Rivian CEO RJ Scaringe Warns Of 'Shocking Lack Of Choice' In US EV Market, Says Only Tesla Competes Under $50K",Rivian CEO RJ Scaringe thinks that the U.S. EV market lacks choice for consumers as Trump relaxes CAFE norms.,Benzinga,https://finnhub.io/api/news?id=7c741cc97d501c9ac9f05604a451aa0bcdad8a550f6e52885859950241c1c339,2025-12-10,"Rivian CEO RJ Scaringe Warns Of 'Shocking Lack Of Choice' In US EV Market, Says Only Tesla Competes Under $50K. Rivian CEO RJ Scaringe thinks that the U.S. EV market lacks choice for consumers as Trump relaxes CAFE norms.",-0.4404
2026-02-05 21:38:12,EV Company News For The Month Of January 2026,,SeekingAlpha,https://finnhub.io/api/news?id=a42293abbb5ca9480ac60835b65e44a0f13b9d29854ec30f52bee56091313825,2026-02-05,EV Company News For The Month Of January 2026. ,0.0
2026-02-04 15:50:00,Better EV Stock: Rivian vs. Nio,There is a good reason why Rivian is a better pick.,Yahoo,https://finnhub.io/api/news?id=d6bf96170cbae7c87cef8ce333d1a231bf82f358e6674cd33393e121eb37e3bf,2026-02-04,Better EV Stock: Rivian vs. Nio. There is a good reason why Rivian is a better pick.,0.8271
2026-02-04 10:10:35,Rivian Settlement Proposal And What It May Mean For Valuation,"Rivian Automotive (NasdaqGS:RIVN) has announced a proposed $250 million class action settlement related to securities litigation. The settlement addresses claims brought by shareholders and is subject to court approval before it can take effect. The proposal comes as the company continues to trade at a share price of $14.41. For investors watching Rivian Automotive, the proposed settlement is a legal development tied directly to shareholder interests. The stock currently trades at $14.41,...",Yahoo,https://finnhub.io/api/news?id=fbdc3311e63cdea948dedb89ce823c9815140a8751188b33a581a8e088f02a0a,2026-02-04,"Rivian Settlement Proposal And What It May Mean For Valuation. Rivian Automotive (NasdaqGS:RIVN) has announced a proposed $250 million class action settlement related to securities litigation. The settlement addresses claims brought by shareholders and is subject to court approval before it can take effect. The proposal comes as the company continues to trade at a share price of $14.41. For investors watching Rivian Automotive, the proposed settlement is a legal development tied directly to shar",0.7351
2026-02-04 04:39:18,Does Rivian (RIVN) Turning a Page on Litigation Quietly Reshape Its Software-First EV Narrative?,"Kessler Topaz Meltzer & Check, LLP recently announced a proposed US$250,000,000 cash settlement of a securities class action involving Rivian Automotive investors who bought Class A shares between November 10, 2021 and March 10, 2022, with a court hearing on final approval scheduled for May 15, 2026. The settlement, alongside Rivian’s push into software, autonomy and the mass-market R2 SUV, highlights how legal clean-up is unfolding alongside a broader business transformation. We’ll now...",Yahoo,https://finnhub.io/api/news?id=10882cf397a646d182a45b31d1ce0f1e47d81c6af94c1fabef33beafe190e5a5,2026-02-04,"Does Rivian (RIVN) Turning a Page on Litigation Quietly Reshape Its Software-First EV Narrative?. Kessler Topaz Meltzer & Check, LLP recently announced a proposed US$250,000,000 cash settlement of a securities class action involving Rivian Automotive investors who bought Class A shares between November 10, 2021 and March 10, 2022, with a court hearing on final approval scheduled for May 15, 2026. The settlement, alongside Rivian’s push into software, autonomy and the mass-market R2 SUV, highligh",0.6908
2026-02-03 09:15:00,Rivian: Why I'm Selling The R2 Hype,,SeekingAlpha,https://finnhub.io/api/news?id=950dd8c9dab2486a7dfb250d3317458f3b38c141fa8831afae1e2fffb07fa7ce,2026-02-03,Rivian: Why I'm Selling The R2 Hype. ,0.0
2026-02-03 06:52:23,"Gavin Newsom Touts $200 Million EV Incentive Program For First-Time Buyers In California— What It Means For Tesla, Ford, Rivian And GM",Gavin Newsom&#39;s proposed $200M EV incentive program for first-time buyers would require automakers to match amount.,Benzinga,https://finnhub.io/api/news?id=38e434ee2f645df205f0696a1145985c0b4cdd38c13a812596f906e8d6d7c907,2026-02-03,"Gavin Newsom Touts $200 Million EV Incentive Program For First-Time Buyers In California— What It Means For Tesla, Ford, Rivian And GM. Gavin Newsom&#39;s proposed $200M EV incentive program for first-time buyers would require automakers to match amount.",0.5994
2026-02-03 03:02:35,"Rivian Automotive, Inc. (RIVN): A Bull Case Theory","We came across a bullish thesis on Rivian Automotive, Inc. on Investment Ideas by Antonio’s Substack by Antonio Linares. In this article, we will summarize the bulls’ thesis on RIVN. Rivian Automotive, Inc.’s share was trading at $15.17 as of January 29th. Rivian Automotive, Inc., together with its subsidiaries, designs, develops, manufactures, and sells electric vehicles and accessories. RIVN is […]",Yahoo,https://finnhub.io/api/news?id=2b858cddce09773d4f785c24f85f756bb04812492974e393432677181c10e6f8,2026-02-03,"Rivian Automotive, Inc. (RIVN): A Bull Case Theory. We came across a bullish thesis on Rivian Automotive, Inc. on Investment Ideas by Antonio’s Substack by Antonio Linares. In this article, we will summarize the bulls’ thesis on RIVN. Rivian Automotive, Inc.’s share was trading at $15.17 as of January 29th. Rivian Automotive, Inc., together with its subsidiaries, designs, develops, manufactures, and sells electric vehicles and accessories. RIVN is […]",0.296
2026-02-02 23:25:00,Rivian Stock: The EV Recovery Play to Watch​,"Rivian has the cash it needs to build it, but are mass market consumers going to buy the R2?",Yahoo,https://finnhub.io/api/news?id=f4057e04f5bc82ff787eddc0776ee70e18cd83e58f3330b1d6f168619beb9c82,2026-02-02,"Rivian Stock: The EV Recovery Play to Watch​. Rivian has the cash it needs to build it, but are mass market consumers going to buy the R2?",0.1779
2026-02-02 22:45:03,Rivian Automotive (RIVN) Stock Dips While Market Gains: Key Facts,"Rivian Automotive (RIVN) reached $14.44 at the closing of the latest trading day, reflecting a -2.1% change compared to its last close.",Yahoo,https://finnhub.io/api/news?id=10ea46888856ad17ecebf7b8bb46ac94cd68414aada280f4f89b14443279aae7,2026-02-02,"Rivian Automotive (RIVN) Stock Dips While Market Gains: Key Facts. Rivian Automotive (RIVN) reached $14.44 at the closing of the latest trading day, reflecting a -2.1% change compared to its last close.",0.4215
2026-02-02 22:42:38,"Stock Market Today, Feb. 2: Nio Falls After January Deliveries Raise Concerns About Chinese EV Demand","Today, Feb. 2, 2026, investors weigh Nio’s surging January deliveries against fresh doubts about demand, margins, and model concentration.",Yahoo,https://finnhub.io/api/news?id=efa5c81d456e4c0d44daec0b14abc32c5471d3e1c271805d9b11ae7b653b4d7c,2026-02-02,"Stock Market Today, Feb. 2: Nio Falls After January Deliveries Raise Concerns About Chinese EV Demand. Today, Feb. 2, 2026, investors weigh Nio’s surging January deliveries against fresh doubts about demand, margins, and model concentration.",-0.2263
2026-02-02 19:10:00,2 Top EV Stocks to Buy for the Next Bull Market: Rivian and BYD​,Rivian and BYD are promising long-term plays on the EV market.,Yahoo,https://finnhub.io/api/news?id=6a64c398730087d3909bb19b3b3e0483e37abfe6142cec2e33b5bd7b642041e0,2026-02-02,2 Top EV Stocks to Buy for the Next Bull Market: Rivian and BYD​. Rivian and BYD are promising long-term plays on the EV market.,0.6705
2026-02-02 13:31:13,Tesla Made A Little-Known Family Insanely Rich With a $2.9B Deal—Then Cybertruck Delays Wiped Out More Than 99.9% of It,"One South Korean family saw their fortune swell past $800 million on paper — not from an IPO, not from real estate, not from crypto — but from a battery deal with Tesla. Less than two years later, the value of that contract was quietly revised down to just $7,386. Yes, from $2.9 billion to $7,386. A 99.9997% collapse. Behind the swing is L&F Co., a manufacturer of high-nickel cathode materials used in electric vehicle batteries. In February 2023, the company signed a supply agreement with Tesla",Yahoo,https://finnhub.io/api/news?id=21403e11bfb89fe46a67ab01fdebc713b023785f47b008a278f075042dff9302,2026-02-02,"Tesla Made A Little-Known Family Insanely Rich With a $2.9B Deal—Then Cybertruck Delays Wiped Out More Than 99.9% of It. One South Korean family saw their fortune swell past $800 million on paper — not from an IPO, not from real estate, not from crypto — but from a battery deal with Tesla. Less than two years later, the value of that contract was quietly revised down to just $7,386. Yes, from $2.9 billion to $7,386. A 99.9997% collapse. Behind the swing is L&F Co., a manufacturer of high-nickel ",0.5647
2026-02-01 22:05:38,Rivian Balances R2 Progress Recall Costs And Volkswagen Venture Value,"Rivian Automotive (NasdaqGS:RIVN) has started production validation for its R2 SUV, moving closer to bringing a mass market model to customers. The company announced a major recall affecting earlier R1T and R1S vehicles, focused on addressing quality and safety issues. Rivian highlighted a US$5.8b joint venture with Volkswagen and improvements in gross profit as it pursues cost cutting and new partnerships. Rivian sits at the intersection of electric pickups, SUVs and commercial vehicles,...",Yahoo,https://finnhub.io/api/news?id=9438807a0b9fc81c3ab5e2a7503e1e8c6dfb61b45891c4e620a607e281168ae7,2026-02-01,"Rivian Balances R2 Progress Recall Costs And Volkswagen Venture Value. Rivian Automotive (NasdaqGS:RIVN) has started production validation for its R2 SUV, moving closer to bringing a mass market model to customers. The company announced a major recall affecting earlier R1T and R1S vehicles, focused on addressing quality and safety issues. Rivian highlighted a US$5.8b joint venture with Volkswagen and improvements in gross profit as it pursues cost cutting and new partnerships. Rivian sits at the",0.8807
2026-01-31 18:43:00,Is Rivian Stock a Buy in 2026?​,Investors hope that Rivian's upcoming R2 will launch it into contention with Tesla.,Yahoo,https://finnhub.io/api/news?id=c24413dcdd2757d5602383fceb791670b2448ec471efd06e49109c4ab39d2e75,2026-01-31,Is Rivian Stock a Buy in 2026?​. Investors hope that Rivian's upcoming R2 will launch it into contention with Tesla.,0.4404
2026-01-31 06:59:00,Rivian Stock Is Down to Under $20. Time to Buy?,"Rivian is making progress toward its big 2026 goal, but is it worth buying before that goal is hit?",Yahoo,https://finnhub.io/api/news?id=34fac73fbe087fcaaf395f63fe5699f16f4ddec4fd175b8c0c494df19ad8f4f6,2026-01-31,"Rivian Stock Is Down to Under $20. Time to Buy?. Rivian is making progress toward its big 2026 goal, but is it worth buying before that goal is hit?",0.4039
2026-01-30 18:35:00,Where Will Rivian Stock Be in 5 Years?​,The little EV maker still has a lot to prove.,Yahoo,https://finnhub.io/api/news?id=50698603454b7dd8bd4e2e7c083a1fe5616f3feaca2de2ae0272c0a2a53dee2f,2026-01-30,Where Will Rivian Stock Be in 5 Years?​. The little EV maker still has a lot to prove.,0.0
2026-01-29 16:31:00,Could a Ballot Measure Open Direct EV Sales for Rivian in Washington?,"RIVN backs a Washington ballot bid to allow direct EV sales, putting $4.6M behind a push to end a rival's long-standing dealership exemption.",Yahoo,https://finnhub.io/api/news?id=6a315a044071e2dec8ffb4682643f91c1b2661944f540b21046e6d7120d4417a,2026-01-29,"Could a Ballot Measure Open Direct EV Sales for Rivian in Washington?. RIVN backs a Washington ballot bid to allow direct EV sales, putting $4.6M behind a push to end a rival's long-standing dealership exemption.",0.1779
2026-01-29 16:10:40,Rivian R2 Milestone And Recall Put Growth Plan Under Investor Focus,"Rivian Automotive has started building manufacturing validation units of its R2 SUV at its updated Illinois plant, a key step toward targeted volume production in 2026. The company has issued a recall affecting a large number of existing R1T and R1S vehicles, focusing attention on product quality and customer experience. Rivian is moving forward with a major joint venture with Volkswagen as it manages softer EV demand and higher manufacturing costs across the industry. Rivian Automotive...",Yahoo,https://finnhub.io/api/news?id=49995b9b221ad9052eb14758467346c7308bbc3cb106803595243fbb34420136,2026-01-29,"Rivian R2 Milestone And Recall Put Growth Plan Under Investor Focus. Rivian Automotive has started building manufacturing validation units of its R2 SUV at its updated Illinois plant, a key step toward targeted volume production in 2026. The company has issued a recall affecting a large number of existing R1T and R1S vehicles, focusing attention on product quality and customer experience. Rivian is moving forward with a major joint venture with Volkswagen as it manages softer EV demand and highe",0.34
2026-01-29 14:00:06,"Is Trending Stock Rivian Automotive, Inc. (RIVN) a Buy Now?","Rivian Automotive (RIVN) has received quite a bit of attention from Zacks.com users lately. Therefore, it is wise to be aware of the facts that can impact the stock's prospects.",Yahoo,https://finnhub.io/api/news?id=f070517fe0c75df0cb8102c3a4d8ebfd11018b582762393d9e00f98a1e8e8e79,2026-01-29,"Is Trending Stock Rivian Automotive, Inc. (RIVN) a Buy Now?. Rivian Automotive (RIVN) has received quite a bit of attention from Zacks.com users lately. Therefore, it is wise to be aware of the facts that can impact the stock's prospects.",0.6486
2026-01-29 00:05:00,Is Rivian Stock a Buy Now?,Rivian is on the cusp of an important achievement that will help determine the company's long-term future as a business.,Yahoo,https://finnhub.io/api/news?id=ff7e7057646047952d072b609f838e95af6aeee772da58de6d8a4208641b9cb6,2026-01-29,Is Rivian Stock a Buy Now?. Rivian is on the cusp of an important achievement that will help determine the company's long-term future as a business.,0.5423
2026-01-28 15:40:00,Rivian vs. NIO: Which EV Manufacturer Stock Is Worth Buying?,"RIVN's upcoming R2 SUV, aggressive cost cuts and a multibillion-dollar Volkswagen partnership give it an edge over NIO in the EV stock debate.",Yahoo,https://finnhub.io/api/news?id=86d334587e3a68eacd5017ada037e9b765a806d4e0840bc74a52762397655bb0,2026-01-28,"Rivian vs. NIO: Which EV Manufacturer Stock Is Worth Buying?. RIVN's upcoming R2 SUV, aggressive cost cuts and a multibillion-dollar Volkswagen partnership give it an edge over NIO in the EV stock debate.",-0.2263
2026-01-28 01:01:00,3 Reasons to Buy Tesla Before March 2026,The next couple of months should be packed with needle-moving Tesla news.,Yahoo,https://finnhub.io/api/news?id=75a7a5d188e1913d1ffc581444b67e21c435e03b5a9ae1fc604595872ffe17d2,2026-01-28,3 Reasons to Buy Tesla Before March 2026. The next couple of months should be packed with needle-moving Tesla news.,0.0
2026-01-26 09:43:35,Rivian: I Covered My Short Position Following 27% Drop In One Month (Rating Upgrade),Rivian Automotive plunged 27% in a month while R2 production appears on schedule. Click here to find out why RIVN stock is a Sell.,SeekingAlpha,https://finnhub.io/api/news?id=83141ba802de4ecd31cf3038279162e49be5bb3b6e6d168fa8892f8876105360,2026-01-26,Rivian: I Covered My Short Position Following 27% Drop In One Month (Rating Upgrade). Rivian Automotive plunged 27% in a month while R2 production appears on schedule. Click here to find out why RIVN stock is a Sell.,-0.2732
2026-01-25 22:56:37,Tracking Baillie Gifford's 13F Portfolio - Q4 2025 Update,,SeekingAlpha,https://finnhub.io/api/news?id=b3383b9e7185db3ec63aa0b8161e4799d83f1e4e26f1c6a36c00caa6bccdf604,2026-01-25,Tracking Baillie Gifford's 13F Portfolio - Q4 2025 Update. ,0.0
2026-01-23 13:35:24,10 Consumer Discretionary Stocks Whale Activity In Today's Session, ,Benzinga,https://finnhub.io/api/news?id=f8260e4b942d0456c90f5a870dfa46354c6fa1513de95eb89790b17faa88861f,2026-01-23,10 Consumer Discretionary Stocks Whale Activity In Today's Session.  ,0.0
2026-01-21 07:42:37,Rockwell Powers Up Lucid's Saudi Factory In A Big EV Push,Rockwell Automation deepens collaboration with Lucid Group to support first vehicle manufacturing site in Saudi Arabia.,Benzinga,https://finnhub.io/api/news?id=942a70f6540eda1dc10d97fae1d964b149e1cce392d1fcf5f87bc8844d22b478,2026-01-21,Rockwell Powers Up Lucid's Saudi Factory In A Big EV Push. Rockwell Automation deepens collaboration with Lucid Group to support first vehicle manufacturing site in Saudi Arabia.,0.4019
2026-01-20 10:29:11,Rivian: The Clock Starts Now,"Rivian Automotive, Inc. approaching a pivotal inflection with upcoming R2 launch, reminiscent of Tesla's Model 3 moment. Read more on RIVN stock here.",SeekingAlpha,https://finnhub.io/api/news?id=d1ff20fbb88058aca69efaf0757102d89cfa89148d1f6e4e8ad9f36dd7bbfd69,2026-01-20,"Rivian: The Clock Starts Now. Rivian Automotive, Inc. approaching a pivotal inflection with upcoming R2 launch, reminiscent of Tesla's Model 3 moment. Read more on RIVN stock here.",0.0
2026-01-19 20:34:02,Barclays Says Tesla’s (TSLA) Fundamentals Are Taking a Back Seat,"Tesla, Inc. (NASDAQ:TSLA) is one of the AI Stocks Analysts Are Watching Closely. On January 16, Barclays reiterated Tesla and Rivian as “Equal Weight,” stating that fundamentals remain an “afterthought” for both stocks. “We would describe the 2025 stock performance of TSLA and RIVN as heavy on the narrative, with fundamentals seemingly an afterthought.” On the […]",Yahoo,https://finnhub.io/api/news?id=8c3042e3a80aad5d968d5b01145885a75043fdabe87b26ae29e4a6aa73137528,2026-01-19,"Barclays Says Tesla’s (TSLA) Fundamentals Are Taking a Back Seat. Tesla, Inc. (NASDAQ:TSLA) is one of the AI Stocks Analysts Are Watching Closely. On January 16, Barclays reiterated Tesla and Rivian as “Equal Weight,” stating that fundamentals remain an “afterthought” for both stocks. “We would describe the 2025 stock performance of TSLA and RIVN as heavy on the narrative, with fundamentals seemingly an afterthought.” On the […]",0.0
2026-01-19 08:53:27,Rivian's Bullish Future Arrives With R2,Rivian targets a $45K R2 SUV with a 324% jump in software revenue and a $7B cash balance to fund its mass-market production shift. Learn why RIVN stock is a buy.,SeekingAlpha,https://finnhub.io/api/news?id=3cda6e2328007ce9caf6010144313440e5653ab940a1a5bced942f8aaddba096,2026-01-19,Rivian's Bullish Future Arrives With R2. Rivian targets a $45K R2 SUV with a 324% jump in software revenue and a $7B cash balance to fund its mass-market production shift. Learn why RIVN stock is a buy.,0.0
2026-01-18 14:05:00,Where Will Rivian Be in 1 Year?,"Rivian is facing a big test in 2026, and the outcome could determine the company's future.",Yahoo,https://finnhub.io/api/news?id=eec2e2c01cf5cc8a3a839b035987e59ff910ac1293e24306c00b5c9689419073,2026-01-18,"Where Will Rivian Be in 1 Year?. Rivian is facing a big test in 2026, and the outcome could determine the company's future.",0.0
2026-01-17 23:05:00,Why Ford Investors Might Have to Say Goodbye to Its Special Dividend,"Investors can bank on Ford's traditional dividend for income, but its highly valuable supplemental dividend could be at risk in the near term.",Yahoo,https://finnhub.io/api/news?id=4266cf4c1d2cc081641c8b9f7e4b46baa0b87c5efa89bdd9fd34218eedf1616e,2026-01-17,"Why Ford Investors Might Have to Say Goodbye to Its Special Dividend. Investors can bank on Ford's traditional dividend for income, but its highly valuable supplemental dividend could be at risk in the near term.",0.5844
2026-01-17 20:02:00,Is Rivian Stock Yesterday's News?,2026 is shaping up to be a pivotal year for the electric vehicle startup.,Yahoo,https://finnhub.io/api/news?id=e64e50d2fa0003e3a3efc4c72b6051cf16452d3d2dc6565c97828881c9060b4c,2026-01-17,Is Rivian Stock Yesterday's News?. 2026 is shaping up to be a pivotal year for the electric vehicle startup.,0.0
2026-01-17 10:31:40,Is Elon Musk's Move To Offer FSD As Subscription-Only Service Tied To Tesla Pay Package?,"As Elon Musk announced Tesla&#39;s FSD will only be available as a subscription service, is the move related to his trillion-dollar package?",Benzinga,https://finnhub.io/api/news?id=37c6704ff7d68f5acdd29458185b8f8aead58731c1439ac08ccee11916a7d5ca,2026-01-17,"Is Elon Musk's Move To Offer FSD As Subscription-Only Service Tied To Tesla Pay Package?. As Elon Musk announced Tesla&#39;s FSD will only be available as a subscription service, is the move related to his trillion-dollar package?",-0.1926
2026-01-17 10:30:00,Supersize CEO Pay Packages Aren’t Paying Off for Shareholders,"The prospect of a nine-figure paycheck was supposed to spur CEOs to deliver outstanding results, but few of these Elon Musk-like experiments are working out that way.",Yahoo,https://finnhub.io/api/news?id=79b83108d25ac59546d56061a693f3e605cc5c1385e89c2117f75ccb84c21ceb,2026-01-17,"Supersize CEO Pay Packages Aren’t Paying Off for Shareholders. The prospect of a nine-figure paycheck was supposed to spur CEOs to deliver outstanding results, but few of these Elon Musk-like experiments are working out that way.",0.4404
2026-01-16 14:28:00,"Rivian Rises 31% in 3 Months: Should You Buy, Sell or Hold the Stock?","RIVN shares jump 31% in three months, but slowing deliveries, soft EV demand and heavy spending point to a bumpy road ahead.",Yahoo,https://finnhub.io/api/news?id=762129cf6659bfedab4a49bd79bfa71344cba5e95ee3c9d1c2bd578ef9f37cd0,2026-01-16,"Rivian Rises 31% in 3 Months: Should You Buy, Sell or Hold the Stock?. RIVN shares jump 31% in three months, but slowing deliveries, soft EV demand and heavy spending point to a bumpy road ahead.",-0.0387
2026-01-16 12:42:31,Rivian's 48% Stock Surge Jolted Wall Street — And The Next Big Catalyst May Hit Soon,Rivian CEO RJ Scaringe shared an update on the highly anticipated R2 vehicle launch. Here&#39;s what it could mean for RIVN stock.,Benzinga,https://finnhub.io/api/news?id=5e459133d812312b35fd66235f8ad0dc026139056a3acde8dbb05834fe040c34,2026-01-16,Rivian's 48% Stock Surge Jolted Wall Street — And The Next Big Catalyst May Hit Soon. Rivian CEO RJ Scaringe shared an update on the highly anticipated R2 vehicle launch. Here&#39;s what it could mean for RIVN stock.,0.34
2026-01-15 22:57:39,"Rivian CEO, Mack Trucks Leader to Keynote ACT Expo 2026","Event expands focus on digital technologies alongside zero-emission vehicles The post Rivian CEO, Mack Trucks Leader to Keynote ACT Expo 2026 appeared first on FreightWaves.",Yahoo,https://finnhub.io/api/news?id=699f803f11f84880de44ef3be3a237afe7c0ef203c5d28ce95b7a8f9bf88043b,2026-01-15,"Rivian CEO, Mack Trucks Leader to Keynote ACT Expo 2026. Event expands focus on digital technologies alongside zero-emission vehicles The post Rivian CEO, Mack Trucks Leader to Keynote ACT Expo 2026 appeared first on FreightWaves.",0.1027
2026-01-15 22:25:45,Why Investors Are Pumping the Brakes on Rivian Stock This Week,The company reported no news. What could be powering the sell-off in this EV specialist?,Yahoo,https://finnhub.io/api/news?id=c266166f7a03c2dbde059f25d013e0f4f38c569b0fbbd2515bfd6a101ca4efa7,2026-01-15,Why Investors Are Pumping the Brakes on Rivian Stock This Week. The company reported no news. What could be powering the sell-off in this EV specialist?,-0.296
2026-01-15 22:16:22,The reality check everyone’s ignoring,"Welcome to Today’s Smart Money Roundup. Software stocks are getting crushed, and Barron’s is calling it “overdone.” Salesforce (CRM) is down 27% over the past year despite Wall Street hyping its Agentforce AI platform as a “medium-term growth engine.” The stock’s at $233.54, down 10.4% in just the past week. Snowflake (SNOW) fell 7.1% this ... The reality check everyone’s ignoring",Yahoo,https://finnhub.io/api/news?id=7a2c463518f68518a15d2e686a40bf8c026dba2bc3aa3dec2f29125ea0c5be68,2026-01-15,"The reality check everyone’s ignoring. Welcome to Today’s Smart Money Roundup. Software stocks are getting crushed, and Barron’s is calling it “overdone.” Salesforce (CRM) is down 27% over the past year despite Wall Street hyping its Agentforce AI platform as a “medium-term growth engine.” The stock’s at $233.54, down 10.4% in just the past week. Snowflake (SNOW) fell 7.1% this ... The reality check everyone’s ignoring",0.0258
2026-01-15 20:33:22,"Wolfe Downgrades Rivian (RIVN) on Cash Burn, Sees Delayed AI and Autonomy Catalysts","Rivian Automotive, Inc. (NASDAQ:RIVN) is one of the Must-Watch Stock on Wall Street. On January 12, Wolfe Research analyst Emmanuel Rosner downgraded the stock from Peerperform to Underperform, setting a price target of $16.00. Firm analysts see higher cash burn, rising losses, and limited near-term catalysts for the stock. Rosner noted how the near-term and […]",Yahoo,https://finnhub.io/api/news?id=36a5206257c1ca13946f14a4d29a7f209dd1e221f30c70ed12a12fb371d4847f,2026-01-15,"Wolfe Downgrades Rivian (RIVN) on Cash Burn, Sees Delayed AI and Autonomy Catalysts. Rivian Automotive, Inc. (NASDAQ:RIVN) is one of the Must-Watch Stock on Wall Street. On January 12, Wolfe Research analyst Emmanuel Rosner downgraded the stock from Peerperform to Underperform, setting a price target of $16.00. Firm analysts see higher cash burn, rising losses, and limited near-term catalysts for the stock. Rosner noted how the near-term and […]",-0.6705
2026-01-15 14:29:55,Why Rivian Stock Jumped Nearly 50% Last Year,Investors have been getting excited about Rivian's new R2 SUV and its AI progress.,Yahoo,https://finnhub.io/api/news?id=7504fe286832686e7272a7994296e72eebe56a6c7653d8be59064378c35b2146,2026-01-15,Why Rivian Stock Jumped Nearly 50% Last Year. Investors have been getting excited about Rivian's new R2 SUV and its AI progress.,0.6369
2026-01-15 13:50:00,Tesla to End One-Time FSD Purchase: Why the Shift Matters,"TSLA is set to end one-time FSD purchases, moving fully to subscriptions for steady revenues, to cut legal risk, and reset autonomy expectations.",Yahoo,https://finnhub.io/api/news?id=a55bdc4552fe440c2f98c9713bd8e3b1d72e5dd36578a1e2db11681f233394df,2026-01-15,"Tesla to End One-Time FSD Purchase: Why the Shift Matters. TSLA is set to end one-time FSD purchases, moving fully to subscriptions for steady revenues, to cut legal risk, and reset autonomy expectations.",-0.3818
2026-01-15 03:20:00,"2 EV Stocks That Could Be Heading for $0, and 1 With Multibagger Potential Left","EV sales declined this year, which is bad news for two smaller players. But one industry giant still has plenty of juice in its battery.",Yahoo,https://finnhub.io/api/news?id=7f35ceef9ecf0b790b8069d27196529cdd9010dfd3577522b19f3db1f55684ea,2026-01-15,"2 EV Stocks That Could Be Heading for $0, and 1 With Multibagger Potential Left. EV sales declined this year, which is bad news for two smaller players. But one industry giant still has plenty of juice in its battery.",-0.3071
2026-01-15 03:08:30,Ross Gerber Warns Tesla's Technology Edge Is 'Fading' As FSD Moves To Subscription-Only Model,"Ross Gerber has expressed concern about Tesla&#39;s move to offer FSD only as a subscription, saying it illustrates its fading software edge.",Benzinga,https://finnhub.io/api/news?id=ad4d23397d504af454251c4adc207027c45f7273f0e038268bde6b28c74817d6,2026-01-15,"Ross Gerber Warns Tesla's Technology Edge Is 'Fading' As FSD Moves To Subscription-Only Model. Ross Gerber has expressed concern about Tesla&#39;s move to offer FSD only as a subscription, saying it illustrates its fading software edge.",-0.1027
2026-01-15 01:00:00,"2025 - A Pivotal, Resurgent Year For U.S. Equities","For the third consecutive year, the U.S. equity new issuance market extended its upward trajectory, navigating several periods of heightened volatility along the way. Read more here.",SeekingAlpha,https://finnhub.io/api/news?id=984e4253ddc15ce20b3d47161d2aa6eefaf48a509dcf54e7122ebc3c2d673378,2026-01-15,"2025 - A Pivotal, Resurgent Year For U.S. Equities. For the third consecutive year, the U.S. equity new issuance market extended its upward trajectory, navigating several periods of heightened volatility along the way. Read more here.",0.0
2026-01-14 22:48:58,"Stocks to Watch Wednesday Recap: Netflix, Citigroup, Nvidia","↘️ Bank of America (BAC): The bank posted better-than-expected quarterly results, bolstered by consumer spending. Its stock slid 3.8% Wednesday, however.️ ↘️Wells Fargo (WFC): The lender’s net income per share disappointed investors.",Yahoo,https://finnhub.io/api/news?id=d66ff780bfa254ad8987f0c8e8a24072d1ec894424dd022e0d4dc4b70dd6e661,2026-01-14,"Stocks to Watch Wednesday Recap: Netflix, Citigroup, Nvidia. ↘️ Bank of America (BAC): The bank posted better-than-expected quarterly results, bolstered by consumer spending. Its stock slid 3.8% Wednesday, however.️ ↘️Wells Fargo (WFC): The lender’s net income per share disappointed investors.",-0.2263
2026-01-14 22:16:00,Auto & Transport Roundup: Market Talk,"Find insight on Rivian Automotive, Delta Air Lines, BYD and more in the latest Market Talks covering Auto and Transport.",Yahoo,https://finnhub.io/api/news?id=a700d0f4a36a5e9c4d1a713c96776e8b476e7f55bcb901b3d1db9517e732a79f,2026-01-14,"Auto & Transport Roundup: Market Talk. Find insight on Rivian Automotive, Delta Air Lines, BYD and more in the latest Market Talks covering Auto and Transport.",0.0
2026-01-14 21:27:02,"High Roller Technologies, Critical Metals Corp., MongoDB, Citigroup And Rivian: Why These 5 Stocks Are On Investors' Radars Today","U.S. stock markets moved lower on Wednesday, led by a drop of more than 200 points in the Nasdaq.",Benzinga,https://finnhub.io/api/news?id=bdae1c4f6881cb48f1e851d12a5628be9b7bb8ace5d457b634063db7978239df,2026-01-14,"High Roller Technologies, Critical Metals Corp., MongoDB, Citigroup And Rivian: Why These 5 Stocks Are On Investors' Radars Today. U.S. stock markets moved lower on Wednesday, led by a drop of more than 200 points in the Nasdaq.",-0.6808
2026-01-14 10:51:00,"These Stocks Are Today’s Movers: Bank of America, Netflix, Nvidia, Fortinet, Intel, Rivian, and More","Bank of America, Wells Fargo, and Citigroup are set to report earnings Wednesday, a day after JPMorgan Chase posted a decline in quarterly profit.",Yahoo,https://finnhub.io/api/news?id=f0c4fb01c732c6e6c91c93c592ef43f11a5367ff5bb0d1389775511698aadeac,2026-01-14,"These Stocks Are Today’s Movers: Bank of America, Netflix, Nvidia, Fortinet, Intel, Rivian, and More. Bank of America, Wells Fargo, and Citigroup are set to report earnings Wednesday, a day after JPMorgan Chase posted a decline in quarterly profit.",0.5994
2026-01-14 14:40:00,Rivian Stock Dives After Second Sell Downgrade. Why Its Gains Have Made Wall Street Wary.,"UBS analyst Joe Spak downgraded Rivian shares to Sell from Hold, according to FactSet. His price target went to $15 from $13 a share.",Yahoo,https://finnhub.io/api/news?id=fdb1f71c3bc61ed385524d7c166e1fe39b744a2904f7273282df2a5c4f3fe120,2026-01-14,"Rivian Stock Dives After Second Sell Downgrade. Why Its Gains Have Made Wall Street Wary.. UBS analyst Joe Spak downgraded Rivian shares to Sell from Hold, according to FactSet. His price target went to $15 from $13 a share.",0.7003
2026-01-14 21:05:01,Why Did Rivian Stock Plunge Today?,2026 will be a pivotal year for Rivian Automotive.,Yahoo,https://finnhub.io/api/news?id=1fd365f217e0d0684ac90ee22ce46d804cc2881de9b074964c9cc965539eb557,2026-01-14,Why Did Rivian Stock Plunge Today?. 2026 will be a pivotal year for Rivian Automotive.,0.0
2026-01-14 19:16:04,Why Rivian (RIVN) Shares Are Plunging Today,"Shares of electric vehicle manufacturer Rivian (NASDAQ:RIVN) fell 9% in the afternoon session after UBS downgraded the electric vehicle maker's stock to 'Sell' from 'Neutral', citing a less favorable risk-to-reward outlook.",Yahoo,https://finnhub.io/api/news?id=265fed60203b2b7d7324a9d2343f412d50f5e6a1596f9dd88c78e514c6b27f20,2026-01-14,"Why Rivian (RIVN) Shares Are Plunging Today. Shares of electric vehicle manufacturer Rivian (NASDAQ:RIVN) fell 9% in the afternoon session after UBS downgraded the electric vehicle maker's stock to 'Sell' from 'Neutral', citing a less favorable risk-to-reward outlook.",0.7357
2026-01-14 14:25:15,"Stocks Drop, Energy Sector Rises As Crude Eyes 6th Day Of Gains: What's Moving Markets Wednesday?","Wall Street retreated Wednesday as weakness in technology and financial stocks dragged major indexes lower, with investors remaining cautious ahead of a closely watched Supreme Court ruling on the legality of President Donald Trump&#39;s tariffs.",Benzinga,https://finnhub.io/api/news?id=6af7035b413d1fb20a0e6049461cc9503a5770343b999ede1a3e17771c67c733,2026-01-14,"Stocks Drop, Energy Sector Rises As Crude Eyes 6th Day Of Gains: What's Moving Markets Wednesday?. Wall Street retreated Wednesday as weakness in technology and financial stocks dragged major indexes lower, with investors remaining cautious ahead of a closely watched Supreme Court ruling on the legality of President Donald Trump&#39;s tariffs.",-0.5542
2026-01-14 14:01:00,Rivian (RIVN) Stock Drops As Analysts Turn Cautious After Recall,Rivian shares are down on Wednesday as the company faces challenges following a recent recall and shifts in analyst sentiment.,Benzinga,https://finnhub.io/api/news?id=7fdede03ff8e263abd5fa92df8e3da42d65cf0403cfb88f58a157f7d469d53ed,2026-01-14,Rivian (RIVN) Stock Drops As Analysts Turn Cautious After Recall. Rivian shares are down on Wednesday as the company faces challenges following a recent recall and shifts in analyst sentiment.,0.2732
2026-01-14 10:08:01,Okta To Rally Around 28%? Here Are 10 Top Analyst Forecasts For Wednesday, ,Benzinga,https://finnhub.io/api/news?id=83e2b91dad7be898fd0af0c8ed633c288ebfa6c89243940c515624b40fa4b683,2026-01-14,Okta To Rally Around 28%? Here Are 10 Top Analyst Forecasts For Wednesday.  ,0.2023
2026-01-14 09:50:40,This Arthur J. Gallagher Analyst Is No Longer Bullish; Here Are Top 5 Downgrades For Wednesday, ,Benzinga,https://finnhub.io/api/news?id=20b331ae2cde5e6037f1ea57b77320f43b7316b32a088478546b8c028128c41a,2026-01-14,This Arthur J. Gallagher Analyst Is No Longer Bullish; Here Are Top 5 Downgrades For Wednesday.  ,-0.1027
2026-01-14 08:49:28,Rivian shares are trading lower after UBS downgraded the stock from Neutral to Sell despite raising its price target from $13 to $15.,,Benzinga,https://finnhub.io/api/news?id=4320021e9df6e9dc8e71b81a000945c6a31cd01997edfe76ccd9160ec9cf3f7f,2026-01-14,Rivian shares are trading lower after UBS downgraded the stock from Neutral to Sell despite raising its price target from $13 to $15.. ,0.0
2026-01-14 08:00:19,13 Analysts Have This To Say About Rivian Automotive, ,Benzinga,https://finnhub.io/api/news?id=99aa35205d1270fa4166f8ddadb85ad31bd640bd773001dee836fa06aa6174a4,2026-01-14,13 Analysts Have This To Say About Rivian Automotive.  ,0.0
2026-01-14 08:00:12,"UBS Downgrades Rivian Automotive to Sell, Raises Price Target to $15",UBS  analyst Joseph Spak   downgrades Rivian Automotive (NASDAQ:RIVN) from Neutral to Sell and raises the price target from $13 to $15.,Benzinga,https://finnhub.io/api/news?id=3db946fb403b595ca82d9cd015d63eade70588558f85709e9a2306ec26c68db6,2026-01-14,"UBS Downgrades Rivian Automotive to Sell, Raises Price Target to $15. UBS  analyst Joseph Spak   downgrades Rivian Automotive (NASDAQ:RIVN) from Neutral to Sell and raises the price target from $13 to $15.",0.0
2026-01-14 05:27:35,Elon Musk Says Tesla Will Stop Selling FSD Post Valentine's Day: 'Only Available As A Monthly Subscription',Tesla&#39;s CEO Elon Musk announced that the Full Self-Driving service will no longer be available for a one-time payment.,Benzinga,https://finnhub.io/api/news?id=f5deb40ffcb856cc0e980e20e9e45e9419c99b8fa40824f3823e12e7c2015a55,2026-01-14,Elon Musk Says Tesla Will Stop Selling FSD Post Valentine's Day: 'Only Available As A Monthly Subscription'. Tesla&#39;s CEO Elon Musk announced that the Full Self-Driving service will no longer be available for a one-time payment.,-0.5267
2026-01-14 00:30:46,Tesla Model Y Emerges As Best-Selling EV In US For 2025 Despite 15% Drop In Q4 Sales — Ford F150 Lightning Edges Out Cybertruck,"Tesla Model Y remained the top-selling EV in US for 2025, despite 15% dip in sales with GM also showing a strong performance in EV market.",Benzinga,https://finnhub.io/api/news?id=71e049127f1fdacea1c8680337b833f9b76a7083546852e10e8485b2436bb0a7,2026-01-14,"Tesla Model Y Emerges As Best-Selling EV In US For 2025 Despite 15% Drop In Q4 Sales — Ford F150 Lightning Edges Out Cybertruck. Tesla Model Y remained the top-selling EV in US for 2025, despite 15% dip in sales with GM also showing a strong performance in EV market.",0.6266
2026-01-13 15:05:01,Rivian Stock Slips After Vehicle Recall As Investors Weigh Leadership Change,"Rivian Automotive Inc (NASDAQ:RIVN) shares are trading lower on Tuesday as the company faces scrutiny following a recent recall of nearly 20,000 vehicles due to a defect that may increase the risk of a crash.",Benzinga,https://finnhub.io/api/news?id=938e3b791d3f5abdf9f6d245ee315063b9ddfc4ab8676c0870036a95d5837cec,2026-01-13,"Rivian Stock Slips After Vehicle Recall As Investors Weigh Leadership Change. Rivian Automotive Inc (NASDAQ:RIVN) shares are trading lower on Tuesday as the company faces scrutiny following a recent recall of nearly 20,000 vehicles due to a defect that may increase the risk of a crash.",-0.5994
2026-01-12 14:02:51,Why Is Rivian Stock Trending Today?,"Shares of Rivian Automotive, Inc. (NASDAQ: RIVN) are trading higher Monday. Here&#39;s why the stock is trending.",Benzinga,https://finnhub.io/api/news?id=014ed2d22c383f20e079e45809c5c17784240e0a510cbcfeca455183fb06e43b,2026-01-12,"Why Is Rivian Stock Trending Today?. Shares of Rivian Automotive, Inc. (NASDAQ: RIVN) are trading higher Monday. Here&#39;s why the stock is trending.",0.296
2026-01-12 12:17:01,Wolfe Research Downgrades Rivian Automotive to Underperform,Wolfe Research  analyst Emmanuel Rosner   downgrades Rivian Automotive (NASDAQ:RIVN) from Peer Perform to Underperform.,Benzinga,https://finnhub.io/api/news?id=e805fe1893a67f93966e6926928accec7cda7833625b1dd78c19b4cbd1ffa923,2026-01-12,Wolfe Research Downgrades Rivian Automotive to Underperform. Wolfe Research  analyst Emmanuel Rosner   downgrades Rivian Automotive (NASDAQ:RIVN) from Peer Perform to Underperform.,0.0
2026-01-11 09:15:00,5 Considerations In The Upcoming CPI Report,"Stock indices rallied despite limited CPI data last month; since then, small-caps and Dow are outperforming tech into early 2026.",SeekingAlpha,https://finnhub.io/api/news?id=5c97a73c026837abf9c2151c6fc7f16aac261ab7edfacda66134440c2c9f955d,2026-01-11,"5 Considerations In The Upcoming CPI Report. Stock indices rallied despite limited CPI data last month; since then, small-caps and Dow are outperforming tech into early 2026.",0.1695
2026-01-09 13:35:19,10 Consumer Discretionary Stocks With Whale Alerts In Today's Session, ,Benzinga,https://finnhub.io/api/news?id=fad4394e997b5de789ec141220f9930ee505478a38077b4f04f97f733eeb3879,2026-01-09,10 Consumer Discretionary Stocks With Whale Alerts In Today's Session.  ,0.0
2026-03-06 13:49:13,"Rivian Wants R2 To Accomplish Something Ford, GM Couldn't: Here's The Record It's Chasing","Rivian has plans to sell 20,000 to 25,000 R2 vehicles in 2026, a goal that could put the vehicle in record company.",Benzinga,https://finnhub.io/api/news?id=1b3693c0d9d7d43b1e331070a18a0fd9931c0ad45d5fa3c795a5384698e9cfb5,2026-03-06,"Rivian Wants R2 To Accomplish Something Ford, GM Couldn't: Here's The Record It's Chasing. Rivian has plans to sell 20,000 to 25,000 R2 vehicles in 2026, a goal that could put the vehicle in record company.",0.4215
2026-03-05 23:34:17,EV Company News For The Month Of February 2026,"Global EV market update Jan 2026: sales down 6% YoY as China slumps, Europe rises. Read here for more details on the EV market.",SeekingAlpha,https://finnhub.io/api/news?id=7cd7f8bd99d3d5a6ce8e15b11cbb2f977fc2c195b2d44b48ec88d2edad6e769e,2026-03-05,"EV Company News For The Month Of February 2026. Global EV market update Jan 2026: sales down 6% YoY as China slumps, Europe rises. Read here for more details on the EV market.",0.0
2026-03-05 15:46:04,"Rivian Automotive, Inc. (RIVN) Presents at Morgan Stanley Technology, Media & Telecom Conference 2026 Transcript",,SeekingAlpha,https://finnhub.io/api/news?id=4ccab41bde2e7a61b5a0cadc1a19c6309cdba4073bc4730788c44ec33639d507,2026-03-05,"Rivian Automotive, Inc. (RIVN) Presents at Morgan Stanley Technology, Media & Telecom Conference 2026 Transcript. ",0.0
2026-03-05 13:35:46,10 Consumer Discretionary Stocks With Whale Alerts In Today's Session, ,Benzinga,https://finnhub.io/api/news?id=95eddf4076a40834e2eaa784f39743d8c87d7c0302831278be2d157bc9bb2e90,2026-03-05,10 Consumer Discretionary Stocks With Whale Alerts In Today's Session.  ,0.0
2026-03-03 13:35:22,10 Consumer Discretionary Stocks Whale Activity In Today's Session, ,Benzinga,https://finnhub.io/api/news?id=d7753c4f4464b3c89ff29dc25b8121ee64329d0cb39a9c0ec4405fe4e6c4d4d9,2026-03-03,10 Consumer Discretionary Stocks Whale Activity In Today's Session.  ,0.0
2026-03-03 13:02:13,"Rivian Automotive, Inc. (RIVN) Presents at J.P. Morgan 2026 Global Leveraged Finance Conference Transcript",,SeekingAlpha,https://finnhub.io/api/news?id=6df0edb74fd74ad478128b45ddc09783f7a35b68756ce1056f8535e94a3f36d8,2026-03-03,"Rivian Automotive, Inc. (RIVN) Presents at J.P. Morgan 2026 Global Leveraged Finance Conference Transcript. ",0.0
2026-03-03 12:00:59,Spotlight on Rivian Automotive: Analyzing the Surge in Options Activity, ,Benzinga,https://finnhub.io/api/news?id=d222283601d7a487fa5e119bd711ece48bea0f88ef29ffc5dbc755122a0eb1b5,2026-03-03,Spotlight on Rivian Automotive: Analyzing the Surge in Options Activity.  ,0.0
2026-02-27 23:59:00,Rivian Automotive's Drive Higher Doesn't Mean This Bumpy Ride Is Over,"Rivian (RIVN) stays a sell: cash burn, dilution, falling deliveries, and stretched valuation despite VWâs $5B and software gains. See more here.",SeekingAlpha,https://finnhub.io/api/news?id=22245c5eeb67fdebcbf5769912f391957d0be8c8725689ab223dbf23cae5b16e,2026-02-27,"Rivian Automotive's Drive Higher Doesn't Mean This Bumpy Ride Is Over. Rivian (RIVN) stays a sell: cash burn, dilution, falling deliveries, and stretched valuation despite VWâs $5B and software gains. See more here.",0.2023
2026-02-25 13:24:42,Ross Gerber Warns Tesla's 'Mad Max' FSD Mode Is 'Basically Unsafe' Following $240 Million Autopilot Liability Verdict,"Ross Gerber, co-founder of investment firm Gerber Kawasaki, issued a stern warning on Wednesday regarding the safety of Tesla Inc.&#39;s (TSLA) autonomous driving software.",Benzinga,https://finnhub.io/api/news?id=b0085b4e77b3e182a67330208ea9fb49e95539d66fe7ebe9b1f8ea7196063187,2026-02-25,"Ross Gerber Warns Tesla's 'Mad Max' FSD Mode Is 'Basically Unsafe' Following $240 Million Autopilot Liability Verdict. Ross Gerber, co-founder of investment firm Gerber Kawasaki, issued a stern warning on Wednesday regarding the safety of Tesla Inc.&#39;s (TSLA) autonomous driving software.",-0.5267
2026-02-25 12:02:48,Reported Earlier: CrunchLabs And Rivian Announce Exclusive Partnership For Multi-Phase STEM Content And Live EV Innovation Activations,"Multi-phase collaboration will bring Mark Rober&#39;s signature science storytelling to Rivian&#39;s electric vehicle innovation across digital content, live events and nationwide activationsSILICON VALLEY, Calif., Feb. 25, 2026",Benzinga,https://finnhub.io/api/news?id=55dc0a16e5979c3bde637c12218d184f14dc975f9f46eb98e2f6fdb6a3c721d1,2026-02-25,"Reported Earlier: CrunchLabs And Rivian Announce Exclusive Partnership For Multi-Phase STEM Content And Live EV Innovation Activations. Multi-phase collaboration will bring Mark Rober&#39;s signature science storytelling to Rivian&#39;s electric vehicle innovation across digital content, live events and nationwide activationsSILICON VALLEY, Calif., Feb. 25, 2026",0.6908
2026-02-24 18:20:00,Why Daily Stock Picks' Gary Vaughan Likes Large Cap Tech (And Energy),,SeekingAlpha,https://finnhub.io/api/news?id=7e4e3320077e66cf89b682107c9b6a0bce0d2a056ff1d72f948974bac0948fdd,2026-02-24,Why Daily Stock Picks' Gary Vaughan Likes Large Cap Tech (And Energy). ,0.5994
2026-02-24 13:00:39,Rivian Automotive Unusual Options Activity, ,Benzinga,https://finnhub.io/api/news?id=0df187a2b12192b620d07a64b35afacbdf8be20bd48d172ac37189c5108ca900,2026-02-24,Rivian Automotive Unusual Options Activity.  ,0.0
2026-02-24 10:05:21,Rivian Partners With EnergyHub To Expand Utility EV Managed Charging Programs Across North America,"The collaboration combines Rivian&#39;s direct-to-driver engagement with EnergyHub&#39;s advanced managed charging capabilities to enhance the value of EV programs for customers and utilities.EnergyHub, a leading provider of",Benzinga,https://finnhub.io/api/news?id=5731112fa8678524ff39f27cd8bd1d68a0c70edeb525224f74bb9b7308b1c6dd,2026-02-24,"Rivian Partners With EnergyHub To Expand Utility EV Managed Charging Programs Across North America. The collaboration combines Rivian&#39;s direct-to-driver engagement with EnergyHub&#39;s advanced managed charging capabilities to enhance the value of EV programs for customers and utilities.EnergyHub, a leading provider of",0.8271
2026-02-20 11:42:04,"Elon Musk's Net Worth Is So Large He Could Buy Ford, GM, Rivian And Toyota—And Still Have $141 Billion Left",Elon Musk&#39;s net worth continues to rise in 2026 thanks to the merger of SpaceX and xAI. Here&#39;s how Musk&#39;s net worth compares to Tesla rival companies.,Benzinga,https://finnhub.io/api/news?id=8be10c53669d43113e6a2707e04c9192b163316ab1c133ea3b9235038149b091,2026-02-20,"Elon Musk's Net Worth Is So Large He Could Buy Ford, GM, Rivian And Toyota—And Still Have $141 Billion Left. Elon Musk&#39;s net worth continues to rise in 2026 thanks to the merger of SpaceX and xAI. Here&#39;s how Musk&#39;s net worth compares to Tesla rival companies.",0.765
2026-02-19 19:26:41,"EV Satisfaction Hits New Highs, 96% Of Customers Would Buy Again: These Are The Top Models",Owners of electric vehicles in the U.S. are likely to keep buying or leasing EVs. That&#39;s good news for a sector that just lost tax credits.,Benzinga,https://finnhub.io/api/news?id=020ab8c7509895e36eeba8b8d4da9cbde547db2160a05825163f7e19e3eeea0a,2026-02-19,"EV Satisfaction Hits New Highs, 96% Of Customers Would Buy Again: These Are The Top Models. Owners of electric vehicles in the U.S. are likely to keep buying or leasing EVs. That&#39;s good news for a sector that just lost tax credits.",0.7783
2026-02-19 14:23:24,What's Going On With Rivian Automotive Stock Thursday?,"Rivian stock down after Q4 earnings, analysts react. Mixed reactions from analysts, with stock at Hold rating. CEO &amp; CFO sell shares.",Benzinga,https://finnhub.io/api/news?id=a8ab8b191e299d00f9de2b8fffac17e033bc4d5670d7db19916f990092bd6246,2026-02-19,"What's Going On With Rivian Automotive Stock Thursday?. Rivian stock down after Q4 earnings, analysts react. Mixed reactions from analysts, with stock at Hold rating. CEO &amp; CFO sell shares.",0.296
2026-02-18 01:24:10,"Ross Gerber Says 'Things Don't Seem To Be Improving' Amid Robotaxi Crashes, Says Tesla May Need To Make 'Hardware Adjustments'",Ross Gerber thinks Tesla&#39;s FSD needs hardware enhancements as vision-only approach fails to bring improvements.,Benzinga,https://finnhub.io/api/news?id=6deb7c7345c038a1ccc7afd79c888a1117314995a7e10ec229ddb4e5ba4b05a1,2026-02-18,"Ross Gerber Says 'Things Don't Seem To Be Improving' Amid Robotaxi Crashes, Says Tesla May Need To Make 'Hardware Adjustments'. Ross Gerber thinks Tesla&#39;s FSD needs hardware enhancements as vision-only approach fails to bring improvements.",0.3182
2026-02-17 18:53:00,This Rivian Automotive Analyst Turns Bearish; Here Are Top 5 Downgrades For Tuesday, ,Benzinga,https://finnhub.io/api/news?id=79330cc360f52886df4be937a5b7821ec3877149363ecd0258bc244f2983e959,2026-02-17,This Rivian Automotive Analyst Turns Bearish; Here Are Top 5 Downgrades For Tuesday.  ,0.2023
2026-02-17 14:09:00,Tesla Stock Slides Tuesday: What's Happening?,Tesla Inc (NASDAQ: TSLA) shares are trading lower Tuesday afternoon as investors digest fresh labor and regulatory headlines from Europe and the United States.,Benzinga,https://finnhub.io/api/news?id=cbf79cdb0db331611c0fa1023978bed07a62ade372d0afa7b0b81efb02dda479,2026-02-17,Tesla Stock Slides Tuesday: What's Happening?. Tesla Inc (NASDAQ: TSLA) shares are trading lower Tuesday afternoon as investors digest fresh labor and regulatory headlines from Europe and the United States.,0.6249
2026-02-17 13:39:09,Rivian Automotive shares are trading lower after DA Davidson downgraded the stock from Neutral to Underperform and lowered its price target from $15 to $14.,,Benzinga,https://finnhub.io/api/news?id=211b1d88605c5a858d564ef9931ff9f54ee6cc54e59d6d0b798828f416724ea3,2026-02-17,Rivian Automotive shares are trading lower after DA Davidson downgraded the stock from Neutral to Underperform and lowered its price target from $15 to $14.. ,-0.128
2026-02-17 12:53:36,"Stifel Maintains Buy on Rivian Automotive, Raises Price Target to $20",Stifel  analyst Stephen Gengaro   maintains Rivian Automotive (NASDAQ:RIVN) with a Buy and raises the price target from $17 to $20.,Benzinga,https://finnhub.io/api/news?id=a6972de99cacd716d210c6a5c14241ce3dd755d61694813164f8da787a0e54b6,2026-02-17,"Stifel Maintains Buy on Rivian Automotive, Raises Price Target to $20. Stifel  analyst Stephen Gengaro   maintains Rivian Automotive (NASDAQ:RIVN) with a Buy and raises the price target from $17 to $20.",0.0
2026-02-17 10:43:44,"DA Davidson Downgrades Rivian Automotive to Underperform, Lowers Price Target to $14",DA Davidson  analyst Michael Shlisky   downgrades Rivian Automotive (NASDAQ:RIVN) from Neutral to Underperform and lowers the price target from $15 to $14.,Benzinga,https://finnhub.io/api/news?id=a085d27be8f0d2604d53e37a832b3c767bacac8071e397e3895d9e7bc7609705,2026-02-17,"DA Davidson Downgrades Rivian Automotive to Underperform, Lowers Price Target to $14. DA Davidson  analyst Michael Shlisky   downgrades Rivian Automotive (NASDAQ:RIVN) from Neutral to Underperform and lowers the price target from $15 to $14.",-0.25
2026-02-17 10:00:00,Rivian: Mass Market Model And 5x Delivery Growth Prospects From 2027,RIVN's mass market R2 launch and expanded manufacturing capacity (5x of FY2025) position it for outsized top-line performance and adj EBITDA break-even in...,SeekingAlpha,https://finnhub.io/api/news?id=964d3d978b59be03cadadc5e4c87797063cf2651045dd98366724b6484375411,2026-02-17,Rivian: Mass Market Model And 5x Delivery Growth Prospects From 2027. RIVN's mass market R2 launch and expanded manufacturing capacity (5x of FY2025) position it for outsized top-line performance and adj EBITDA break-even in...,0.5859
2026-02-17 08:00:00,Rivian Passes First Key Test,"Rivian (RIVN) delivered decnt Q4 results and introduced confident 2026 guidance, driving shares higher.",SeekingAlpha,https://finnhub.io/api/news?id=78311ece21d844e42f546beff80c37482ef690b5f420ba0cc403a7d02184a126,2026-02-17,"Rivian Passes First Key Test. Rivian (RIVN) delivered decnt Q4 results and introduced confident 2026 guidance, driving shares higher.",0.6597
2026-02-17 06:58:55,Inflation Cools but AI Heat Still Blisters: A Post-Holiday Market Diagnostic,"Despite a promising dip in inflation figures, Wall Street remains on edge as artificial intelligence concerns move beyond tech. As we return from the Presidents' Day break, the divide between AI winners and those struggling to keep pace is becoming the primary driver of market sentiment.",ChartMill,https://finnhub.io/api/news?id=c6f54ca4a53a241e4d12724b24a69c817e05df5c1dfee1d6524fd0ce7702e963,2026-02-17,"Inflation Cools but AI Heat Still Blisters: A Post-Holiday Market Diagnostic. Despite a promising dip in inflation figures, Wall Street remains on edge as artificial intelligence concerns move beyond tech. As we return from the Presidents' Day break, the divide between AI winners and those struggling to keep pace is becoming the primary driver of market sentiment.",0.4045
2026-02-17 05:08:04,"Ross Gerber Says Elon Musk's Tesla Should Sell EV Business To Rivian, Says TSLA Brand Reduced To 'Negative'",Investor Ross Gerber thinks Tesla&#39;s brand value has declined due to Musk&#39;s shift from EVs to autonomy/robotics.,Benzinga,https://finnhub.io/api/news?id=f9e26ad13bdb734a76059587bc7e44291420ba14f9b41cc07257136ae94a8682,2026-02-17,"Ross Gerber Says Elon Musk's Tesla Should Sell EV Business To Rivian, Says TSLA Brand Reduced To 'Negative'. Investor Ross Gerber thinks Tesla&#39;s brand value has declined due to Musk&#39;s shift from EVs to autonomy/robotics.",-0.3182
2026-02-17 03:26:58,"Nasdaq Down 50 Points, Records Weekly Loss: Investor Sentiment Declines Further, Greed Index In 'Fear' Zone","CNN Money Fear and Greed index fell, Nasdaq declined after inflation report, major indices recorded losses for the week.",Benzinga,https://finnhub.io/api/news?id=dde85477dd8f7a5003e7d6a4f249389a8f7d56c9f88df35c989bb08f0101a5b2,2026-02-17,"Nasdaq Down 50 Points, Records Weekly Loss: Investor Sentiment Declines Further, Greed Index In 'Fear' Zone. CNN Money Fear and Greed index fell, Nasdaq declined after inflation report, major indices recorded losses for the week.",-0.9438
2026-02-17 02:16:44,Rivian Q4: The Much-Awaited Inflection Is Finally Here,,SeekingAlpha,https://finnhub.io/api/news?id=4c0bcafb4173e7580b97b65a67693acdcd37e5b58a02ab6559cc173e23bceb81,2026-02-17,Rivian Q4: The Much-Awaited Inflection Is Finally Here. ,0.0
2026-02-15 19:06:56,"The Week in EV Stocks: Rivian Gains 19.8% While Tesla Lags Behind | RIVN, TSLA","Rivian Automotive Inc (NASDAQ:RIVN) gained 19.8% this week, closing at $17.73 on Friday, February 13, 2026. While Tesla Inc (NASDAQ:TSLA) managed just 1.54% over the same period, Rivian’s surge came despite year-to-date losses of 10.05%. Three storylines drove this momentum: Rivian’s Q4 earnings that revealed hidden strength, the imminent R2 launch, and software revenue growth ... The Week in EV Stocks: Rivian Gains 19.8% While Tesla Lags Behind | RIVN, TSLA",Yahoo,https://finnhub.io/api/news?id=842b5a00aec7f0928eddd0ea289b244feb19549c21c6b7da33846952dfaec3e2,2026-02-15,"The Week in EV Stocks: Rivian Gains 19.8% While Tesla Lags Behind | RIVN, TSLA. Rivian Automotive Inc (NASDAQ:RIVN) gained 19.8% this week, closing at $17.73 on Friday, February 13, 2026. While Tesla Inc (NASDAQ:TSLA) managed just 1.54% over the same period, Rivian’s surge came despite year-to-date losses of 10.05%. Three storylines drove this momentum: Rivian’s Q4 earnings that revealed hidden strength, the imminent R2 launch, and software revenue growth ... The Week in EV Stocks: Rivian Gains ",0.8992
2026-02-15 17:05:00,TechCrunch Mobility: Rivian’s savior,Welcome back to TechCrunch Mobility — your central hub for news and insights on the future of transportation.,Yahoo,https://finnhub.io/api/news?id=439185725ce17dd899428951b63831bc6bcedf2b7b77bf6d711a7aecbf466b6a,2026-02-15,TechCrunch Mobility: Rivian’s savior. Welcome back to TechCrunch Mobility — your central hub for news and insights on the future of transportation.,0.4588
2026-02-15 10:32:20,"Rivian, Magna International, And Akamai Are Among the Top 10 Large-Cap Gainers Last Week (Feb. 9-Feb. 13): Are the Others in Your Portfolio?","Large-cap gainers were led by Magna, Rivian, and Generac after strong Q4 results and upbeat 2026 guidance, while QXO jumped on its Kodiak deal and Akamai/Vertiv rose on guidance plus analyst upgrades.",Benzinga,https://finnhub.io/api/news?id=be851dd953503b812cbb5f1a81a15946735d25e06187a63b1b5346a22180d704,2026-02-15,"Rivian, Magna International, And Akamai Are Among the Top 10 Large-Cap Gainers Last Week (Feb. 9-Feb. 13): Are the Others in Your Portfolio?. Large-cap gainers were led by Magna, Rivian, and Generac after strong Q4 results and upbeat 2026 guidance, while QXO jumped on its Kodiak deal and Akamai/Vertiv rose on guidance plus analyst upgrades.",0.6249
2026-02-15 05:08:28,Rivian Partnership And R2 Plans Weighed Against Valuation And Risks,"Rivian Automotive (NasdaqGS:RIVN) has reported its first full year of positive gross profit. The company is pushing ahead with the R2 SUV, positioned as its mass market model, with development moving toward launch. Rivian has entered a large joint venture with Volkswagen Group that combines software and EV technology collaboration with external financing and government support. The partnership is expected to support a new manufacturing facility and higher production capacity for upcoming...",Yahoo,https://finnhub.io/api/news?id=8e0d0f5c2e79d42cb49d28039447f642c0f8076d5d46d26e19b6d495510e96a1,2026-02-15,"Rivian Partnership And R2 Plans Weighed Against Valuation And Risks. Rivian Automotive (NasdaqGS:RIVN) has reported its first full year of positive gross profit. The company is pushing ahead with the R2 SUV, positioned as its mass market model, with development moving toward launch. Rivian has entered a large joint venture with Volkswagen Group that combines software and EV technology collaboration with external financing and government support. The partnership is expected to support a new manuf",0.7717
2026-02-14 23:25:00,Where Will Rivian Be in 3 Years?,Will Rivian replicate Tesla's recent success?,Yahoo,https://finnhub.io/api/news?id=f204f262e4b5dc5ca45a63c5385ebdc86b9ef51a371c0c4372d28f7506fd169f,2026-02-14,Where Will Rivian Be in 3 Years?. Will Rivian replicate Tesla's recent success?,0.6199
2026-02-14 15:30:37,"From 'slippery slope' to 'existential threat,' auto CEOs sound alarm on Chinese competition","Western automakers, from the Big Three to EV pure plays, are delivering the same stark warning: Chinese automakers pose a threat to their survival if domestic production isn't protected.",Yahoo,https://finnhub.io/api/news?id=be268dfa3940bc349cb6d4ef1d82a17ae582ea874699682fd0fe487c9eb851a6,2026-02-14,"From 'slippery slope' to 'existential threat,' auto CEOs sound alarm on Chinese competition. Western automakers, from the Big Three to EV pure plays, are delivering the same stark warning: Chinese automakers pose a threat to their survival if domestic production isn't protected.",-0.9002
2026-02-14 14:23:28,Why One Analyst Thinks Rivian’s (RIVN) Liquidity Story Matters More Than Losses,"Rivian Automotive, Inc. (NASDAQ:RIVN) is one of the AI stocks currently on Wall Street’s radar. Rivian has gained constructive analyst commentary from Benchmark recently, with analyst Mickey Legg pointing to solid liquidity, in-line deliveries, and funding visibility supporting execution. The firm reiterated a Buy rating on the stock with an $18.00 price target on February […]",Yahoo,https://finnhub.io/api/news?id=79dc9531132727489aad8a3bfb2b5ae090eaf7f146b139a29ab48de524c1cde5,2026-02-14,"Why One Analyst Thinks Rivian’s (RIVN) Liquidity Story Matters More Than Losses. Rivian Automotive, Inc. (NASDAQ:RIVN) is one of the AI stocks currently on Wall Street’s radar. Rivian has gained constructive analyst commentary from Benchmark recently, with analyst Mickey Legg pointing to solid liquidity, in-line deliveries, and funding visibility supporting execution. The firm reiterated a Buy rating on the stock with an $18.00 price target on February […]",0.4976
2026-02-14 14:01:23,Morning Movers: Tri Pointe surges after deal to be acquired,"Stock futures were trending lower, extending the pain from a sharp selloff in the previous session, but have improved following the January CPI release. The headline inflation rate fell in January, while the core rate eased as expected, maintaining market bets that the Federal Reserve will cut rates multiple times this year.Valentine's Day Sale - 70% OffUnlock hedge fund-level data and powerful investing tools for smarter, sharper decisions Stay ahead of the market with the latest news and analy",Yahoo,https://finnhub.io/api/news?id=6f442ddc3e0f62f5a0cab25aa635d009f211d17608679a497d7fa82c43656cd0,2026-02-14,"Morning Movers: Tri Pointe surges after deal to be acquired. Stock futures were trending lower, extending the pain from a sharp selloff in the previous session, but have improved following the January CPI release. The headline inflation rate fell in January, while the core rate eased as expected, maintaining market bets that the Federal Reserve will cut rates multiple times this year.Valentine's Day Sale - 70% OffUnlock hedge fund-level data and powerful investing tools for smarter, sharper deci",0.882
2026-02-14 14:00:55,Rivian price target raised to $17 from $13 at TD Cowen,"TD Cowen analyst Itay Michaeli raised the firm’s price target on Rivian (RIVN) to $17 from $13 and keeps a Hold rating on the shares. The firm said they posted an encouraging outcome against a backdrop of recent sentiment weakness. The 2026 guide is largely in line with consensus but better than feared amid EV and R1 cannibalization concerns.President's Day Sale - 70% OffUnlock hedge fund-level data and powerful investing tools for smarter, sharper decisions Stay ahead of the market with the lat",Yahoo,https://finnhub.io/api/news?id=8ffadd5e4fda3d9419e3467a8e5bdf4ea9c757befa419d0abb74308dab958776,2026-02-14,"Rivian price target raised to $17 from $13 at TD Cowen. TD Cowen analyst Itay Michaeli raised the firm’s price target on Rivian (RIVN) to $17 from $13 and keeps a Hold rating on the shares. The firm said they posted an encouraging outcome against a backdrop of recent sentiment weakness. The 2026 guide is largely in line with consensus but better than feared amid EV and R1 cannibalization concerns.President's Day Sale - 70% OffUnlock hedge fund-level data and powerful investing tools for smarter,",0.8462
2026-02-14 09:02:48,"GameStop, Palantir, Tesla And More: 5 Stocks Investors Couldn't Stop Buzzing About This Week","Retail investors talked up five hot stocks this week (Feb. 9 to Feb. 13) on X and Reddit&#39;s r/WallStreetBets, driven by retail hype, earnings, AI buzz, and corporate news flow.",Benzinga,https://finnhub.io/api/news?id=b1b50f1f40a8c4eec693a759a30fb5076f8938f55c30ddb8147de5d96096af4b,2026-02-14,"GameStop, Palantir, Tesla And More: 5 Stocks Investors Couldn't Stop Buzzing About This Week. Retail investors talked up five hot stocks this week (Feb. 9 to Feb. 13) on X and Reddit&#39;s r/WallStreetBets, driven by retail hype, earnings, AI buzz, and corporate news flow.",0.2235
2026-02-14 04:38:06,Rivian Automotive (RIVN) Climbs 26.6% on PT Hike,"We recently published 10 Market Beasts Leaving Wall Street in the Dust. Rivian Automotive Inc. (NASDAQ:RIVN) was one of the best performers on Friday. Rivian Automotive snapped two days of losses on Friday, surging 26.64 percent to close at $17.73 apiece as investors took heart from a mix of positive ratings and higher price targets […]",Yahoo,https://finnhub.io/api/news?id=103522ddad4209f2b2ede1b466f4f613710a9c4f26845b79e0362799993d80d0,2026-02-14,"Rivian Automotive (RIVN) Climbs 26.6% on PT Hike. We recently published 10 Market Beasts Leaving Wall Street in the Dust. Rivian Automotive Inc. (NASDAQ:RIVN) was one of the best performers on Friday. Rivian Automotive snapped two days of losses on Friday, surging 26.64 percent to close at $17.73 apiece as investors took heart from a mix of positive ratings and higher price targets […]",0.8834
2026-02-14 01:03:09,Rivian Automotive Inc (RIVN) Q4 2025 Earnings Call Highlights: Navigating Profitability ...,"Rivian Automotive Inc (RIVN) reports a mixed quarter with positive gross profit but ongoing automotive segment challenges, while gearing up for the R2 launch.",Yahoo,https://finnhub.io/api/news?id=454f03f9e6d5bfb71a00afcd0338e0f0dfe8f0b2901f67b1a1dbfabadaaf5657,2026-02-14,"Rivian Automotive Inc (RIVN) Q4 2025 Earnings Call Highlights: Navigating Profitability .... Rivian Automotive Inc (RIVN) reports a mixed quarter with positive gross profit but ongoing automotive segment challenges, while gearing up for the R2 launch.",0.4939
2026-02-13 12:26:35,Rivian Surges On Upgrades As Attention Turns To Its New Tesla Model Y Competitor,"Rivian soared before Friday's open after receiving several upgrades amid optimism for its upcoming R2, a Tesla Model Y rival.",Yahoo,https://finnhub.io/api/news?id=ef0a73ba1110da0849c5569584b38f61095bbed383aae9c3cab15e0be8eb0733,2026-02-13,"Rivian Surges On Upgrades As Attention Turns To Its New Tesla Model Y Competitor. Rivian soared before Friday's open after receiving several upgrades amid optimism for its upcoming R2, a Tesla Model Y rival.",0.5423
2026-02-13 22:47:59,"Stock Market Today, Feb. 13: Inflation Data Steadies Market and Slows AI Disruption Losses","Positive earnings pushed Applied Materials and Rivian Automotive higher as better-than-expected inflation data helped steady markets today, Feb. 13, 2026.",Yahoo,https://finnhub.io/api/news?id=37f599668d11705e8faaf8742b89eca9f9901e423e3279f9a2304730a21fe1af,2026-02-13,"Stock Market Today, Feb. 13: Inflation Data Steadies Market and Slows AI Disruption Losses. Positive earnings pushed Applied Materials and Rivian Automotive higher as better-than-expected inflation data helped steady markets today, Feb. 13, 2026.",-0.1531
2026-02-13 22:42:02,Rivian finds a way to shine even as the EV market struggles in the dark,"After multiple years of layoffs and negative profits, the electric vehicle maker Rivian reported promising earnings for 2025. The Irvine-based automaker is getting ready to release its cheapest vehicle yet.",Yahoo,https://finnhub.io/api/news?id=7cdebda69483d04c4a7f5f57c1203797d154dcfc518c53d5fd8ef0971b92bd1c,2026-02-13,"Rivian finds a way to shine even as the EV market struggles in the dark. After multiple years of layoffs and negative profits, the electric vehicle maker Rivian reported promising earnings for 2025. The Irvine-based automaker is getting ready to release its cheapest vehicle yet.",0.2263
2026-02-13 22:12:33,"Stocks to Watch Friday Recap: Applied Materials, Coinbase, DraftKings","↗️ Coinbase (COIN): The largest U.S. cryptocurrency exchange swung to a loss in a quarter marked by a selloff in digital currencies. Coinbase stock, which has fallen sharply this year, rose 16% on Friday.",Yahoo,https://finnhub.io/api/news?id=6206b5d152dd0c16a00746d6eeef2dcbc00b16f5b7736738ae29729adc54e140,2026-02-13,"Stocks to Watch Friday Recap: Applied Materials, Coinbase, DraftKings. ↗️ Coinbase (COIN): The largest U.S. cryptocurrency exchange swung to a loss in a quarter marked by a selloff in digital currencies. Coinbase stock, which has fallen sharply this year, rose 16% on Friday.",-0.5859
2026-02-13 22:10:01,"Stock Market Today, Feb. 13: Rivian Automotive Surges After Q4 Results Beat Expectations","On Feb. 13, 2026, an earnings beat, strong 2026 delivery outlook, and R2 launch plans sharpened the market's focus on Rivian's growth path.",Yahoo,https://finnhub.io/api/news?id=00fb0fe3947825d384133676cdb012010a98a3864d5d8d8d8ede8f6fb4e8e902,2026-02-13,"Stock Market Today, Feb. 13: Rivian Automotive Surges After Q4 Results Beat Expectations. On Feb. 13, 2026, an earnings beat, strong 2026 delivery outlook, and R2 launch plans sharpened the market's focus on Rivian's growth path.",0.7096
2026-02-13 21:42:43,Rivian Stock Surges 27% After Earnings,Rivian Automotive shares enjoyed a record one-day rally after the electric-vehicle startup logged a smaller-than-expected fourth-quarter loss.  It was their biggest one day percentage gain since the company's November 2021 initial public offering.,Yahoo,https://finnhub.io/api/news?id=a4b8f2d8cf33be11de93f03e2e71595eb548de63e57a7c91a4da42aaf664a78e,2026-02-13,Rivian Stock Surges 27% After Earnings. Rivian Automotive shares enjoyed a record one-day rally after the electric-vehicle startup logged a smaller-than-expected fourth-quarter loss.  It was their biggest one day percentage gain since the company's November 2021 initial public offering.,0.765
2026-02-13 21:23:00,Rivian Stock Jumps 27% on Earnings Beat and Upgrades,The EV company reports a fourth-quarter gross profit of $120 million from $1.3 billion in sales. Wall Street was looking for essentially a break-even gross profit from $1.2 billion in sales.,Yahoo,https://finnhub.io/api/news?id=6605fcfb3d897717158a3a084e2586b0aeacf144cd8c8bb5d4c0f0611cd0752c,2026-02-13,Rivian Stock Jumps 27% on Earnings Beat and Upgrades. The EV company reports a fourth-quarter gross profit of $120 million from $1.3 billion in sales. Wall Street was looking for essentially a break-even gross profit from $1.2 billion in sales.,-0.1027
2026-02-13 21:20:00,"Applied Materials, Rivian, Moderna, Arista, Fastly, Coinbase, Robinhood, DraftKings, and More Stock Market Movers",Applied Materials shares surged after the semiconductor-equipment maker beat analysts’ quarterly earnings estimates.,Yahoo,https://finnhub.io/api/news?id=0f797222e21aa9aea2e639bc53b794a42dfdb95dad8b56a651f46998c2453632,2026-02-13,"Applied Materials, Rivian, Moderna, Arista, Fastly, Coinbase, Robinhood, DraftKings, and More Stock Market Movers. Applied Materials shares surged after the semiconductor-equipment maker beat analysts’ quarterly earnings estimates.",0.296
2026-02-13 21:02:19,"Stock market today: Dow, S&P 500, Nasdaq gains fizzle to cap week of sharp losses as AI fears grow",Odds of a Fed rate cut in June nudge higher after 'core' consumer inflation comes in at its lowest rate in four years.,Yahoo,https://finnhub.io/api/news?id=8b394b80cd31671a4b56bb0e7330e5ccc690432a9cd611ca9ed655783590a609,2026-02-13,"Stock market today: Dow, S&P 500, Nasdaq gains fizzle to cap week of sharp losses as AI fears grow. Odds of a Fed rate cut in June nudge higher after 'core' consumer inflation comes in at its lowest rate in four years.",-0.7783
2026-02-13 20:54:39,"Apple stock struggles from Siri delay, Rivian rips higher",Yahoo Finance Senior Autos Reporter Pras Subramanian and Market Domination host Josh Lipton take a closer look at some of Friday's trending tickers and stories. Rivian (RIVN) stock continues to gain after the company posted strong fourth quarter results and forecast impressive delivery numbers. Applied Materials (AMAT) stock is surging after the company beat Wall Street's first quarter estimates. Apple (AAPL) had its worst trading day since April on news that the updated Siri will be delayed and,Yahoo,https://finnhub.io/api/news?id=72e87374d02ab8a98ac710106f2f8cfb276353f7a2f9753ccaacfab5453b438f,2026-02-13,"Apple stock struggles from Siri delay, Rivian rips higher. Yahoo Finance Senior Autos Reporter Pras Subramanian and Market Domination host Josh Lipton take a closer look at some of Friday's trending tickers and stories. Rivian (RIVN) stock continues to gain after the company posted strong fourth quarter results and forecast impressive delivery numbers. Applied Materials (AMAT) stock is surging after the company beat Wall Street's first quarter estimates. Apple (AAPL) had its worst trading day si",0.2263
2026-02-13 19:00:00,Discover the most active stocks in Friday's session.,These stocks are making the most noise in today's session. Stay tuned for the latest updates!,ChartMill,https://finnhub.io/api/news?id=b8d8eb805af1b0143fe74e5259224f129d9d2e73a43ee114b686c72f76b23520,2026-02-13,Discover the most active stocks in Friday's session.. These stocks are making the most noise in today's session. Stay tuned for the latest updates!,0.5081
2026-02-13 16:36:07,"UBS Upgrades Rivian Automotive to Neutral, Raises Price Target to $16",UBS  analyst Joseph Spak   upgrades Rivian Automotive (NASDAQ:RIVN) from Sell to Neutral and raises the price target from $15 to $16.,Benzinga,https://finnhub.io/api/news?id=d7c6eeb1fff618fd4fc23df548a9a9dbce26670da44c78f749d2b47c7bf37c86,2026-02-13,"UBS Upgrades Rivian Automotive to Neutral, Raises Price Target to $16. UBS  analyst Joseph Spak   upgrades Rivian Automotive (NASDAQ:RIVN) from Sell to Neutral and raises the price target from $15 to $16.",0.0
2026-02-13 16:18:52,Rivian Stock Recharged—30% Rally On Q4 Earnings Report,"Following a powerhouse Q4 earnings report, Rivian stock soared over 30% in Friday&#39;s session—the stock&#39;s largest single-day gain in its history. ",Benzinga,https://finnhub.io/api/news?id=603e85b3356345d5b941ec4e3b8102067157bbc97f883195a8d9e29dadb3b35c,2026-02-13,"Rivian Stock Recharged—30% Rally On Q4 Earnings Report. Following a powerhouse Q4 earnings report, Rivian stock soared over 30% in Friday&#39;s session—the stock&#39;s largest single-day gain in its history. ",0.5267
2026-02-13 15:30:00,Traders are paying attention to the gapping stocks in Friday's session.,"Let's delve into the US markets on Friday and uncover the stocks that are experiencing notable gaps in today's session. Below, you'll find the gap up and gap down stocks.",ChartMill,https://finnhub.io/api/news?id=e5ccd8def760a7cbfa4db28c465a5dc1072b50b6636eb66ff3fb058d9ecd5689,2026-02-13,"Traders are paying attention to the gapping stocks in Friday's session.. Let's delve into the US markets on Friday and uncover the stocks that are experiencing notable gaps in today's session. Below, you'll find the gap up and gap down stocks.",0.0
2026-02-13 14:48:45,"Small Caps, Silver Rally As Inflation Cools Further: What's Moving Markets Friday?","After Thursday&#39;s broad-based tech selloff, Wall Street staged a rebound as a softer-than-expected inflation print reinforced expectations for interest-rate cuts during the year.",Benzinga,https://finnhub.io/api/news?id=c6704b4bd9dc180539b1d0d09aeeb565592b13c81183554675bbfe80fcbac388,2026-02-13,"Small Caps, Silver Rally As Inflation Cools Further: What's Moving Markets Friday?. After Thursday&#39;s broad-based tech selloff, Wall Street staged a rebound as a softer-than-expected inflation print reinforced expectations for interest-rate cuts during the year.",-0.296
2026-02-13 14:20:08,Rivian Stock Rises After Q4 Beat As Cost Controls Improve Ahead Of R2 Launch,"Benchmark, Canaccord, and Wedbush highlight Rivian&#39;s positive gross profit and R2 launch potential, signaling the EV company is poised to become a mass-market contender.",Benzinga,https://finnhub.io/api/news?id=ad53da6191eae6f5a73d0d49707abba765cee180fd8f18d9209f3f1b5f6c10b1,2026-02-13,"Rivian Stock Rises After Q4 Beat As Cost Controls Improve Ahead Of R2 Launch. Benchmark, Canaccord, and Wedbush highlight Rivian&#39;s positive gross profit and R2 launch potential, signaling the EV company is poised to become a mass-market contender.",0.8807
2026-02-13 13:30:00,What's going on in today's pre-market session,Discover the top movers in Friday's pre-market session and stay informed about market dynamics.,ChartMill,https://finnhub.io/api/news?id=6fe83a0be470333d02ba968e50c12b125f3b25f9468f456970dfcf42bb8b11e9,2026-02-13,What's going on in today's pre-market session. Discover the top movers in Friday's pre-market session and stay informed about market dynamics.,0.4404
2026-02-13 13:15:43,"TD Cowen Maintains Hold on Rivian Automotive, Raises Price Target to $17",TD Cowen  analyst Itay Michaeli   maintains Rivian Automotive (NASDAQ:RIVN) with a Hold and raises the price target from $13 to $17.,Benzinga,https://finnhub.io/api/news?id=1cac4d2014b39202d152d0ab8b5fb7e32f3dc1f3116393cf8d9be38c28fe05a1,2026-02-13,"TD Cowen Maintains Hold on Rivian Automotive, Raises Price Target to $17. TD Cowen  analyst Itay Michaeli   maintains Rivian Automotive (NASDAQ:RIVN) with a Hold and raises the price target from $13 to $17.",0.0
2026-02-13 13:05:46,12 Consumer Discretionary Stocks Moving In Friday's Intraday Session, ,Benzinga,https://finnhub.io/api/news?id=02c7fea0a22800cc853a2e6e31d99b0dd73d769facd6892b21defc54af4fabbb,2026-02-13,12 Consumer Discretionary Stocks Moving In Friday's Intraday Session.  ,0.0
2026-02-13 11:27:16,"Coinbase, Rivian Automotive, Instacart, HubSpot And Other Big Stocks Moving Higher On Friday", ,Benzinga,https://finnhub.io/api/news?id=0d324a8d40a99fbaf19061123163cac55822db947af7b9ebe899066718c4f369,2026-02-13,"Coinbase, Rivian Automotive, Instacart, HubSpot And Other Big Stocks Moving Higher On Friday.  ",0.0
2026-02-13 11:13:07,"Wedbush Reiterates Outperform on Rivian Automotive, Maintains $25 Price Target",Wedbush  analyst Dan Ives   reiterates Rivian Automotive (NASDAQ:RIVN) with a Outperform and maintains $25 price target.,Benzinga,https://finnhub.io/api/news?id=97e29b44ed518c9b66ad4ebec8308766f3afdcd4dd1f5bfc0ac0f26fa36eb21d,2026-02-13,"Wedbush Reiterates Outperform on Rivian Automotive, Maintains $25 Price Target. Wedbush  analyst Dan Ives   reiterates Rivian Automotive (NASDAQ:RIVN) with a Outperform and maintains $25 price target.",0.0
2026-02-13 11:01:53,Softer-Than-Expected Inflation Sparks Rally In These 10 Stocks,"U.S. inflation cooled to 2.4% in January, below expectations and the lowest since May 2025, boosting rate-cut hopes.",Benzinga,https://finnhub.io/api/news?id=01f5e4042122493ce46cf1c368b70050b8d8d0137272fdcf290fe68ffc208acb,2026-02-13,"Softer-Than-Expected Inflation Sparks Rally In These 10 Stocks. U.S. inflation cooled to 2.4% in January, below expectations and the lowest since May 2025, boosting rate-cut hopes.",0.3818
2026-02-13 10:48:48,"Piper Sandler Maintains Neutral on Rivian Automotive, Lowers Price Target to $18",Piper Sandler  analyst Alexander Potter   maintains Rivian Automotive (NASDAQ:RIVN) with a Neutral and lowers the price target from $20 to $18.,Benzinga,https://finnhub.io/api/news?id=8ff5694202e7a56c2a39892886c40c01e3a1f46faa12e45c176891bae3051f72,2026-02-13,"Piper Sandler Maintains Neutral on Rivian Automotive, Lowers Price Target to $18. Piper Sandler  analyst Alexander Potter   maintains Rivian Automotive (NASDAQ:RIVN) with a Neutral and lowers the price target from $20 to $18.",-0.25
2026-02-13 10:44:59,"Wells Fargo Maintains Equal-Weight on Rivian Automotive, Raises Price Target to $15",Wells Fargo  analyst Colin Langan   maintains Rivian Automotive (NASDAQ:RIVN) with a Equal-Weight and raises the price target from $12 to $15.,Benzinga,https://finnhub.io/api/news?id=7b39914025e16d31ef4d8a3cf4bfc78236580c1ca98051913a1f607d4e513f26,2026-02-13,"Wells Fargo Maintains Equal-Weight on Rivian Automotive, Raises Price Target to $15. Wells Fargo  analyst Colin Langan   maintains Rivian Automotive (NASDAQ:RIVN) with a Equal-Weight and raises the price target from $12 to $15.",0.4588
2026-02-13 10:30:00,This CrowdStrike Analyst Turns Bullish; Here Are Top 5 Upgrades For Friday, ,Benzinga,https://finnhub.io/api/news?id=e0836dfcba8dfe7e063684dee18b7cc8b9b2c9004f1cc653fd76a29a159046c9,2026-02-13,This CrowdStrike Analyst Turns Bullish; Here Are Top 5 Upgrades For Friday.  ,0.2023
2026-02-13 10:00:48,"Benchmark Maintains Buy on Rivian Automotive, Raises Price Target to $25",Benchmark  analyst Mickey Legg   maintains Rivian Automotive (NASDAQ:RIVN) with a Buy and raises the price target from $18 to $25.,Benzinga,https://finnhub.io/api/news?id=30b7cdaf81503898b73dd103cc66ac43da914e15070bfa6fe9ade5cff6f08e23,2026-02-13,"Benchmark Maintains Buy on Rivian Automotive, Raises Price Target to $25. Benchmark  analyst Mickey Legg   maintains Rivian Automotive (NASDAQ:RIVN) with a Buy and raises the price target from $18 to $25.",0.0
2026-02-13 09:46:49,Rivian Shares Climb After Q4 Results Top Estimates,Rivian Automotive Inc. shares are trading higher Friday after the company reported better-than-expected fourth-quarter financial results.,Benzinga,https://finnhub.io/api/news?id=b91988dbb5a402de5869f187ba8700ac9503743482a4a22505180343e7c5332f,2026-02-13,Rivian Shares Climb After Q4 Results Top Estimates. Rivian Automotive Inc. shares are trading higher Friday after the company reported better-than-expected fourth-quarter financial results.,0.6369
2026-02-13 09:41:19,"Rivian Automotive shares are trading higher after the company reported better-than-expected Q4 financial results. Also, Deutsche Bank upgraded the stock from Hold to Buy and raised its price target from $16 to $23.",,Benzinga,https://finnhub.io/api/news?id=9f6ee87b7f8a90a9e7a59255b1ec06eb7105f8f322fefdc4197892708779850e,2026-02-13,"Rivian Automotive shares are trading higher after the company reported better-than-expected Q4 financial results. Also, Deutsche Bank upgraded the stock from Hold to Buy and raised its price target from $16 to $23.. ",0.296
2026-02-13 08:19:20,Market-Moving News for February 13th,"ROKU: 14% | Roku shares are trading higher after the company reported better-than-expected Q4 financial results and issued Q1 sales guidance above estimates. Also, the company issued FY26 sales guidance above",Benzinga,https://finnhub.io/api/news?id=89e25663d1204027025abbc1b44a8cbd4a0f8e2a26c7699e75d42ed28fe6d336,2026-02-13,"Market-Moving News for February 13th. ROKU: 14% | Roku shares are trading higher after the company reported better-than-expected Q4 financial results and issued Q1 sales guidance above estimates. Also, the company issued FY26 sales guidance above",0.296
2026-02-13 08:05:49,12 Consumer Discretionary Stocks Moving In Friday's Pre-Market Session, ,Benzinga,https://finnhub.io/api/news?id=dcc3f88ec17f54a07d82f0be06871ddf7a6c6256e614a854e3cf529aa419e460,2026-02-13,12 Consumer Discretionary Stocks Moving In Friday's Pre-Market Session.  ,0.0
2026-02-13 08:00:51,Breaking Down Rivian Automotive: 9 Analysts Share Their Views, ,Benzinga,https://finnhub.io/api/news?id=e18f16ce886ced324495ddc43252c510b5ce6968b4a200c80b86b3c5a80cdf73,2026-02-13,Breaking Down Rivian Automotive: 9 Analysts Share Their Views.  ,0.296
2026-02-13 06:58:48,"Deutsche Bank Upgrades Rivian Automotive to Buy, Raises Price Target to $23",Deutsche Bank  analyst Edison Yu   upgrades Rivian Automotive (NASDAQ:RIVN) from Hold to Buy and raises the price target from $16 to $23.,Benzinga,https://finnhub.io/api/news?id=9aacce7a3035b75db62a277ba0094569c77e8134b4f98952e38f042c9754bab3,2026-02-13,"Deutsche Bank Upgrades Rivian Automotive to Buy, Raises Price Target to $23. Deutsche Bank  analyst Edison Yu   upgrades Rivian Automotive (NASDAQ:RIVN) from Hold to Buy and raises the price target from $16 to $23.",0.0
2026-02-13 05:28:52,Why Applied Materials Shares Are Trading Higher By Around 12%; Here Are 20 Stocks Moving Premarket, ,Benzinga,https://finnhub.io/api/news?id=364b56d84a6cb44a368316af1ac6df0d60205f95b8a93f13bbf2f5b9590695c6,2026-02-13,Why Applied Materials Shares Are Trading Higher By Around 12%; Here Are 20 Stocks Moving Premarket.  ,0.296
2026-02-12 22:00:00,Which stocks are moving after the closing bell on Thursday?,Let's have a look at what is happening on the US markets after the closing bell on Thursday. Below you can find the top gainers and losers in today's after hours session.,ChartMill,https://finnhub.io/api/news?id=c8802bf87c47477ff7a9daa5ae9402cabe08b44a192a5b7cda485945fbc3f63b,2026-02-12,Which stocks are moving after the closing bell on Thursday?. Let's have a look at what is happening on the US markets after the closing bell on Thursday. Below you can find the top gainers and losers in today's after hours session.,-0.3818
2026-02-12 21:08:55,"Coinbase, Apple, Applied Materials, Arista Networks And Rivian: Why These 5 Stocks Are On Investors' Radars Today (UPDATED)","Major U.S. indexes closed lower on Thursday, with the Dow Jones Industrial Average dropping 1.34% to 49,451.98.",Benzinga,https://finnhub.io/api/news?id=504d3a5f25d0b14dee44cf0ec63844405bd80f66659c07ed2c05f29450bc272f,2026-02-12,"Coinbase, Apple, Applied Materials, Arista Networks And Rivian: Why These 5 Stocks Are On Investors' Radars Today (UPDATED). Major U.S. indexes closed lower on Thursday, with the Dow Jones Industrial Average dropping 1.34% to 49,451.98.",-0.296
2026-02-12 20:24:19,"Rivian Automotive, Inc. (RIVN) Q4 2025 Earnings Call Transcript","Rivian Automotive, Inc. (RIVN) Q4 2025 Earnings Call February 12, 2026 5:00 PM ESTCompany ParticipantsRobert Scaringe - Founder, CEO & Chairman of the...",SeekingAlpha,https://finnhub.io/api/news?id=5d30cbba4091e34de80894448110bb9b063bca5d8a3e198fabbe9c9704baba6c,2026-02-12,"Rivian Automotive, Inc. (RIVN) Q4 2025 Earnings Call Transcript. Rivian Automotive, Inc. (RIVN) Q4 2025 Earnings Call February 12, 2026 5:00 PM ESTCompany ParticipantsRobert Scaringe - Founder, CEO & Chairman of the...",0.0
2026-02-12 17:53:31,"Rivian Q4 Highligths: Double Beat, R2 On Track For Q2, Delivery Guidance 62,000 To 67,000",Rivian beat analyst estimates for the fourth quarter and provided updates on the R2 and 2026 deliveries.,Benzinga,https://finnhub.io/api/news?id=052abd2ca11459a750d3d4c93473b272b680b3cf32e7577deafcebc5d31b11c0,2026-02-12,"Rivian Q4 Highligths: Double Beat, R2 On Track For Q2, Delivery Guidance 62,000 To 67,000. Rivian beat analyst estimates for the fourth quarter and provided updates on the R2 and 2026 deliveries.",0.0
2026-02-12 17:24:45,Rivian Automotive shares are trading higher after the company reported better-than-expected Q4 financial results.,,Benzinga,https://finnhub.io/api/news?id=4d9a53d0bba52d564915676f5519639582b5d0bee3161da037c56aaa9e2d3e42,2026-02-12,Rivian Automotive shares are trading higher after the company reported better-than-expected Q4 financial results.. ,0.296
2026-02-12 17:14:14,Earnings Summary: Rivian Automotive Q4, ,Benzinga,https://finnhub.io/api/news?id=d3d23beee449691f134130ab4cd073eb4536ed042661c68a6c26d44dcdcdfc35,2026-02-12,Earnings Summary: Rivian Automotive Q4.  ,0.0
2026-02-12 17:13:54,"Rivian Automotive Q4 Adj. EPS $(0.54) Beats $(0.68) Estimate, Sales $1.286B Beat $1.274B Estimate",Rivian Automotive (NASDAQ:RIVN) reported quarterly losses of $(0.54) per share which beat the analyst consensus estimate of $(0.68) by 20.59 percent. This is a 17.39 percent decrease over losses of $(0.46) per share from,Benzinga,https://finnhub.io/api/news?id=2d798259f5a58110fa5a877f0f80de43054336c257719308e4a8b7c7ba6905d8,2026-02-12,"Rivian Automotive Q4 Adj. EPS $(0.54) Beats $(0.68) Estimate, Sales $1.286B Beat $1.274B Estimate. Rivian Automotive (NASDAQ:RIVN) reported quarterly losses of $(0.54) per share which beat the analyst consensus estimate of $(0.68) by 20.59 percent. This is a 17.39 percent decrease over losses of $(0.46) per share from",-0.25
2026-02-12 12:35:32,Rivian Stock Edges Lower Before Q4 Results,Rivian Automotive Inc (NASDAQ: RIVN) shares are trading lower Thursday morning as investors position ahead of the electric-vehicle maker&#39;s fourth-quarter earnings report.,Benzinga,https://finnhub.io/api/news?id=a398953eff27616f1c5a319c502667efe82d7d0bcde283cbe2927c79a6687bdb,2026-02-12,Rivian Stock Edges Lower Before Q4 Results. Rivian Automotive Inc (NASDAQ: RIVN) shares are trading lower Thursday morning as investors position ahead of the electric-vehicle maker&#39;s fourth-quarter earnings report.,-0.296
2026-02-12 07:11:33,"Earnings Scheduled For February 12, 2026", ,Benzinga,https://finnhub.io/api/news?id=4fd3756cb1814eaf3610e5b762de807b1939a478aa9530d3d91c54b5f01eb6f1,2026-02-12,"Earnings Scheduled For February 12, 2026.  ",0.0
2026-02-12 01:07:26,Gary Black Rejects Elon Musk-Led Tesla's Discount-First Communications Strategy: 'I Don't Think…',Investor Gary Black criticizes Elon Musk-led Tesla&#39;s marketing strategy of focusing on discounts over features.,Benzinga,https://finnhub.io/api/news?id=1e2ca35ea91c3dd7bfafec5866800204ca36b9a8959909b8f130342ddf6dc6a8,2026-02-12,Gary Black Rejects Elon Musk-Led Tesla's Discount-First Communications Strategy: 'I Don't Think…'. Investor Gary Black criticizes Elon Musk-led Tesla&#39;s marketing strategy of focusing on discounts over features.,-0.6808
2026-02-11 14:26:15,Rivian R2 Early Reviews Are In: Marques Brownlee Says New EV 'Can Be Their Model Y',The early reviews from car enthusiasts see the Rivian R2 as a competitor to the Model Y and the way for Rivian to hit mass market appeal.,Benzinga,https://finnhub.io/api/news?id=c1eed744186c0f3df40cf29f9fd678c2e41f200df98d73078b69094d01304246,2026-02-11,Rivian R2 Early Reviews Are In: Marques Brownlee Says New EV 'Can Be Their Model Y'. The early reviews from car enthusiasts see the Rivian R2 as a competitor to the Model Y and the way for Rivian to hit mass market appeal.,0.34
2026-02-11 02:19:17,Ross Gerber Is 'Pretty Excited' For Rivian's Upcoming R2 Ahead Of Q4 Earnings: 'Leading The Way...',"Ross Gerber shares excitement about Rivian&#39;s R2 Crossover SUV, set to launch in spring with dual motors and AWD this Spring.",Benzinga,https://finnhub.io/api/news?id=c31db1031fb33873489354fe19079c8333ec7028d2d29d71399efd0ddb0b1cf2,2026-02-11,"Ross Gerber Is 'Pretty Excited' For Rivian's Upcoming R2 Ahead Of Q4 Earnings: 'Leading The Way...'. Ross Gerber shares excitement about Rivian&#39;s R2 Crossover SUV, set to launch in spring with dual motors and AWD this Spring.",0.875
2026-02-09 17:13:29,Options Corner: Smart Money Sentiments Toward Rivian Offer A Binary Opportunity Ahead Of Earnings,"Although Rivian has started 2026 on a bad note, the smart money seems confident ahead of earnings, making RIVN stock an enticing prospect.",Benzinga,https://finnhub.io/api/news?id=fa744e7eb16b347695d1a532d2394143faffc6cbcbe4429c550c40b935c0e89d,2026-02-09,"Options Corner: Smart Money Sentiments Toward Rivian Offer A Binary Opportunity Ahead Of Earnings. Although Rivian has started 2026 on a bad note, the smart money seems confident ahead of earnings, making RIVN stock an enticing prospect.",0.8442
2026-02-09 12:30:44,"Robinhood, AppLovin, Rivian and More Stocks With Earnings This Week","Investors are anticipating reports from Robinhood, Pinterest, Rivian and more. Here&#39;s a look at the earnings calendar for the week ahead.",Benzinga,https://finnhub.io/api/news?id=67d7b03e981f347dfb96ee7c6250e22082a1000f8a907eecece4eb4b27cfba79,2026-02-09,"Robinhood, AppLovin, Rivian and More Stocks With Earnings This Week. Investors are anticipating reports from Robinhood, Pinterest, Rivian and more. Here&#39;s a look at the earnings calendar for the week ahead.",0.0
2026-02-09 10:30:27,"Rivian Settles $250M IPO Lawsuit, Advances Custom Silicon And Autonomy Push in US EV Manufacturing", ,Benzinga,https://finnhub.io/api/news?id=d72956244adeae385f3493495f7271441e5a661640c94718f64512eee16095bf,2026-02-09,"Rivian Settles $250M IPO Lawsuit, Advances Custom Silicon And Autonomy Push in US EV Manufacturing.  ",-0.2263
2026-02-09 05:36:58,Tesla Rival Rivian's $45K R2 SUV Spotted Testing In Alaska Ahead Of Launch,"Rivian&#39;s upcoming R2 crossover SUV spotted cold-weather testing, charging at Tesla&#39;s supercharger in Fairbanks, Alaska.",Benzinga,https://finnhub.io/api/news?id=df05fcef29c7f68e961b240d20e82044fdda8fdcb3f306979d398aed3a5e769a,2026-02-09,"Tesla Rival Rivian's $45K R2 SUV Spotted Testing In Alaska Ahead Of Launch. Rivian&#39;s upcoming R2 crossover SUV spotted cold-weather testing, charging at Tesla&#39;s supercharger in Fairbanks, Alaska.",0.0
2026-04-08 16:52:09,Rivian: A Platform-Driven Growth Story (Rating Upgrade),"Rivian Automotive, Inc. is evolving into a tech platform with VW & Uber deals, AV-ready growth, and R2/R3 mass-market EVs. Click for this RIVN stock update.",SeekingAlpha,https://finnhub.io/api/news?id=4deac6f13a667aff7c29653425cdf9e78082c537ee480307a42cfbe80a5db3b1,2026-04-08,"Rivian: A Platform-Driven Growth Story (Rating Upgrade). Rivian Automotive, Inc. is evolving into a tech platform with VW & Uber deals, AV-ready growth, and R2/R3 mass-market EVs. Click for this RIVN stock update.",0.6666
2026-04-08 11:31:10,Lucid: Supplier Snags Not A Problem,"Lucid Group, Inc. hits 52-week lows after Q1 delivery miss. Click for this LCID stock update following the latest news.",SeekingAlpha,https://finnhub.io/api/news?id=706fb7c60c58308ba9653d4e7760b7ee68ca555b481afd2e7b50c45c1e472c83,2026-04-08,"Lucid: Supplier Snags Not A Problem. Lucid Group, Inc. hits 52-week lows after Q1 delivery miss. Click for this LCID stock update following the latest news.",-0.0366
2026-04-08 03:27:14,VC Firm Eclipse Raises $1.3 Billion To Chase Hard-Tech Boom As CEO Touts 'Best Time To Build',"Eclipse raises $1.3 billion to invest in AI infrastructure, manufacturing and defense startups, signaling strong investor shift toward hard tech sectors.",Benzinga,https://finnhub.io/api/news?id=719d9eb94216cb8c43225371eafa60771191466ee7665d639a5cab81814bcdb0,2026-04-08,"VC Firm Eclipse Raises $1.3 Billion To Chase Hard-Tech Boom As CEO Touts 'Best Time To Build'. Eclipse raises $1.3 billion to invest in AI infrastructure, manufacturing and defense startups, signaling strong investor shift toward hard tech sectors.",0.8176
2026-04-07 23:47:48,Rivian Stock Spikes Nearly 3% After-Hours: What's Going On?,Rivian (RIVN) stock surges after EPA certification for upcoming R2 electric SUV reveals potential 335-mile range and updated heat pump.,Benzinga,https://finnhub.io/api/news?id=237e3cbfa504daa4847f56955855c8b5c650b4d3eb2c41ad912c5cedf574fd7f,2026-04-07,Rivian Stock Spikes Nearly 3% After-Hours: What's Going On?. Rivian (RIVN) stock surges after EPA certification for upcoming R2 electric SUV reveals potential 335-mile range and updated heat pump.,0.0
2026-04-07 13:13:02,An Autonomous Vehicle Investment Roadmap,"Waymo, a majority-owned Alphabet subsidiary, is the clear leader in U.S. autonomous ride-hailing, rapidly expanding across 10+ metropolitan areas. Click to read.",SeekingAlpha,https://finnhub.io/api/news?id=c2d4818e72c222aa5271b167dbc8e2f3199fd6ab0ec71b37c8295fa963a47e86,2026-04-07,"An Autonomous Vehicle Investment Roadmap. Waymo, a majority-owned Alphabet subsidiary, is the clear leader in U.S. autonomous ride-hailing, rapidly expanding across 10+ metropolitan areas. Click to read.",0.3818
2026-04-06 11:27:52,Qualcomm's Biggest Shift Nobody Sees,,SeekingAlpha,https://finnhub.io/api/news?id=f653bcd03d6ed143aa1b93cc714e9c5fc1629be8499c6f002eb46ae9acfdc3b9,2026-04-06,Qualcomm's Biggest Shift Nobody Sees. ,0.0
2026-04-06 07:57:43,EV Company News For The Month Of March 2026,"Global EV sales fell 11% YoY in Feb 2026 as China slumped and Europe rose; plus BYD, Geely, Xiaomi, NIO and Leapmotor earnings.",SeekingAlpha,https://finnhub.io/api/news?id=c59d4cf4899dad40cdfe1de45489cde793ebfbbb739f6c8e4e55435fc09fc6ca,2026-04-06,"EV Company News For The Month Of March 2026. Global EV sales fell 11% YoY in Feb 2026 as China slumped and Europe rose; plus BYD, Geely, Xiaomi, NIO and Leapmotor earnings.",0.0
2026-04-05 23:12:32,"EXCLUSIVE: Trump's Move To End EV Credit A 'Cruel Irony,' Auto Industry Expert Says As EV Sales Fall, Gas Prices Soar Past $4/Gallon Amid Iran War","The war with Iran has caused fuel prices to soar globally. Despite this, EV demand in the US hasn&#39;t seen an uptick, but could that change?",Benzinga,https://finnhub.io/api/news?id=a19d2b6cea7fc4788641a270cc108bd60ca2883a2c48604a1fa4aca18e27c71b,2026-04-05,"EXCLUSIVE: Trump's Move To End EV Credit A 'Cruel Irony,' Auto Industry Expert Says As EV Sales Fall, Gas Prices Soar Past $4/Gallon Amid Iran War. The war with Iran has caused fuel prices to soar globally. Despite this, EV demand in the US hasn&#39;t seen an uptick, but could that change?",-0.5857
2026-04-04 09:10:51,"Consumer Tech News (Mar 30-Apr 2): Tesla, Nio, XPeng Drive EV Growth, Apple iPhone 17, Meta Ray-Ban Launches & More","Microsoft, IBM, AMD, and Intel make key AI and semiconductor moves, including in-house model development, dual-architecture hardware, and full ownership of Fab 34.",Benzinga,https://finnhub.io/api/news?id=4a5d7d05a40da5cd7d1fd0be944fcf92b2d153939fb7cee4cca653395b399e90,2026-04-04,"Consumer Tech News (Mar 30-Apr 2): Tesla, Nio, XPeng Drive EV Growth, Apple iPhone 17, Meta Ray-Ban Launches & More. Microsoft, IBM, AMD, and Intel make key AI and semiconductor moves, including in-house model development, dual-architecture hardware, and full ownership of Fab 34.",0.6808
2026-04-03 07:43:33,Bullish On Self-Driving? Michael Saylor Outlines Three 'Perfect Products'—Here's What They Are,"Michael Saylor has outlined three perfect products in today&#39;s world, which includes a blend of physical AI and financial assets.",Benzinga,https://finnhub.io/api/news?id=5ce48af21c173af1a80f579006f14d4ffec4b42eb412357fc7a32d51c6789bd7,2026-04-03,"Bullish On Self-Driving? Michael Saylor Outlines Three 'Perfect Products'—Here's What They Are. Michael Saylor has outlined three perfect products in today&#39;s world, which includes a blend of physical AI and financial assets.",0.8442
2026-04-03 06:07:54,Tesla's Delivery Miss Also Showed Elon Musk-Led EV Giant Hitting This Worrying Record,"Tesla releases Q1 2026 delivery figures, showing missed market expectations and hitting this worrying record of unsold vehicles.",Benzinga,https://finnhub.io/api/news?id=a83c97ab417c2ab4fb647e35b8858ce13bc3fe284334ba1c022d7400284eb159,2026-04-03,"Tesla's Delivery Miss Also Showed Elon Musk-Led EV Giant Hitting This Worrying Record. Tesla releases Q1 2026 delivery figures, showing missed market expectations and hitting this worrying record of unsold vehicles.",-0.8074
2026-04-03 04:00:09,Ross Gerber Backs Rivian Over Tesla Because Of Permanent Brand Damage And This Reason: 'Even If FSD Was Perfect...',Ross Gerber backs Rivian over Tesla amid delivery miss as Gene Munster thinks delivery figures represent positive shifts for Elon Musk.,Benzinga,https://finnhub.io/api/news?id=7efd6867021978e5d3125d92dcd3cbc1514f6ad0dd8ad64055f5cbd6a524e9aa,2026-04-03,Ross Gerber Backs Rivian Over Tesla Because Of Permanent Brand Damage And This Reason: 'Even If FSD Was Perfect...'. Ross Gerber backs Rivian over Tesla amid delivery miss as Gene Munster thinks delivery figures represent positive shifts for Elon Musk.,0.4767
2026-04-02 13:29:00,Tesla Expands EV and Energy Reach in Q1,Tesla Q1 2026 deliveries top 358K vehicles as Model 3/Y drive growth and energy storage deployment reaches 8.8 GWh globally.,Benzinga,https://finnhub.io/api/news?id=061b59609e34fe53d7eccf9772c0d9f68ac3ed3b4b927e2838024bdd5ff3550b,2026-04-02,Tesla Expands EV and Energy Reach in Q1. Tesla Q1 2026 deliveries top 358K vehicles as Model 3/Y drive growth and energy storage deployment reaches 8.8 GWh globally.,0.8074
2026-04-02 10:01:58,What's Going On With Rivian Stock Thursday?,"Rivian (RIVN) reports Q1 2026 production of 10,236 vehicles. Shares slip as technicals signal a bearish trend ahead of April 30 earnings.",Benzinga,https://finnhub.io/api/news?id=a635d9f40a3ac0f64a9dedafefd4cd6a778bd813200eb85fc02b837ac11c508f,2026-04-02,"What's Going On With Rivian Stock Thursday?. Rivian (RIVN) reports Q1 2026 production of 10,236 vehicles. Shares slip as technicals signal a bearish trend ahead of April 30 earnings.",0.296
2026-04-02 08:36:23,"Rivian Automotive Announces Production And Delivery Totals For The Quarter Ending March 31, 2026; Produced 10,236 Vehicles At Its Manufacturing Facility In Normal, Illinois And Delivered 10,365 Vehicles During The Same Period; Rivian Is Also Reaffirming Its 2026 Delivery Range Guidance Of 62,000 To 67,000 Vehicles","Rivian Automotive, Inc. (NASDAQ:RIVN) today announced production and delivery totals for the quarter ending March 31, 2026. The company produced 10,236 vehicles at its manufacturing facility in Normal, Illinois and",Benzinga,https://finnhub.io/api/news?id=311c48c43c6855fad91cbb69b17cdb204183ea26d5649df1fc5185bdd3639a89,2026-04-02,"Rivian Automotive Announces Production And Delivery Totals For The Quarter Ending March 31, 2026; Produced 10,236 Vehicles At Its Manufacturing Facility In Normal, Illinois And Delivered 10,365 Vehicles During The Same Period; Rivian Is Also Reaffirming Its 2026 Delivery Range Guidance Of 62,000 To 67,000 Vehicles. Rivian Automotive, Inc. (NASDAQ:RIVN) today announced production and delivery totals for the quarter ending March 31, 2026. The company produced 10,236 vehicles at its manufacturing f",0.0
2026-04-02 04:04:06,Uber CEO Dara Khosrowshahi Hopes To Incorporate Tesla Robotaxis On Its Platform: 'It's A Great Car…',Uber CEO shared that he hopes to incorporate Tesla Robotaxis on its ride-hailing platform when the FSD technology becomes safer.,Benzinga,https://finnhub.io/api/news?id=5926769a81e438a142fe6cd00f979d1554d3bde26931cfe9ea3378a5d616fac5,2026-04-02,Uber CEO Dara Khosrowshahi Hopes To Incorporate Tesla Robotaxis On Its Platform: 'It's A Great Car…'. Uber CEO shared that he hopes to incorporate Tesla Robotaxis on its ride-hailing platform when the FSD technology becomes safer.,0.9346
2026-04-02 02:55:39,Tesla Rival Rivian's US Sales Decline For Fourth Consecutive Month Ahead Of R2 Launch,Rivian sales fell for 4 consecutive months in the U.S. as the company prepares to launch the upcoming launch R2 Crossover SUV.,Benzinga,https://finnhub.io/api/news?id=edef90b1b4b5fa52b9c87fab5cf54a0afb46922656bdcad412d3091d4f68f3db,2026-04-02,Tesla Rival Rivian's US Sales Decline For Fourth Consecutive Month Ahead Of R2 Launch. Rivian sales fell for 4 consecutive months in the U.S. as the company prepares to launch the upcoming launch R2 Crossover SUV.,0.0
2026-04-01 13:26:53,Rivian Stock Is Climbing Higher Today: What's Going On?,Rivian Automotive (NASDAQ:RIVN) shares jumped on Wednesday. A fresh analyst upgrade seems to have helped reset expectations around the stock.,Benzinga,https://finnhub.io/api/news?id=51cd73244314affdf635658bf205c2684423e0a10c94e1f99e7b7772964498c5,2026-04-01,Rivian Stock Is Climbing Higher Today: What's Going On?. Rivian Automotive (NASDAQ:RIVN) shares jumped on Wednesday. A fresh analyst upgrade seems to have helped reset expectations around the stock.,0.5423
2026-04-01 10:00:56,This Rivian Automotive Analyst Is No Longer Bearish; Here Are Top 2 Upgrades For Wednesday,"Wall Street analysts upgraded nCino to Overweight, lowered price target to $22. RIVN upgraded to Neutral, maintained $14 target. See what others think.",Benzinga,https://finnhub.io/api/news?id=3d06c8cd52cb7fa4142d0a6e336f1617e3303383c3b62c2e0672d82b50d6b0a1,2026-04-01,"This Rivian Automotive Analyst Is No Longer Bearish; Here Are Top 2 Upgrades For Wednesday. Wall Street analysts upgraded nCino to Overweight, lowered price target to $22. RIVN upgraded to Neutral, maintained $14 target. See what others think.",-0.5267
2026-04-01 08:23:03,"DA Davidson Upgrades Rivian Automotive to Neutral, Maintains Price Target to $14",DA Davidson  analyst Michael Shlisky   upgrades Rivian Automotive (NASDAQ:RIVN) from Underperform to Neutral and maintains the price target from $14 to $14.,Benzinga,https://finnhub.io/api/news?id=8db790cb88f44081d6f5f20c9ca28beabf0453736d39f4d98d0cd08ac444282e,2026-04-01,"DA Davidson Upgrades Rivian Automotive to Neutral, Maintains Price Target to $14. DA Davidson  analyst Michael Shlisky   upgrades Rivian Automotive (NASDAQ:RIVN) from Underperform to Neutral and maintains the price target from $14 to $14.",0.0
2026-03-31 13:35:27,8 Consumer Discretionary Stocks Whale Activity In Today's Session, ,Benzinga,https://finnhub.io/api/news?id=78081e0d171ac2b7729ce34e2f897f3c069830328bbb5f291c3ea533b8cd5a54,2026-03-31,8 Consumer Discretionary Stocks Whale Activity In Today's Session.  ,0.0
2026-03-31 09:14:34,"'Rivian Bike Spinoff Lands $1 Billion Valuation, DoorDash Partnership' - Bloomberg News",https://www.bloomberg.com/news/articles/2026-03-31/rivian-bike-spinoff-lands-1-billion-valuation-doordash-partnership?utm_source=latest&amp;utm_medium=share&amp;utm_campaign=copy,Benzinga,https://finnhub.io/api/news?id=27b0a1aefb175290d89f36196917413350a318c784c664c5621fd3153113138b,2026-03-31,"'Rivian Bike Spinoff Lands $1 Billion Valuation, DoorDash Partnership' - Bloomberg News. https://www.bloomberg.com/news/articles/2026-03-31/rivian-bike-spinoff-lands-1-billion-valuation-doordash-partnership?utm_source=latest&amp;utm_medium=share&amp;utm_campaign=copy",0.0
2026-03-30 15:43:18,"Nvidia, Uber, Waymo — The AV Stack Is Being Rebuilt Without Tesla","Waymo, Uber, and Nvidia are reshaping the AV ecosystem into a multi-player model. Where does that leave Tesla&#39;s full-stack strategy?",Benzinga,https://finnhub.io/api/news?id=b22cb906281d05ef8b33c9ba652fd794cbd59eea1078bda70706ad71686c6e2a,2026-03-30,"Nvidia, Uber, Waymo — The AV Stack Is Being Rebuilt Without Tesla. Waymo, Uber, and Nvidia are reshaping the AV ecosystem into a multi-player model. Where does that leave Tesla&#39;s full-stack strategy?",-0.0516
2026-03-27 11:53:50,'Rivian Gets Another $1B From Volkswagen' - Tech Crunch,https://techcrunch.com/2026/03/27/rivian-gets-another-1b-from-volkswagen/,Benzinga,https://finnhub.io/api/news?id=8736251e7e0767fda3711967b139402d89ec6af2e544224dbc663bb6d500e4e8,2026-03-27,'Rivian Gets Another $1B From Volkswagen' - Tech Crunch. https://techcrunch.com/2026/03/27/rivian-gets-another-1b-from-volkswagen/,0.0
2026-03-27 08:46:13,"Rivian, Volkswagen Group JV Completes Winter Test Of Its Production-Intent Zonal Architecture For First Generation Of Software‑Defined Vehicles",https://www.volkswagen-group.com/en/press-releases/software-defined-vehicles-joint-venture-rv-tech-successfully-completes-winter-testing-20235,Benzinga,https://finnhub.io/api/news?id=0138b80bafb7abbf0e49eb24a2eb2e9949deaa4f1ef7064a534c1d32dab18dcc,2026-03-27,"Rivian, Volkswagen Group JV Completes Winter Test Of Its Production-Intent Zonal Architecture For First Generation Of Software‑Defined Vehicles. https://www.volkswagen-group.com/en/press-releases/software-defined-vehicles-joint-venture-rv-tech-successfully-completes-winter-testing-20235",0.0
2026-03-23 14:00:00,"Rivian: Thank You, Uber!","Rivianâs $300M Uber deal could put 50,000 R2 robotaxis on roads by 2031âplus R2 growth plans and profit risks. Learn more about RIVN stock here.",SeekingAlpha,https://finnhub.io/api/news?id=4e5d86782b7d13ca7383ad3cf8f0c2ea107ec93ea5d8569f4692082e0850eab2,2026-03-23,"Rivian: Thank You, Uber!. Rivianâs $300M Uber deal could put 50,000 R2 robotaxis on roads by 2031âplus R2 growth plans and profit risks. Learn more about RIVN stock here.",0.7345
2026-03-23 13:16:21,Tesla: The Overlooked Lunar Strategy That Can Drive Optimus Adoption (Upgrade),"Tesla, Inc. enters a multi-year capex cycle for Cybercab, Optimus, and in-house chips. Click for this TSLA update and see why I am upgrading the stock.",SeekingAlpha,https://finnhub.io/api/news?id=38ce9967c3dbb441fcfa987991321c737ac87b9cca02e68c9374ed2a3f300fcc,2026-03-23,"Tesla: The Overlooked Lunar Strategy That Can Drive Optimus Adoption (Upgrade). Tesla, Inc. enters a multi-year capex cycle for Cybercab, Optimus, and in-house chips. Click for this TSLA update and see why I am upgrading the stock.",-0.0258
2026-03-23 13:16:03,"Shares of auto-related companies are trading higher, possibly amid a drop in the price of oil, which may raise demand.",,Benzinga,https://finnhub.io/api/news?id=f8b71315a0398e9b81e1995744c2898572ba014e48b37939525ea54855fc3ace,2026-03-23,"Shares of auto-related companies are trading higher, possibly amid a drop in the price of oil, which may raise demand.. ",-0.1027
2026-03-23 10:45:58,"Apogee Therapeutics, Tower Semiconductor, Norwegian Cruise Line And Other Big Stocks Moving Higher On Thursday","Stocks fall, Nasdaq drops 200 points. Apogee Therapeutics (APGE) rises 19.4% on positive trial data. Satellogic (SATL), YD Bio (YDES), AXT Inc (AXTI) also see gains.",Benzinga,https://finnhub.io/api/news?id=ced42960dc0acda2dd218815939c684d30d29bd9a2d4a68da8e2fae7bdaaa685,2026-03-23,"Apogee Therapeutics, Tower Semiconductor, Norwegian Cruise Line And Other Big Stocks Moving Higher On Thursday. Stocks fall, Nasdaq drops 200 points. Apogee Therapeutics (APGE) rises 19.4% on positive trial data. Satellogic (SATL), YD Bio (YDES), AXT Inc (AXTI) also see gains.",0.7184
2026-03-20 11:00:08,"Canaccord Genuity Maintains Buy on Rivian Automotive, Raises Price Target to $22",Canaccord Genuity  analyst George Gianarikas   maintains Rivian Automotive (NASDAQ:RIVN) with a Buy and raises the price target from $21 to $22.,Benzinga,https://finnhub.io/api/news?id=c977c9ec56c0142919ca3263afd68f9206633a6c789ddbf7e493198569aaa923,2026-03-20,"Canaccord Genuity Maintains Buy on Rivian Automotive, Raises Price Target to $22. Canaccord Genuity  analyst George Gianarikas   maintains Rivian Automotive (NASDAQ:RIVN) with a Buy and raises the price target from $21 to $22.",0.0
2026-03-20 10:15:13,"Tesla's Robotaxi Ambition Faces A New Threat: A 50,000-Vehicle Alliance","Tesla&#39;s robotaxi ambitions face a new threat as Rivian and Uber plan a 50,000-vehicle autonomous fleet across global cities.",Benzinga,https://finnhub.io/api/news?id=b2c90c78d3b299dca76bc5f693b0c605d73f0861f350f825820268f183dfd72b,2026-03-20,"Tesla's Robotaxi Ambition Faces A New Threat: A 50,000-Vehicle Alliance. Tesla&#39;s robotaxi ambitions face a new threat as Rivian and Uber plan a 50,000-vehicle autonomous fleet across global cities.",-0.7783
2026-03-20 08:40:04,Oil Diplomacy Rescues Wall Street From a Deeper Sell-Off — But the Hormuz Knot Remains Untied,"Trump and Netanyahu's reassuring remarks on the Iran conflict pulled oil prices back from multi-year highs and gave Wall Street a lifeline on Thursday, but the structural threat to the Strait of Hormuz remains very much alive. Meanwhile, Micron's blockbuster results were overshadowed by an eye-popping capex pledge, and FedEx delivered a post-market earnings surprise that should have your attention heading into Friday's open.",ChartMill,https://finnhub.io/api/news?id=99a639ac1a19b66b821c87508f90b84f361393e7893113e862c4a002557579ea,2026-03-20,"Oil Diplomacy Rescues Wall Street From a Deeper Sell-Off — But the Hormuz Knot Remains Untied. Trump and Netanyahu's reassuring remarks on the Iran conflict pulled oil prices back from multi-year highs and gave Wall Street a lifeline on Thursday, but the structural threat to the Strait of Hormuz remains very much alive. Meanwhile, Micron's blockbuster results were overshadowed by an eye-popping capex pledge, and FedEx delivered a post-market earnings surprise that should have your attention head",0.8579
2026-03-20 04:40:18,Rivian's $1.25 Billion Uber Robotaxi Deal Looks Like A Big Win—But Some Analysts Say It's Actually A High-Stakes 'Test',"Analysts see Rivian and Ubea deal as a positive for Rivian, but not everyone agrees. Gary Black predicts Rivian will be acquired.",Benzinga,https://finnhub.io/api/news?id=2b2c9439ad50ac7f7d4815d144486314c79a2958390ed16c26d676e4afda0c86,2026-03-20,"Rivian's $1.25 Billion Uber Robotaxi Deal Looks Like A Big Win—But Some Analysts Say It's Actually A High-Stakes 'Test'. Analysts see Rivian and Ubea deal as a positive for Rivian, but not everyone agrees. Gary Black predicts Rivian will be acquired.",0.2874
2026-03-19 21:09:49,"Super Micro Computer, GE Aerospace, Fedex, Planet Labs And Rivian: Why These 5 Stocks Are On Investors' Radars Today","SMCI, GE, FDX, PL, RIVN were among the stocks seen trending on Thursday, March 19, 2026.",Benzinga,https://finnhub.io/api/news?id=52909b892668f7ed1cec31678e974d7e440581f5d80c50f9a3ec1e6ee80acc63,2026-03-19,"Super Micro Computer, GE Aerospace, Fedex, Planet Labs And Rivian: Why These 5 Stocks Are On Investors' Radars Today. SMCI, GE, FDX, PL, RIVN were among the stocks seen trending on Thursday, March 19, 2026.",0.5994
2026-03-19 10:04:12,"Signet Jewelers, Rivian Automotive, Five Below And Other Big Stocks Moving Higher On Thursday","U.S. stocks drop, with Dow Jones down 150 points. Signet Jewelers stock rose 11.8% after beating earnings estimates. Other stocks also record gains.",Benzinga,https://finnhub.io/api/news?id=91c02503db4248b799b057e5ec95e0a8d350d214336805e32061a7f51cb50a0d,2026-03-19,"Signet Jewelers, Rivian Automotive, Five Below And Other Big Stocks Moving Higher On Thursday. U.S. stocks drop, with Dow Jones down 150 points. Signet Jewelers stock rose 11.8% after beating earnings estimates. Other stocks also record gains.",-0.4019
2026-03-19 09:27:36,Uber Fires Up Rivian's Robotaxi Drive With $1.25 Billion Deal,Rivian gained premarket attention after Uber&#39;s planned $1.25 billion investment reinforced the EV maker&#39;s autonomy push and provided meaningful strategic backing relative to its revenue base and debt load.,Benzinga,https://finnhub.io/api/news?id=8cac8da33f5938cbe4700ab7b6ecdc6463a641efd9c53ca3b7597f06a4e23700,2026-03-19,Uber Fires Up Rivian's Robotaxi Drive With $1.25 Billion Deal. Rivian gained premarket attention after Uber&#39;s planned $1.25 billion investment reinforced the EV maker&#39;s autonomy push and provided meaningful strategic backing relative to its revenue base and debt load.,0.3612
2026-03-19 08:09:01,"Rivian shares are trading higher after the company announced an investment from Uber of up to $1.25 billion through 2031 to deploy up to 50,000 autonomous robotaxis.",,Benzinga,https://finnhub.io/api/news?id=17ae863d89c9f9b8ed53a1239f3c64b50d7071063e7406d5f7e2caaa96542b31,2026-03-19,"Rivian shares are trading higher after the company announced an investment from Uber of up to $1.25 billion through 2031 to deploy up to 50,000 autonomous robotaxis.. ",0.296
2026-03-19 08:07:30,"Uber, Or Its Fleet Partners, Expected To Purchase 10,000 Fully Autonomous Rivian R2 Robotaxis With Option To Purchase Up To 40,000 More In 2030",,Benzinga,https://finnhub.io/api/news?id=0defd99d623561f555762518b29385006dfce12de627d3924761e2b70b752e18,2026-03-19,"Uber, Or Its Fleet Partners, Expected To Purchase 10,000 Fully Autonomous Rivian R2 Robotaxis With Option To Purchase Up To 40,000 More In 2030. ",0.0
2026-03-19 08:05:57,Uber To Invest Up To $1.25B In Rivian Through 2031,"Uber to invest up to $1.25 billion in Rivian through 2031, subject to the achievement of autonomous performance milestonesUber, or its fleet partners, expected to purchase 10,000 fully autonomous R2 robotaxis with the",Benzinga,https://finnhub.io/api/news?id=7a41bab6fb8ec0a81d3abac0ba985ba9a98ea1928bec2d570ea193022640a2e2,2026-03-19,"Uber To Invest Up To $1.25B In Rivian Through 2031. Uber to invest up to $1.25 billion in Rivian through 2031, subject to the achievement of autonomous performance milestonesUber, or its fleet partners, expected to purchase 10,000 fully autonomous R2 robotaxis with the",0.0
2026-03-17 13:48:50,Rivian Automotive Option Alert: Apr 17 $18 Calls Sweep (8) near the Ask: 2721 @ $0.4 vs 6881 OI; Earnings 5/5 After Close [est] Ref=$15.95,,Benzinga,https://finnhub.io/api/news?id=6a6d7608d30cf699c1c5312ae44064f4e1014233598faa80544d4a907bb2e8cf,2026-03-17,Rivian Automotive Option Alert: Apr 17 $18 Calls Sweep (8) near the Ask: 2721 @ $0.4 vs 6881 OI; Earnings 5/5 After Close [est] Ref=$15.95. ,0.296
2026-03-17 09:04:53,A Global Tesla Challenger Army Is Forming — And Nvidia Is Its Brain,"Nvidia&#39;s DRIVE platform is bringing 20+ automakers and Uber together, forming a global rival ecosystem to Tesla&#39;s robotaxi vision.",Benzinga,https://finnhub.io/api/news?id=b28111bdbd6287870121f5083b9a6553fbc1bcdae56aee225a3a02df9ec94100,2026-03-17,"A Global Tesla Challenger Army Is Forming — And Nvidia Is Its Brain. Nvidia&#39;s DRIVE platform is bringing 20+ automakers and Uber together, forming a global rival ecosystem to Tesla&#39;s robotaxi vision.",0.3612
2026-03-17 07:12:27,Rivian: Why It's Finally Time To Buy (Rating Upgrade),Rivian Automotive's efforts to create in-house chips and agentic AI software should underpin a stock repricing. Learn why RIVN stock is upgraded to a Buy.,SeekingAlpha,https://finnhub.io/api/news?id=f21251fe556d54bb9122c2820ca2db45fc73c6071f6bfc736a3e4ccf7c828617,2026-03-17,Rivian: Why It's Finally Time To Buy (Rating Upgrade). Rivian Automotive's efforts to create in-house chips and agentic AI software should underpin a stock repricing. Learn why RIVN stock is upgraded to a Buy.,0.2732
2026-03-16 17:28:31,"Tesla US Sales Sank 26% In January, But 5 Automakers Saw Electric Vehicle Growth","EV sales saw a sharp decline in the United States for January, but there were some bright spots among smaller EV manufacturers.",Benzinga,https://finnhub.io/api/news?id=b88201f3f1bf816db3724bcce9b210ed273aebf1e0683778f16847c7f0e1957b,2026-03-16,"Tesla US Sales Sank 26% In January, But 5 Automakers Saw Electric Vehicle Growth. EV sales saw a sharp decline in the United States for January, but there were some bright spots among smaller EV manufacturers.",0.899
2026-03-16 12:42:11,What's Going On With Rivian Stock Monday,Rivian (RIVN) stock is surging Monday following a TD Cowen upgrade and the public debut of the R2 SUV at SXSW. Learn why investors are bullish on the new EV.,Benzinga,https://finnhub.io/api/news?id=080bbb74b9d09734127f47ba46505f6bbe00006ae04418c8b9760c4362e87ad2,2026-03-16,What's Going On With Rivian Stock Monday. Rivian (RIVN) stock is surging Monday following a TD Cowen upgrade and the public debut of the R2 SUV at SXSW. Learn why investors are bullish on the new EV.,0.0
2026-03-16 10:44:08,Rivian: Return To Growth In 2026,Rivian (RIVN) Q4â25: gross margins hit 9% as deliveries fell 31% post EV tax credit.,SeekingAlpha,https://finnhub.io/api/news?id=ef4af31e6fe901b8fda4520bdc4d5c534f04993144bea49b78ecba750e9fccfb,2026-03-16,Rivian: Return To Growth In 2026. Rivian (RIVN) Q4â25: gross margins hit 9% as deliveries fell 31% post EV tax credit.,0.2732
2026-03-15 09:20:41,"Consumer Tech News (Mar 9-13): Trump Administration Sues California Over Emissions Targets, Nvidia Announces $26B AI Investment & More","Broadcom, AMD, and Applied Materials expand AI semiconductor capabilities, developing next-gen memory and high-speed networking solutions.",Benzinga,https://finnhub.io/api/news?id=2572090736198773ff5e9640f7e905504de847c3f2c6c98aa1440504458fc311,2026-03-15,"Consumer Tech News (Mar 9-13): Trump Administration Sues California Over Emissions Targets, Nvidia Announces $26B AI Investment & More. Broadcom, AMD, and Applied Materials expand AI semiconductor capabilities, developing next-gen memory and high-speed networking solutions.",0.4588
2026-03-13 15:29:09,Rivian Down 16% In March As CEO Scaringe Bets The Company On A Tesla Model Y Killer,"Rivian unveils R2 SUV, stocks fall 16%. Launch model $13,000 above entry price, cheaper version delayed to 2027. Targeting Tesla&#39;s Model Y.",Benzinga,https://finnhub.io/api/news?id=0201ba8920f9406fa448ca6ef70ed45a91c0596e38b16b96b6b07f594ad2cc93,2026-03-13,"Rivian Down 16% In March As CEO Scaringe Bets The Company On A Tesla Model Y Killer. Rivian unveils R2 SUV, stocks fall 16%. Launch model $13,000 above entry price, cheaper version delayed to 2027. Targeting Tesla&#39;s Model Y.",-0.7351
2026-03-12 14:24:37,"Rivian's Next Big Bet: R2 Electric SUV Promises Speed, Range And Lower Prices","Rivian unveils R2 SUV pricing starting at $45,000. Explore the Performance, Premium, and Standard trims ahead of the 2026 launch.",Benzinga,https://finnhub.io/api/news?id=47aaf6fd83f4435e4a89fa6633dc91cdb565b9f43a18c03d0968cad37ff6749e,2026-03-12,"Rivian's Next Big Bet: R2 Electric SUV Promises Speed, Range And Lower Prices. Rivian unveils R2 SUV pricing starting at $45,000. Explore the Performance, Premium, and Standard trims ahead of the 2026 launch.",0.1027
2026-03-12 13:35:20,10 Consumer Discretionary Stocks Whale Activity In Today's Session, ,Benzinga,https://finnhub.io/api/news?id=20bbdd46d0ed2dc79a05a818ddf7c8ac31370b03d1ddb1b263bf7cf337db932c,2026-03-12,10 Consumer Discretionary Stocks Whale Activity In Today's Session.  ,0.0
2026-03-12 06:58:21,Wall Street Breakfast Podcast: Atlassian Trims Staff For AI,"Stock index futures slide as oil continues to climb amid geopolitical tensions. Atlassian to cut 10% of workforce to invest in AI, enterprise sales. Rivian gains new bull at TD Cowen on R2.",SeekingAlpha,https://finnhub.io/api/news?id=1333f198000af82e53b148a32097c8fdcc7b17899533266994011f1624bc10b9,2026-03-12,"Wall Street Breakfast Podcast: Atlassian Trims Staff For AI. Stock index futures slide as oil continues to climb amid geopolitical tensions. Atlassian to cut 10% of workforce to invest in AI, enterprise sales. Rivian gains new bull at TD Cowen on R2.",-0.34
2026-03-12 03:36:55,RJ Scaringe Says He's Betting On Industrial Robots Instead Of Ones That Can Do Cartwheels As Rivian Spinoff Secures $500 Million Funding,"Rivian Automotive-spun startup Mind Robotics raised $500 million in a Series A round led by Andreessen Horowitz and Accel, reaching a $2 billion valuation as founder RJ Scaringe bets on AI-powered factory robots instead of humanoid designs like those pursued by Tesla.",Benzinga,https://finnhub.io/api/news?id=caa092c1946724b9037f58815057f93985e4b7b34ea4f2c7b1d17c4ae2999841,2026-03-12,"RJ Scaringe Says He's Betting On Industrial Robots Instead Of Ones That Can Do Cartwheels As Rivian Spinoff Secures $500 Million Funding. Rivian Automotive-spun startup Mind Robotics raised $500 million in a Series A round led by Andreessen Horowitz and Accel, reaching a $2 billion valuation as founder RJ Scaringe bets on AI-powered factory robots instead of humanoid designs like those pursued by Tesla.",0.6808
2026-03-10 13:00:26,Rivian: R2 Launch And Technology Advances Create A Long-Term Opportunity,"Rivian (RIVN) Buy thesis: R2 launch, RAP1 AI/autonomy tech, and VW JV fuel EV growth, margin expansion, and licensing upside.",SeekingAlpha,https://finnhub.io/api/news?id=8bde52830291c7f031620c4b11a5039a479a74c0cf2120ba9aff237ed0a76bd6,2026-03-10,"Rivian: R2 Launch And Technology Advances Create A Long-Term Opportunity. Rivian (RIVN) Buy thesis: R2 launch, RAP1 AI/autonomy tech, and VW JV fuel EV growth, margin expansion, and licensing upside.",0.7579
2026-03-10 11:06:07,"Nio, Zevra Therapeutics, Vertex Pharmaceuticals And Other Big Stocks Moving Higher On Tuesday","Dow Jones index up 200 points on Tuesday, NIO Inc. gained following better-than-expected financial results and Capricor Therapeutics announced a new PDUFA date for Deramiocel BLA.",Benzinga,https://finnhub.io/api/news?id=6be28f4d874f477bb5c8ec592e8ff7a886e9c689c0de4931e15b04580a5e3fce,2026-03-10,"Nio, Zevra Therapeutics, Vertex Pharmaceuticals And Other Big Stocks Moving Higher On Tuesday. Dow Jones index up 200 points on Tuesday, NIO Inc. gained following better-than-expected financial results and Capricor Therapeutics announced a new PDUFA date for Deramiocel BLA.",0.3818
2026-03-10 10:59:58,Rivian Stock Jumps As Analyst Sees Massive Demand For Upcoming R2,Rivian (RIVN) shares jumped 9.45% after analyst upgrade and positive demand outlook for R2 SUV launch. Price target raised to $20.,Benzinga,https://finnhub.io/api/news?id=e5c22c9eb7ff5f369669fcd5076fb07d65b05a45b23294d60d1de2cce452fb9a,2026-03-10,Rivian Stock Jumps As Analyst Sees Massive Demand For Upcoming R2. Rivian (RIVN) shares jumped 9.45% after analyst upgrade and positive demand outlook for R2 SUV launch. Price target raised to $20.,0.5859
2026-03-10 09:52:50,Rivian shares are trading higher after TD Cowen upgraded the stock from Hold to Buy and raised its price target from $17 to $20.,,Benzinga,https://finnhub.io/api/news?id=549ef63a58532a8bead1aecea046cb57290fd5816927b0f0c9e343d1e62a8ee5,2026-03-10,Rivian shares are trading higher after TD Cowen upgraded the stock from Hold to Buy and raised its price target from $17 to $20.. ,0.296
2026-03-10 08:32:26,This CrowdStrike Analyst Turns Bullish; Here Are Top 5 Upgrades For Tuesday,"Wall Street analysts upgraded CRWD, ALEC, RIVN, SEDG, and DNTH. See what other analysts say about these stocks. Consider buying CRWD.",Benzinga,https://finnhub.io/api/news?id=b9c59009390916778ee41bfb27fda9b801faf96e6fb47c1c6f54a270b1c4f7bc,2026-03-10,"This CrowdStrike Analyst Turns Bullish; Here Are Top 5 Upgrades For Tuesday. Wall Street analysts upgraded CRWD, ALEC, RIVN, SEDG, and DNTH. See what other analysts say about these stocks. Consider buying CRWD.",0.2023
2026-03-10 08:00:21,16 Analysts Assess Rivian Automotive: What You Need To Know, ,Benzinga,https://finnhub.io/api/news?id=663f840c5731b07eb7c07a80c677a43c05f9b4434cabefcdfcd21d20c2f505f0,2026-03-10,16 Analysts Assess Rivian Automotive: What You Need To Know.  ,0.0
2026-03-10 06:40:58,"TD Cowen Upgrades Rivian Automotive to Buy, Raises Price Target to $20",TD Cowen  analyst Itay Michaeli   upgrades Rivian Automotive (NASDAQ:RIVN) from Hold to Buy and raises the price target from $17 to $20.,Benzinga,https://finnhub.io/api/news?id=ea54cf2a0526202ef51db8155838c127792b51044affeb5b64cff603cc40ac6a,2026-03-10,"TD Cowen Upgrades Rivian Automotive to Buy, Raises Price Target to $20. TD Cowen  analyst Itay Michaeli   upgrades Rivian Automotive (NASDAQ:RIVN) from Hold to Buy and raises the price target from $17 to $20.",0.0
2026-04-10 11:30:22,RIVN Rivian Automotive Option Alert: Sep 18 $17 Calls At The Ask: 6000 @ $2.32 Vs 2507 OI; Earnings 4/30 After Close Ref=$15.675,,Benzinga,https://finnhub.io/api/news?id=132e87db139c701aa041710601ae5c4ef1b850826a54d5bb8398c021815c12be,2026-04-10,RIVN Rivian Automotive Option Alert: Sep 18 $17 Calls At The Ask: 6000 @ $2.32 Vs 2507 OI; Earnings 4/30 After Close Ref=$15.675. ,0.296
2026-04-09 09:50:49,"How Major Investor Settlements Reshape Stock Performance: Electric Last Mile, Opendoor And Others", ,Benzinga,https://finnhub.io/api/news?id=514fa3a189f829f8ef7a21dbd52a67b042bc204e1d46730c6484145566898a14,2026-04-09,"How Major Investor Settlements Reshape Stock Performance: Electric Last Mile, Opendoor And Others.  ",0.0
